Workbook

Sheet Kurs
B2: TCF ACB Sınav Değerlendirme Sistemi (SDS) 2021
B6: Sınava Ait Bilgiler
B9: Kursu veren | C9: : | D9: Türkiye Cimnastik Federasyonu
B11: Eğitmen | C11: :
B13: Şehir | C13: : | D13: ANTALYA
B15: Tarih | C15: : | D15: 44218

Sheet Hakemler
A1: Hakemlere Ait Bilgiler
A3: No. | B3: Soyadı | C3: Adı | D3: Şehir | E3: 14. Dönem brövesi | F3: 15. Dönem brövesi
A4: 1 | B4: Yalçıner | C4: Yunus Emre | D4: İstanbul | E4: ADAY | F4: Bölge
A5: =A4+1 -> 2 | B5: Deneme | C5: Hakem | D5: İstanbul | E5: Bölge | F5: Milli
A6: =A5+1 -> 3
A7: =A6+1 -> 4
A8: =A7+1 -> 5
A9: =A8+1 -> 6
A10: =A9+1 -> 7
A11: =A10+1 -> 8
A12: =A11+1 -> 9
A13: =A12+1 -> 10
A14: =A13+1 -> 11
A15: =A14+1 -> 12
A16: =A15+1 -> 13
A17: =A16+1 -> 14
... A103: =A102+1 -> 100

Sheet AtM_D
A1: ATLAMA MASASI - D Puanı
A2: No. | B2: Soyadı | C2: Adı | D2: D1 | F2: D2 | H2: D3 | J2: D4 | L2: D5 | N2: D6 | P2: D7 | R2: D8 | T2: D9 | V2: D10
D3: D1 | E3: P | F3: D2 | G3: P | H3: D3 | I3: P | J3: D4 | K3: P | L3: D5 | M3: P | N3: D5 | O3: P | P3: D5 | Q3: P | R3: D5 | S3: P | T3: D5 | U3: P | V3: D5 | W3: P | X3: Ortalama
A4: 1 | B4: =Hakemler!B4 -> Yalçıner | C4: =Hakemler!C4 -> Yunus Emre | D4: 5.4 | E4: =IF(D4=Uzman_D!$B$24,1,0) -> 1 | F4: 4.6 | G4: =IF(F4=Uzman_D!$B$25,1,0) -> 1 | H4: 4.2 | I4: =IF(H4=Uzman_D!$B$26,1,0) -> 1 | J4: 3.8 | K4: =IF(J4=Uzman_D!$B$27,1,0) -> 1 | L4: 5.2 | M4: =IF(L4=Uzman_D!$B$28,1,0) -> 1 | O4: =IF(N4=Uzman_D!$B$29,1,0) -> 1 | Q4: =IF(P4=Uzman_D!$B$30,1,0) -> 1 | S4: =IF(R4=Uzman_D!$B$31,1,0) -> 1 | U4: =IF(T4=Uzman_D!$B$32,1,0) -> 1 | W4: =IF(V4=Uzman_D!$B$33,1,0) -> 1 | X4: =(E4+G4+I4+K4+M4+O4+Q4+S4+U4+W4)/10 -> 1
A5: 2 | B5: =Hakemler!B5 -> Deneme | C5: =Hakemler!C5 -> Hakem | E5: =IF(D5=Uzman_D!$B$24,1,0) -> 0 | G5: =IF(F5=Uzman_D!$B$25,1,0) -> 0 | I5: =IF(H5=Uzman_D!$B$26,1,0) -> 0 | K5: =IF(J5=Uzman_D!$B$27,1,0) -> 0 | M5: =IF(L5=Uzman_D!$B$28,1,0) -> 0 | O5: =IF(N5=Uzman_D!$B$29,1,0) -> 1 | Q5: =IF(P5=Uzman_D!$B$30,1,0) -> 1 | S5: =IF(R5=Uzman_D!$B$31,1,0) -> 1 | U5: =IF(T5=Uzman_D!$B$32,1,0) -> 1 | W5: =IF(V5=Uzman_D!$B$33,1,0) -> 1 | X5: =(E5+G5+I5+K5+M5+O5+Q5+S5+U5+W5)/10 -> 0.5
A6: 3 | B6: =Hakemler!B6 -> 0 | C6: =Hakemler!C6 -> 0 | E6: =IF(D6=Uzman_D!$B$24,1,0) -> 0 | G6: =IF(F6=Uzman_D!$B$25,1,0) -> 0 | I6: =IF(H6=Uzman_D!$B$26,1,0) -> 0 | K6: =IF(J6=Uzman_D!$B$27,1,0) -> 0 | M6: =IF(L6=Uzman_D!$B$28,1,0) -> 0 | O6: =IF(N6=Uzman_D!$B$29,1,0) -> 1 | Q6: =IF(P6=Uzman_D!$B$30,1,0) -> 1 | S6: =IF(R6=Uzman_D!$B$31,1,0) -> 1 | U6: =IF(T6=Uzman_D!$B$32,1,0) -> 1 | W6: =IF(V6=Uzman_D!$B$33,1,0) -> 1 | X6: =(E6+G6+I6+K6+M6+O6+Q6+S6+U6+W6)/10 -> 0.5
A7: 4 | B7: =Hakemler!B7 -> 0 | C7: =Hakemler!C7 -> 0 | E7: =IF(D7=Uzman_D!$B$24,1,0) -> 0 | G7: =IF(F7=Uzman_D!$B$25,1,0) -> 0 | I7: =IF(H7=Uzman_D!$B$26,1,0) -> 0 | K7: =IF(J7=Uzman_D!$B$27,1,0) -> 0 | M7: =IF(L7=Uzman_D!$B$28,1,0) -> 0 | O7: =IF(N7=Uzman_D!$B$29,1,0) -> 1 | Q7: =IF(P7=Uzman_D!$B$30,1,0) -> 1 | S7: =IF(R7=Uzman_D!$B$31,1,0) -> 1 | U7: =IF(T7=Uzman_D!$B$32,1,0) -> 1 | W7: =IF(V7=Uzman_D!$B$33,1,0) -> 1 | X7: =(E7+G7+I7+K7+M7+O7+Q7+S7+U7+W7)/10 -> 0.5
A8: 5 | B8: =Hakemler!B8 -> 0 | C8: =Hakemler!C8 -> 0 | E8: =IF(D8=Uzman_D!$B$24,1,0) -> 0 | G8: =IF(F8=Uzman_D!$B$25,1,0) -> 0 | I8: =IF(H8=Uzman_D!$B$26,1,0) -> 0 | K8: =IF(J8=Uzman_D!$B$27,1,0) -> 0 | M8: =IF(L8=Uzman_D!$B$28,1,0) -> 0 | O8: =IF(N8=Uzman_D!$B$29,1,0) -> 1 | Q8: =IF(P8=Uzman_D!$B$30,1,0) -> 1 | S8: =IF(R8=Uzman_D!$B$31,1,0) -> 1 | U8: =IF(T8=Uzman_D!$B$32,1,0) -> 1 | W8: =IF(V8=Uzman_D!$B$33,1,0) -> 1 | X8: =(E8+G8+I8+K8+M8+O8+Q8+S8+U8+W8)/10 -> 0.5
A9: 6 | B9: =Hakemler!B9 -> 0 | C9: =Hakemler!C9 -> 0 | E9: =IF(D9=Uzman_D!$B$24,1,0) -> 0 | G9: =IF(F9=Uzman_D!$B$25,1,0) -> 0 | I9: =IF(H9=Uzman_D!$B$26,1,0) -> 0 | K9: =IF(J9=Uzman_D!$B$27,1,0) -> 0 | M9: =IF(L9=Uzman_D!$B$28,1,0) -> 0 | O9: =IF(N9=Uzman_D!$B$29,1,0) -> 1 | Q9: =IF(P9=Uzman_D!$B$30,1,0) -> 1 | S9: =IF(R9=Uzman_D!$B$31,1,0) -> 1 | U9: =IF(T9=Uzman_D!$B$32,1,0) -> 1 | W9: =IF(V9=Uzman_D!$B$33,1,0) -> 1 | X9: =(E9+G9+I9+K9+M9+O9+Q9+S9+U9+W9)/10 -> 0.5
A10: 7 | B10: =Hakemler!B10 -> 0 | C10: =Hakemler!C10 -> 0 | E10: =IF(D10=Uzman_D!$B$24,1,0) -> 0 | G10: =IF(F10=Uzman_D!$B$25,1,0) -> 0 | I10: =IF(H10=Uzman_D!$B$26,1,0) -> 0 | K10: =IF(J10=Uzman_D!$B$27,1,0) -> 0 | M10: =IF(L10=Uzman_D!$B$28,1,0) -> 0 | O10: =IF(N10=Uzman_D!$B$29,1,0) -> 1 | Q10: =IF(P10=Uzman_D!$B$30,1,0) -> 1 | S10: =IF(R10=Uzman_D!$B$31,1,0) -> 1 | U10: =IF(T10=Uzman_D!$B$32,1,0) -> 1 | W10: =IF(V10=Uzman_D!$B$33,1,0) -> 1 | X10: =(E10+G10+I10+K10+M10+O10+Q10+S10+U10+W10)/10 -> 0.5
A11: 8 | B11: =Hakemler!B11 -> 0 | C11: =Hakemler!C11 -> 0 | E11: =IF(D11=Uzman_D!$B$24,1,0) -> 0 | G11: =IF(F11=Uzman_D!$B$25,1,0) -> 0 | I11: =IF(H11=Uzman_D!$B$26,1,0) -> 0 | K11: =IF(J11=Uzman_D!$B$27,1,0) -> 0 | M11: =IF(L11=Uzman_D!$B$28,1,0) -> 0 | O11: =IF(N11=Uzman_D!$B$29,1,0) -> 1 | Q11: =IF(P11=Uzman_D!$B$30,1,0) -> 1 | S11: =IF(R11=Uzman_D!$B$31,1,0) -> 1 | U11: =IF(T11=Uzman_D!$B$32,1,0) -> 1 | W11: =IF(V11=Uzman_D!$B$33,1,0) -> 1 | X11: =(E11+G11+I11+K11+M11+O11+Q11+S11+U11+W11)/10 -> 0.5
A12: 9 | B12: =Hakemler!B12 -> 0 | C12: =Hakemler!C12 -> 0 | E12: =IF(D12=Uzman_D!$B$24,1,0) -> 0 | G12: =IF(F12=Uzman_D!$B$25,1,0) -> 0 | I12: =IF(H12=Uzman_D!$B$26,1,0) -> 0 | K12: =IF(J12=Uzman_D!$B$27,1,0) -> 0 | M12: =IF(L12=Uzman_D!$B$28,1,0) -> 0 | O12: =IF(N12=Uzman_D!$B$29,1,0) -> 1 | Q12: =IF(P12=Uzman_D!$B$30,1,0) -> 1 | S12: =IF(R12=Uzman_D!$B$31,1,0) -> 1 | U12: =IF(T12=Uzman_D!$B$32,1,0) -> 1 | W12: =IF(V12=Uzman_D!$B$33,1,0) -> 1 | X12: =(E12+G12+I12+K12+M12+O12+Q12+S12+U12+W12)/10 -> 0.5
A13: 10 | B13: =Hakemler!B13 -> 0 | C13: =Hakemler!C13 -> 0 | E13: =IF(D13=Uzman_D!$B$24,1,0) -> 0 | G13: =IF(F13=Uzman_D!$B$25,1,0) -> 0 | I13: =IF(H13=Uzman_D!$B$26,1,0) -> 0 | K13: =IF(J13=Uzman_D!$B$27,1,0) -> 0 | M13: =IF(L13=Uzman_D!$B$28,1,0) -> 0 | O13: =IF(N13=Uzman_D!$B$29,1,0) -> 1 | Q13: =IF(P13=Uzman_D!$B$30,1,0) -> 1 | S13: =IF(R13=Uzman_D!$B$31,1,0) -> 1 | U13: =IF(T13=Uzman_D!$B$32,1,0) -> 1 | W13: =IF(V13=Uzman_D!$B$33,1,0) -> 1 | X13: =(E13+G13+I13+K13+M13+O13+Q13+S13+U13+W13)/10 -> 0.5
A14: 11 | B14: =Hakemler!B14 -> 0 | C14: =Hakemler!C14 -> 0 | E14: =IF(D14=Uzman_D!$B$24,1,0) -> 0 | G14: =IF(F14=Uzman_D!$B$25,1,0) -> 0 | I14: =IF(H14=Uzman_D!$B$26,1,0) -> 0 | K14: =IF(J14=Uzman_D!$B$27,1,0) -> 0 | M14: =IF(L14=Uzman_D!$B$28,1,0) -> 0 | O14: =IF(N14=Uzman_D!$B$29,1,0) -> 1 | Q14: =IF(P14=Uzman_D!$B$30,1,0) -> 1 | S14: =IF(R14=Uzman_D!$B$31,1,0) -> 1 | U14: =IF(T14=Uzman_D!$B$32,1,0) -> 1 | W14: =IF(V14=Uzman_D!$B$33,1,0) -> 1 | X14: =(E14+G14+I14+K14+M14+O14+Q14+S14+U14+W14)/10 -> 0.5
A15: 12 | B15: =Hakemler!B15 -> 0 | C15: =Hakemler!C15 -> 0 | E15: =IF(D15=Uzman_D!$B$24,1,0) -> 0 | G15: =IF(F15=Uzman_D!$B$25,1,0) -> 0 | I15: =IF(H15=Uzman_D!$B$26,1,0) -> 0 | K15: =IF(J15=Uzman_D!$B$27,1,0) -> 0 | M15: =IF(L15=Uzman_D!$B$28,1,0) -> 0 | O15: =IF(N15=Uzman_D!$B$29,1,0) -> 1 | Q15: =IF(P15=Uzman_D!$B$30,1,0) -> 1 | S15: =IF(R15=Uzman_D!$B$31,1,0) -> 1 | U15: =IF(T15=Uzman_D!$B$32,1,0) -> 1 | W15: =IF(V15=Uzman_D!$B$33,1,0) -> 1 | X15: =(E15+G15+I15+K15+M15+O15+Q15+S15+U15+W15)/10 -> 0.5
A16: 13 | B16: =Hakemler!B16 -> 0 | C16: =Hakemler!C16 -> 0 | E16: =IF(D16=Uzman_D!$B$24,1,0) -> 0 | G16: =IF(F16=Uzman_D!$B$25,1,0) -> 0 | I16: =IF(H16=Uzman_D!$B$26,1,0) -> 0 | K16: =IF(J16=Uzman_D!$B$27,1,0) -> 0 | M16: =IF(L16=Uzman_D!$B$28,1,0) -> 0 | O16: =IF(N16=Uzman_D!$B$29,1,0) -> 1 | Q16: =IF(P16=Uzman_D!$B$30,1,0) -> 1 | S16: =IF(R16=Uzman_D!$B$31,1,0) -> 1 | U16: =IF(T16=Uzman_D!$B$32,1,0) -> 1 | W16: =IF(V16=Uzman_D!$B$33,1,0) -> 1 | X16: =(E16+G16+I16+K16+M16+O16+Q16+S16+U16+W16)/10 -> 0.5
... A103: 100 | B103: =Hakemler!B103 -> 0 | C103: =Hakemler!C103 -> 0 | E103: =IF(D103=Uzman_D!$B$24,1,0) -> 0 | G103: =IF(F103=Uzman_D!$B$25,1,0) -> 0 | I103: =IF(H103=Uzman_D!$B$26,1,0) -> 0 | K103: =IF(J103=Uzman_D!$B$27,1,0) -> 0 | M103: =IF(L103=Uzman_D!$B$28,1,0) -> 0 | O103: =IF(N103=Uzman_D!$B$29,1,0) -> 1 | Q103: =IF(P103=Uzman_D!$B$30,1,0) -> 1 | S103: =IF(R103=Uzman_D!$B$31,1,0) -> 1 | U103: =IF(T103=Uzman_D!$B$32,1,0) -> 1 | W103: =IF(V103=Uzman_D!$B$33,1,0) -> 1 | X103: =(E103+G103+I103+K103+M103+O103+Q103+S103+U103+W103)/10 -> 0.5

Sheet AtM_E
A1: ATLAMA MASASI - E Puanı
A2: No. | B2: Soyadı | C2: Adı | D2: E1 | G2: E2 | J2: E3 | M2: E4 | P2: E5
D3: E1 | E3: Hata | F3: P | G3: E2 | H3: Hata | I3: P | J3: E3 | K3: Hata | L3: P | M3: E4 | N3: Hata | O3: P | P3: E5 | Q3: Hata | R3: P | S3: Ortalama
A4: 1 | B4: =Hakemler!B4 -> Yalçıner | C4: =Hakemler!C4 -> Yunus Emre | D4: 2.3 | E4: =IF(ISBLANK(D4),0,ABS(Uzman_E!A$4-D4)) -> 0.6 | F4: =IF(ISBLANK(D4),0,INDEX(Tablo_E!$B$2:$CX$102,MATCH(ROUND(Uzman_E!A$4,1),Tablo_E!$A$2:$A$102,1),MATCH(ROUND(E4,1),Tablo_E!$B$1:$CX$1,1))) -> 0.7 | G4: 1.2 | H4: =IF(ISBLANK(G4),0,ABS(Uzman_E!B$4-G4)) -> 0.3 | I4: =IF(ISBLANK(G4),0,INDEX(Tablo_E!$B$2:$CX$102,MATCH(ROUND(Uzman_E!B$4,1),Tablo_E!$A$2:$A$102,1),MATCH(ROUND(H4,1),Tablo_E!$B$1:$CX$1,1))) -> 0.9 | J4: 1.4 | K4: =IF(ISBLANK(J4),0,ABS(Uzman_E!C$4-J4)) -> 0.1 | L4: =IF(ISBLANK(J4),0,INDEX(Tablo_E!$B$2:$CX$102,MATCH(ROUND(Uzman_E!C$4,1),Tablo_E!$A$2:$A$102,1),MATCH(ROUND(K4,1),Tablo_E!$B$1:$CX$1,1))) -> 1 | M4: 1.7 | N4: =IF(ISBLANK(M4),0,ABS(Uzman_E!D$4-M4)) -> 0.4 | O4: =IF(ISBLANK(M4),0,INDEX(Tablo_E!$B$2:$CX$102,MATCH(ROUND(Uzman_E!D$4,1),Tablo_E!$A$2:$A$102,1),MATCH(ROUND(N4,1),Tablo_E!$B$1:$CX$1,1))) -> 0.8 | P4: 0.8 | Q4: =IF(ISBLANK(P4),0,ABS(Uzman_E!E$4-P4)) -> 0.2 | R4: =IF(ISBLANK(P4),0,INDEX(Tablo_E!$B$2:$CX$102,MATCH(ROUND(Uzman_E!B$4,1),Tablo_E!$A$2:$A$102,1),MATCH(ROUND(Q4,1),Tablo_E!$B$1:$CX$1,1))) -> 1 | S4: =(F4+I4+L4+O4+R4)/5 -> 0.88
A5: 2 | B5: =Hakemler!B5 -> Deneme | C5: =Hakemler!C5 -> Hakem | D5: 1 | E5: =IF(ISBLANK(D5),0,ABS(Uzman_E!A$4-D5)) -> 0.7 | F5: =IF(ISBLANK(D5),0,INDEX(Tablo_E!$B$2:$CX$102,MATCH(ROUND(Uzman_E!A$4,1),Tablo_E!$A$2:$A$102,1),MATCH(ROUND(E5,1),Tablo_E!$B$1:$CX$1,1))) -> 0.6 | H5: =IF(ISBLANK(G5),0,ABS(Uzman_E!B$4-G5)) -> 0 | I5: =IF(ISBLANK(G5),0,INDEX(Tablo_E!$B$2:$CX$102,MATCH(ROUND(Uzman_E!B$4,1),Tablo_E!$A$2:$A$102,1),MATCH(ROUND(H5,1),Tablo_E!$B$1:$CX$1,1))) -> 0 | K5: =IF(ISBLANK(J5),0,ABS(Uzman_E!C$4-J5)) -> 0 | L5: =IF(ISBLANK(J5),0,INDEX(Tablo_E!$B$2:$CX$102,MATCH(ROUND(Uzman_E!C$4,1),Tablo_E!$A$2:$A$102,1),MATCH(ROUND(K5,1),Tablo_E!$B$1:$CX$1,1))) -> 0 | N5: =IF(ISBLANK(M5),0,ABS(Uzman_E!D$4-M5)) -> 0 | O5: =IF(ISBLANK(M5),0,INDEX(Tablo_E!$B$2:$CX$102,MATCH(ROUND(Uzman_E!D$4,1),Tablo_E!$A$2:$A$102,1),MATCH(ROUND(N5,1),Tablo_E!$B$1:$CX$1,1))) -> 0 | P5: 1 | Q5: =IF(ISBLANK(P5),0,ABS(Uzman_E!E$4-P5)) -> 0 | R5: =IF(ISBLANK(P5),0,INDEX(Tablo_E!$B$2:$CX$102,MATCH(ROUND(Uzman_E!B$4,1),Tablo_E!$A$2:$A$102,1),MATCH(ROUND(Q5,1),Tablo_E!$B$1:$CX$1,1))) -> 1 | S5: =(F5+I5+L5+O5+R5)/5 -> 0.32
A6: 3 | B6: =Hakemler!B6 -> 0 | C6: =Hakemler!C6 -> 0 | E6: =IF(ISBLANK(D6),0,ABS(Uzman_E!A$4-D6)) -> 0 | F6: =IF(ISBLANK(D6),0,INDEX(Tablo_E!$B$2:$CX$102,MATCH(ROUND(Uzman_E!A$4,1),Tablo_E!$A$2:$A$102,1),MATCH(ROUND(E6,1),Tablo_E!$B$1:$CX$1,1))) -> 0 | H6: =IF(ISBLANK(G6),0,ABS(Uzman_E!B$4-G6)) -> 0 | I6: =IF(ISBLANK(G6),0,INDEX(Tablo_E!$B$2:$CX$102,MATCH(ROUND(Uzman_E!B$4,1),Tablo_E!$A$2:$A$102,1),MATCH(ROUND(H6,1),Tablo_E!$B$1:$CX$1,1))) -> 0 | J6: 3 | K6: =IF(ISBLANK(J6),0,ABS(Uzman_E!C$4-J6)) -> 1.5 | L6: =IF(ISBLANK(J6),0,INDEX(Tablo_E!$B$2:$CX$102,MATCH(ROUND(Uzman_E!C$4,1),Tablo_E!$A$2:$A$102,1),MATCH(ROUND(K6,1),Tablo_E!$B$1:$CX$1,1))) -> 0 | N6: =IF(ISBLANK(M6),0,ABS(Uzman_E!D$4-M6)) -> 0 | O6: =IF(ISBLANK(M6),0,INDEX(Tablo_E!$B$2:$CX$102,MATCH(ROUND(Uzman_E!D$4,1),Tablo_E!$A$2:$A$102,1),MATCH(ROUND(N6,1),Tablo_E!$B$1:$CX$1,1))) -> 0 | P6: 1.2 | Q6: =IF(ISBLANK(P6),0,ABS(Uzman_E!E$4-P6)) -> 0.2 | R6: =IF(ISBLANK(P6),0,INDEX(Tablo_E!$B$2:$CX$102,MATCH(ROUND(Uzman_E!B$4,1),Tablo_E!$A$2:$A$102,1),MATCH(ROUND(Q6,1),Tablo_E!$B$1:$CX$1,1))) -> 1 | S6: =(F6+I6+L6+O6+R6)/5 -> 0.2
A7: 4 | B7: =Hakemler!B7 -> 0 | C7: =Hakemler!C7 -> 0 | E7: =IF(ISBLANK(D7),0,ABS(Uzman_E!A$4-D7)) -> 0 | F7: =IF(ISBLANK(D7),0,INDEX(Tablo_E!$B$2:$CX$102,MATCH(ROUND(Uzman_E!A$4,1),Tablo_E!$A$2:$A$102,1),MATCH(ROUND(E7,1),Tablo_E!$B$1:$CX$1,1))) -> 0 | G7: 2 | H7: =IF(ISBLANK(G7),0,ABS(Uzman_E!B$4-G7)) -> 0.5 | I7: =IF(ISBLANK(G7),0,INDEX(Tablo_E!$B$2:$CX$102,MATCH(ROUND(Uzman_E!B$4,1),Tablo_E!$A$2:$A$102,1),MATCH(ROUND(H7,1),Tablo_E!$B$1:$CX$1,1))) -> 0.7 | J7: 2 | K7: =IF(ISBLANK(J7),0,ABS(Uzman_E!C$4-J7)) -> 0.5 | L7: =IF(ISBLANK(J7),0,INDEX(Tablo_E!$B$2:$CX$102,MATCH(ROUND(Uzman_E!C$4,1),Tablo_E!$A$2:$A$102,1),MATCH(ROUND(K7,1),Tablo_E!$B$1:$CX$1,1))) -> 0.7 | N7: =IF(ISBLANK(M7),0,ABS(Uzman_E!D$4-M7)) -> 0 | O7: =IF(ISBLANK(M7),0,INDEX(Tablo_E!$B$2:$CX$102,MATCH(ROUND(Uzman_E!D$4,1),Tablo_E!$A$2:$A$102,1),MATCH(ROUND(N7,1),Tablo_E!$B$1:$CX$1,1))) -> 0 | P7: 1.4 | Q7: =IF(ISBLANK(P7),0,ABS(Uzman_E!E$4-P7)) -> 0.4 | R7: =IF(ISBLANK(P7),0,INDEX(Tablo_E!$B$2:$CX$102,MATCH(ROUND(Uzman_E!B$4,1),Tablo_E!$A$2:$A$102,1),MATCH(ROUND(Q7,1),Tablo_E!$B$1:$CX$1,1))) -> 0.8 | S7: =(F7+I7+L7+O7+R7)/5 -> 0.44
A8: 5 | B8: =Hakemler!B8 -> 0 | C8: =Hakemler!C8 -> 0 | E8: =IF(ISBLANK(D8),0,ABS(Uzman_E!A$4-D8)) -> 0 | F8: =IF(ISBLANK(D8),0,INDEX(Tablo_E!$B$2:$CX$102,MATCH(ROUND(Uzman_E!A$4,1),Tablo_E!$A$2:$A$102,1),MATCH(ROUND(E8,1),Tablo_E!$B$1:$CX$1,1))) -> 0 | G8: 1.2 | H8: =IF(ISBLANK(G8),0,ABS(Uzman_E!B$4-G8)) -> 0.3 | I8: =IF(ISBLANK(G8),0,INDEX(Tablo_E!$B$2:$CX$102,MATCH(ROUND(Uzman_E!B$4,1),Tablo_E!$A$2:$A$102,1),MATCH(ROUND(H8,1),Tablo_E!$B$1:$CX$1,1))) -> 0.9 | J8: 1 | K8: =IF(ISBLANK(J8),0,ABS(Uzman_E!C$4-J8)) -> 0.5 | L8: =IF(ISBLANK(J8),0,INDEX(Tablo_E!$B$2:$CX$102,MATCH(ROUND(Uzman_E!C$4,1),Tablo_E!$A$2:$A$102,1),MATCH(ROUND(K8,1),Tablo_E!$B$1:$CX$1,1))) -> 0.7 | N8: =IF(ISBLANK(M8),0,ABS(Uzman_E!D$4-M8)) -> 0 | O8: =IF(ISBLANK(M8),0,INDEX(Tablo_E!$B$2:$CX$102,MATCH(ROUND(Uzman_E!D$4,1),Tablo_E!$A$2:$A$102,1),MATCH(ROUND(N8,1),Tablo_E!$B$1:$CX$1,1))) -> 0 | Q8: =IF(ISBLANK(P8),0,ABS(Uzman_E!E$4-P8)) -> 0 | R8: =IF(ISBLANK(P8),0,INDEX(Tablo_E!$B$2:$CX$102,MATCH(ROUND(Uzman_E!B$4,1),Tablo_E!$A$2:$A$102,1),MATCH(ROUND(Q8,1),Tablo_E!$B$1:$CX$1,1))) -> 0 | S8: =(F8+I8+L8+O8+R8)/5 -> 0.32
A9: 6 | B9: =Hakemler!B9 -> 0 | C9: =Hakemler!C9 -> 0 | E9: =IF(ISBLANK(D9),0,ABS(Uzman_E!A$4-D9)) -> 0 | F9: =IF(ISBLANK(D9),0,INDEX(Tablo_E!$B$2:$CX$102,MATCH(ROUND(Uzman_E!A$4,1),Tablo_E!$A$2:$A$102,1),MATCH(ROUND(E9,1),Tablo_E!$B$1:$CX$1,1))) -> 0 | G9: 1 | H9: =IF(ISBLANK(G9),0,ABS(Uzman_E!B$4-G9)) -> 0.5 | I9: =IF(ISBLANK(G9),0,INDEX(Tablo_E!$B$2:$CX$102,MATCH(ROUND(Uzman_E!B$4,1),Tablo_E!$A$2:$A$102,1),MATCH(ROUND(H9,1),Tablo_E!$B$1:$CX$1,1))) -> 0.7 | J9: 5 | K9: =IF(ISBLANK(J9),0,ABS(Uzman_E!C$4-J9)) -> 3.5 | L9: =IF(ISBLANK(J9),0,INDEX(Tablo_E!$B$2:$CX$102,MATCH(ROUND(Uzman_E!C$4,1),Tablo_E!$A$2:$A$102,1),MATCH(ROUND(K9,1),Tablo_E!$B$1:$CX$1,1))) -> 0 | N9: =IF(ISBLANK(M9),0,ABS(Uzman_E!D$4-M9)) -> 0 | O9: =IF(ISBLANK(M9),0,INDEX(Tablo_E!$B$2:$CX$102,MATCH(ROUND(Uzman_E!D$4,1),Tablo_E!$A$2:$A$102,1),MATCH(ROUND(N9,1),Tablo_E!$B$1:$CX$1,1))) -> 0 | Q9: =IF(ISBLANK(P9),0,ABS(Uzman_E!E$4-P9)) -> 0 | R9: =IF(ISBLANK(P9),0,INDEX(Tablo_E!$B$2:$CX$102,MATCH(ROUND(Uzman_E!B$4,1),Tablo_E!$A$2:$A$102,1),MATCH(ROUND(Q9,1),Tablo_E!$B$1:$CX$1,1))) -> 0 | S9: =(F9+I9+L9+O9+R9)/5 -> 0.14
A10: 7 | B10: =Hakemler!B10 -> 0 | C10: =Hakemler!C10 -> 0 | E10: =IF(ISBLANK(D10),0,ABS(Uzman_E!A$4-D10)) -> 0 | F10: =IF(ISBLANK(D10),0,INDEX(Tablo_E!$B$2:$CX$102,MATCH(ROUND(Uzman_E!A$4,1),Tablo_E!$A$2:$A$102,1),MATCH(ROUND(E10,1),Tablo_E!$B$1:$CX$1,1))) -> 0 | G10: 1.5 | H10: =IF(ISBLANK(G10),0,ABS(Uzman_E!B$4-G10)) -> 0 | I10: =IF(ISBLANK(G10),0,INDEX(Tablo_E!$B$2:$CX$102,MATCH(ROUND(Uzman_E!B$4,1),Tablo_E!$A$2:$A$102,1),MATCH(ROUND(H10,1),Tablo_E!$B$1:$CX$1,1))) -> 1 | J10: 4 | K10: =IF(ISBLANK(J10),0,ABS(Uzman_E!C$4-J10)) -> 2.5 | L10: =IF(ISBLANK(J10),0,INDEX(Tablo_E!$B$2:$CX$102,MATCH(ROUND(Uzman_E!C$4,1),Tablo_E!$A$2:$A$102,1),MATCH(ROUND(K10,1),Tablo_E!$B$1:$CX$1,1))) -> 0 | N10: =IF(ISBLANK(M10),0,ABS(Uzman_E!D$4-M10)) -> 0 | O10: =IF(ISBLANK(M10),0,INDEX(Tablo_E!$B$2:$CX$102,MATCH(ROUND(Uzman_E!D$4,1),Tablo_E!$A$2:$A$102,1),MATCH(ROUND(N10,1),Tablo_E!$B$1:$CX$1,1))) -> 0 | Q10: =IF(ISBLANK(P10),0,ABS(Uzman_E!E$4-P10)) -> 0 | R10: =IF(ISBLANK(P10),0,INDEX(Tablo_E!$B$2:$CX$102,MATCH(ROUND(Uzman_E!B$4,1),Tablo_E!$A$2:$A$102,1),MATCH(ROUND(Q10,1),Tablo_E!$B$1:$CX$1,1))) -> 0 | S10: =(F10+I10+L10+O10+R10)/5 -> 0.2
A11: 8 | B11: =Hakemler!B11 -> 0 | C11: =Hakemler!C11 -> 0 | E11: =IF(ISBLANK(D11),0,ABS(Uzman_E!A$4-D11)) -> 0 | F11: =IF(ISBLANK(D11),0,INDEX(Tablo_E!$B$2:$CX$102,MATCH(ROUND(Uzman_E!A$4,1),Tablo_E!$A$2:$A$102,1),MATCH(ROUND(E11,1),Tablo_E!$B$1:$CX$1,1))) -> 0 | H11: =IF(ISBLANK(G11),0,ABS(Uzman_E!B$4-G11)) -> 0 | I11: =IF(ISBLANK(G11),0,INDEX(Tablo_E!$B$2:$CX$102,MATCH(ROUND(Uzman_E!B$4,1),Tablo_E!$A$2:$A$102,1),MATCH(ROUND(H11,1),Tablo_E!$B$1:$CX$1,1))) -> 0 | K11: =IF(ISBLANK(J11),0,ABS(Uzman_E!C$4-J11)) -> 0 | L11: =IF(ISBLANK(J11),0,INDEX(Tablo_E!$B$2:$CX$102,MATCH(ROUND(Uzman_E!C$4,1),Tablo_E!$A$2:$A$102,1),MATCH(ROUND(K11,1),Tablo_E!$B$1:$CX$1,1))) -> 0 | N11: =IF(ISBLANK(M11),0,ABS(Uzman_E!D$4-M11)) -> 0 | O11: =IF(ISBLANK(M11),0,INDEX(Tablo_E!$B$2:$CX$102,MATCH(ROUND(Uzman_E!D$4,1),Tablo_E!$A$2:$A$102,1),MATCH(ROUND(N11,1),Tablo_E!$B$1:$CX$1,1))) -> 0 | Q11: =IF(ISBLANK(P11),0,ABS(Uzman_E!E$4-P11)) -> 0 | R11: =IF(ISBLANK(P11),0,INDEX(Tablo_E!$B$2:$CX$102,MATCH(ROUND(Uzman_E!B$4,1),Tablo_E!$A$2:$A$102,1),MATCH(ROUND(Q11,1),Tablo_E!$B$1:$CX$1,1))) -> 0 | S11: =(F11+I11+L11+O11+R11)/5 -> 0
A12: 9 | B12: =Hakemler!B12 -> 0 | C12: =Hakemler!C12 -> 0 | E12: =IF(ISBLANK(D12),0,ABS(Uzman_E!A$4-D12)) -> 0 | F12: =IF(ISBLANK(D12),0,INDEX(Tablo_E!$B$2:$CX$102,MATCH(ROUND(Uzman_E!A$4,1),Tablo_E!$A$2:$A$102,1),MATCH(ROUND(E12,1),Tablo_E!$B$1:$CX$1,1))) -> 0 | H12: =IF(ISBLANK(G12),0,ABS(Uzman_E!B$4-G12)) -> 0 | I12: =IF(ISBLANK(G12),0,INDEX(Tablo_E!$B$2:$CX$102,MATCH(ROUND(Uzman_E!B$4,1),Tablo_E!$A$2:$A$102,1),MATCH(ROUND(H12,1),Tablo_E!$B$1:$CX$1,1))) -> 0 | J12: 3 | K12: =IF(ISBLANK(J12),0,ABS(Uzman_E!C$4-J12)) -> 1.5 | L12: =IF(ISBLANK(J12),0,INDEX(Tablo_E!$B$2:$CX$102,MATCH(ROUND(Uzman_E!C$4,1),Tablo_E!$A$2:$A$102,1),MATCH(ROUND(K12,1),Tablo_E!$B$1:$CX$1,1))) -> 0 | N12: =IF(ISBLANK(M12),0,ABS(Uzman_E!D$4-M12)) -> 0 | O12: =IF(ISBLANK(M12),0,INDEX(Tablo_E!$B$2:$CX$102,MATCH(ROUND(Uzman_E!D$4,1),Tablo_E!$A$2:$A$102,1),MATCH(ROUND(N12,1),Tablo_E!$B$1:$CX$1,1))) -> 0 | Q12: =IF(ISBLANK(P12),0,ABS(Uzman_E!E$4-P12)) -> 0 | R12: =IF(ISBLANK(P12),0,INDEX(Tablo_E!$B$2:$CX$102,MATCH(ROUND(Uzman_E!B$4,1),Tablo_E!$A$2:$A$102,1),MATCH(ROUND(Q12,1),Tablo_E!$B$1:$CX$1,1))) -> 0 | S12: =(F12+I12+L12+O12+R12)/5 -> 0
A13: 10 | B13: =Hakemler!B13 -> 0 | C13: =Hakemler!C13 -> 0 | E13: =IF(ISBLANK(D13),0,ABS(Uzman_E!A$4-D13)) -> 0 | F13: =IF(ISBLANK(D13),0,INDEX(Tablo_E!$B$2:$CX$102,MATCH(ROUND(Uzman_E!A$4,1),Tablo_E!$A$2:$A$102,1),MATCH(ROUND(E13,1),Tablo_E!$B$1:$CX$1,1))) -> 0 | H13: =IF(ISBLANK(G13),0,ABS(Uzman_E!B$4-G13)) -> 0 | I13: =IF(ISBLANK(G13),0,INDEX(Tablo_E!$B$2:$CX$102,MATCH(ROUND(Uzman_E!B$4,1),Tablo_E!$A$2:$A$102,1),MATCH(ROUND(H13,1),Tablo_E!$B$1:$CX$1,1))) -> 0 | J13: 1.1 | K13: =IF(ISBLANK(J13),0,ABS(Uzman_E!C$4-J13)) -> 0.4 | L13: =IF(ISBLANK(J13),0,INDEX(Tablo_E!$B$2:$CX$102,MATCH(ROUND(Uzman_E!C$4,1),Tablo_E!$A$2:$A$102,1),MATCH(ROUND(K13,1),Tablo_E!$B$1:$CX$1,1))) -> 0.8 | N13: =IF(ISBLANK(M13),0,ABS(Uzman_E!D$4-M13)) -> 0 | O13: =IF(ISBLANK(M13),0,INDEX(Tablo_E!$B$2:$CX$102,MATCH(ROUND(Uzman_E!D$4,1),Tablo_E!$A$2:$A$102,1),MATCH(ROUND(N13,1),Tablo_E!$B$1:$CX$1,1))) -> 0 | Q13: =IF(ISBLANK(P13),0,ABS(Uzman_E!E$4-P13)) -> 0 | R13: =IF(ISBLANK(P13),0,INDEX(Tablo_E!$B$2:$CX$102,MATCH(ROUND(Uzman_E!B$4,1),Tablo_E!$A$2:$A$102,1),MATCH(ROUND(Q13,1),Tablo_E!$B$1:$CX$1,1))) -> 0 | S13: =(F13+I13+L13+O13+R13)/5 -> 0.16
A14: 11 | B14: =Hakemler!B14 -> 0 | C14: =Hakemler!C14 -> 0 | E14: =IF(ISBLANK(D14),0,ABS(Uzman_E!A$4-D14)) -> 0 | F14: =IF(ISBLANK(D14),0,INDEX(Tablo_E!$B$2:$CX$102,MATCH(ROUND(Uzman_E!A$4,1),Tablo_E!$A$2:$A$102,1),MATCH(ROUND(E14,1),Tablo_E!$B$1:$CX$1,1))) -> 0 | H14: =IF(ISBLANK(G14),0,ABS(Uzman_E!B$4-G14)) -> 0 | I14: =IF(ISBLANK(G14),0,INDEX(Tablo_E!$B$2:$CX$102,MATCH(ROUND(Uzman_E!B$4,1),Tablo_E!$A$2:$A$102,1),MATCH(ROUND(H14,1),Tablo_E!$B$1:$CX$1,1))) -> 0 | J14: 1.2 | K14: =IF(ISBLANK(J14),0,ABS(Uzman_E!C$4-J14)) -> 0.3 | L14: =IF(ISBLANK(J14),0,INDEX(Tablo_E!$B$2:$CX$102,MATCH(ROUND(Uzman_E!C$4,1),Tablo_E!$A$2:$A$102,1),MATCH(ROUND(K14,1),Tablo_E!$B$1:$CX$1,1))) -> 0.9 | N14: =IF(ISBLANK(M14),0,ABS(Uzman_E!D$4-M14)) -> 0 | O14: =IF(ISBLANK(M14),0,INDEX(Tablo_E!$B$2:$CX$102,MATCH(ROUND(Uzman_E!D$4,1),Tablo_E!$A$2:$A$102,1),MATCH(ROUND(N14,1),Tablo_E!$B$1:$CX$1,1))) -> 0 | Q14: =IF(ISBLANK(P14),0,ABS(Uzman_E!E$4-P14)) -> 0 | R14: =IF(ISBLANK(P14),0,INDEX(Tablo_E!$B$2:$CX$102,MATCH(ROUND(Uzman_E!B$4,1),Tablo_E!$A$2:$A$102,1),MATCH(ROUND(Q14,1),Tablo_E!$B$1:$CX$1,1))) -> 0 | S14: =(F14+I14+L14+O14+R14)/5 -> 0.18
A15: 12 | B15: =Hakemler!B15 -> 0 | C15: =Hakemler!C15 -> 0 | E15: =IF(ISBLANK(D15),0,ABS(Uzman_E!A$4-D15)) -> 0 | F15: =IF(ISBLANK(D15),0,INDEX(Tablo_E!$B$2:$CX$102,MATCH(ROUND(Uzman_E!A$4,1),Tablo_E!$A$2:$A$102,1),MATCH(ROUND(E15,1),Tablo_E!$B$1:$CX$1,1))) -> 0 | H15: =IF(ISBLANK(G15),0,ABS(Uzman_E!B$4-G15)) -> 0 | I15: =IF(ISBLANK(G15),0,INDEX(Tablo_E!$B$2:$CX$102,MATCH(ROUND(Uzman_E!B$4,1),Tablo_E!$A$2:$A$102,1),MATCH(ROUND(H15,1),Tablo_E!$B$1:$CX$1,1))) -> 0 | J15: 1.3 | K15: =IF(ISBLANK(J15),0,ABS(Uzman_E!C$4-J15)) -> 0.2 | L15: =IF(ISBLANK(J15),0,INDEX(Tablo_E!$B$2:$CX$102,MATCH(ROUND(Uzman_E!C$4,1),Tablo_E!$A$2:$A$102,1),MATCH(ROUND(K15,1),Tablo_E!$B$1:$CX$1,1))) -> 1 | M15: 1.6 | N15: =IF(ISBLANK(M15),0,ABS(Uzman_E!D$4-M15)) -> 0.3 | O15: =IF(ISBLANK(M15),0,INDEX(Tablo_E!$B$2:$CX$102,MATCH(ROUND(Uzman_E!D$4,1),Tablo_E!$A$2:$A$102,1),MATCH(ROUND(N15,1),Tablo_E!$B$1:$CX$1,1))) -> 0.9 | Q15: =IF(ISBLANK(P15),0,ABS(Uzman_E!E$4-P15)) -> 0 | R15: =IF(ISBLANK(P15),0,INDEX(Tablo_E!$B$2:$CX$102,MATCH(ROUND(Uzman_E!B$4,1),Tablo_E!$A$2:$A$102,1),MATCH(ROUND(Q15,1),Tablo_E!$B$1:$CX$1,1))) -> 0 | S15: =(F15+I15+L15+O15+R15)/5 -> 0.38
A16: 13 | B16: =Hakemler!B16 -> 0 | C16: =Hakemler!C16 -> 0 | E16: =IF(ISBLANK(D16),0,ABS(Uzman_E!A$4-D16)) -> 0 | F16: =IF(ISBLANK(D16),0,INDEX(Tablo_E!$B$2:$CX$102,MATCH(ROUND(Uzman_E!A$4,1),Tablo_E!$A$2:$A$102,1),MATCH(ROUND(E16,1),Tablo_E!$B$1:$CX$1,1))) -> 0 | H16: =IF(ISBLANK(G16),0,ABS(Uzman_E!B$4-G16)) -> 0 | I16: =IF(ISBLANK(G16),0,INDEX(Tablo_E!$B$2:$CX$102,MATCH(ROUND(Uzman_E!B$4,1),Tablo_E!$A$2:$A$102,1),MATCH(ROUND(H16,1),Tablo_E!$B$1:$CX$1,1))) -> 0 | K16: =IF(ISBLANK(J16),0,ABS(Uzman_E!C$4-J16)) -> 0 | L16: =IF(ISBLANK(J16),0,INDEX(Tablo_E!$B$2:$CX$102,MATCH(ROUND(Uzman_E!C$4,1),Tablo_E!$A$2:$A$102,1),MATCH(ROUND(K16,1),Tablo_E!$B$1:$CX$1,1))) -> 0 | M16: 1.5 | N16: =IF(ISBLANK(M16),0,ABS(Uzman_E!D$4-M16)) -> 0.2 | O16: =IF(ISBLANK(M16),0,INDEX(Tablo_E!$B$2:$CX$102,MATCH(ROUND(Uzman_E!D$4,1),Tablo_E!$A$2:$A$102,1),MATCH(ROUND(N16,1),Tablo_E!$B$1:$CX$1,1))) -> 1 | Q16: =IF(ISBLANK(P16),0,ABS(Uzman_E!E$4-P16)) -> 0 | R16: =IF(ISBLANK(P16),0,INDEX(Tablo_E!$B$2:$CX$102,MATCH(ROUND(Uzman_E!B$4,1),Tablo_E!$A$2:$A$102,1),MATCH(ROUND(Q16,1),Tablo_E!$B$1:$CX$1,1))) -> 0 | S16: =(F16+I16+L16+O16+R16)/5 -> 0.2
A17: 14 | B17: =Hakemler!B17 -> 0 | C17: =Hakemler!C17 -> 0 | E17: =IF(ISBLANK(D17),0,ABS(Uzman_E!A$4-D17)) -> 0 | F17: =IF(ISBLANK(D17),0,INDEX(Tablo_E!$B$2:$CX$102,MATCH(ROUND(Uzman_E!A$4,1),Tablo_E!$A$2:$A$102,1),MATCH(ROUND(E17,1),Tablo_E!$B$1:$CX$1,1))) -> 0 | H17: =IF(ISBLANK(G17),0,ABS(Uzman_E!B$4-G17)) -> 0 | I17: =IF(ISBLANK(G17),0,INDEX(Tablo_E!$B$2:$CX$102,MATCH(ROUND(Uzman_E!B$4,1),Tablo_E!$A$2:$A$102,1),MATCH(ROUND(H17,1),Tablo_E!$B$1:$CX$1,1))) -> 0 | K17: =IF(ISBLANK(J17),0,ABS(Uzman_E!C$4-J17)) -> 0 | L17: =IF(ISBLANK(J17),0,INDEX(Tablo_E!$B$2:$CX$102,MATCH(ROUND(Uzman_E!C$4,1),Tablo_E!$A$2:$A$102,1),MATCH(ROUND(K17,1),Tablo_E!$B$1:$CX$1,1))) -> 0 | M17: 1.4 | N17: =IF(ISBLANK(M17),0,ABS(Uzman_E!D$4-M17)) -> 0.1 | O17: =IF(ISBLANK(M17),0,INDEX(Tablo_E!$B$2:$CX$102,MATCH(ROUND(Uzman_E!D$4,1),Tablo_E!$A$2:$A$102,1),MATCH(ROUND(N17,1),Tablo_E!$B$1:$CX$1,1))) -> 1 | Q17: =IF(ISBLANK(P17),0,ABS(Uzman_E!E$4-P17)) -> 0 | R17: =IF(ISBLANK(P17),0,INDEX(Tablo_E!$B$2:$CX$102,MATCH(ROUND(Uzman_E!B$4,1),Tablo_E!$A$2:$A$102,1),MATCH(ROUND(Q17,1),Tablo_E!$B$1:$CX$1,1))) -> 0 | S17: =(F17+I17+L17+O17+R17)/5 -> 0.2
A18: 15 | B18: =Hakemler!B18 -> 0 | C18: =Hakemler!C18 -> 0 | E18: =IF(ISBLANK(D18),0,ABS(Uzman_E!A$4-D18)) -> 0 | F18: =IF(ISBLANK(D18),0,INDEX(Tablo_E!$B$2:$CX$102,MATCH(ROUND(Uzman_E!A$4,1),Tablo_E!$A$2:$A$102,1),MATCH(ROUND(E18,1),Tablo_E!$B$1:$CX$1,1))) -> 0 | H18: =IF(ISBLANK(G18),0,ABS(Uzman_E!B$4-G18)) -> 0 | I18: =IF(ISBLANK(G18),0,INDEX(Tablo_E!$B$2:$CX$102,MATCH(ROUND(Uzman_E!B$4,1),Tablo_E!$A$2:$A$102,1),MATCH(ROUND(H18,1),Tablo_E!$B$1:$CX$1,1))) -> 0 | K18: =IF(ISBLANK(J18),0,ABS(Uzman_E!C$4-J18)) -> 0 | L18: =IF(ISBLANK(J18),0,INDEX(Tablo_E!$B$2:$CX$102,MATCH(ROUND(Uzman_E!C$4,1),Tablo_E!$A$2:$A$102,1),MATCH(ROUND(K18,1),Tablo_E!$B$1:$CX$1,1))) -> 0 | M18: 1.3 | N18: =IF(ISBLANK(M18),0,ABS(Uzman_E!D$4-M18)) -> 0 | O18: =IF(ISBLANK(M18),0,INDEX(Tablo_E!$B$2:$CX$102,MATCH(ROUND(Uzman_E!D$4,1),Tablo_E!$A$2:$A$102,1),MATCH(ROUND(N18,1),Tablo_E!$B$1:$CX$1,1))) -> 1 | Q18: =IF(ISBLANK(P18),0,ABS(Uzman_E!E$4-P18)) -> 0 | R18: =IF(ISBLANK(P18),0,INDEX(Tablo_E!$B$2:$CX$102,MATCH(ROUND(Uzman_E!B$4,1),Tablo_E!$A$2:$A$102,1),MATCH(ROUND(Q18,1),Tablo_E!$B$1:$CX$1,1))) -> 0 | S18: =(F18+I18+L18+O18+R18)/5 -> 0.2
A19: 16 | B19: =Hakemler!B19 -> 0 | C19: =Hakemler!C19 -> 0 | E19: =IF(ISBLANK(D19),0,ABS(Uzman_E!A$4-D19)) -> 0 | F19: =IF(ISBLANK(D19),0,INDEX(Tablo_E!$B$2:$CX$102,MATCH(ROUND(Uzman_E!A$4,1),Tablo_E!$A$2:$A$102,1),MATCH(ROUND(E19,1),Tablo_E!$B$1:$CX$1,1))) -> 0 | H19: =IF(ISBLANK(G19),0,ABS(Uzman_E!B$4-G19)) -> 0 | I19: =IF(ISBLANK(G19),0,INDEX(Tablo_E!$B$2:$CX$102,MATCH(ROUND(Uzman_E!B$4,1),Tablo_E!$A$2:$A$102,1),MATCH(ROUND(H19,1),Tablo_E!$B$1:$CX$1,1))) -> 0 | K19: =IF(ISBLANK(J19),0,ABS(Uzman_E!C$4-J19)) -> 0 | L19: =IF(ISBLANK(J19),0,INDEX(Tablo_E!$B$2:$CX$102,MATCH(ROUND(Uzman_E!C$4,1),Tablo_E!$A$2:$A$102,1),MATCH(ROUND(K19,1),Tablo_E!$B$1:$CX$1,1))) -> 0 | M19: 1.2 | N19: =IF(ISBLANK(M19),0,ABS(Uzman_E!D$4-M19)) -> 0.1 | O19: =IF(ISBLANK(M19),0,INDEX(Tablo_E!$B$2:$CX$102,MATCH(ROUND(Uzman_E!D$4,1),Tablo_E!$A$2:$A$102,1),MATCH(ROUND(N19,1),Tablo_E!$B$1:$CX$1,1))) -> 1 | Q19: =IF(ISBLANK(P19),0,ABS(Uzman_E!E$4-P19)) -> 0 | R19: =IF(ISBLANK(P19),0,INDEX(Tablo_E!$B$2:$CX$102,MATCH(ROUND(Uzman_E!B$4,1),Tablo_E!$A$2:$A$102,1),MATCH(ROUND(Q19,1),Tablo_E!$B$1:$CX$1,1))) -> 0 | S19: =(F19+I19+L19+O19+R19)/5 -> 0.2
A20: 17 | B20: =Hakemler!B20 -> 0 | C20: =Hakemler!C20 -> 0 | E20: =IF(ISBLANK(D20),0,ABS(Uzman_E!A$4-D20)) -> 0 | F20: =IF(ISBLANK(D20),0,INDEX(Tablo_E!$B$2:$CX$102,MATCH(ROUND(Uzman_E!A$4,1),Tablo_E!$A$2:$A$102,1),MATCH(ROUND(E20,1),Tablo_E!$B$1:$CX$1,1))) -> 0 | H20: =IF(ISBLANK(G20),0,ABS(Uzman_E!B$4-G20)) -> 0 | I20: =IF(ISBLANK(G20),0,INDEX(Tablo_E!$B$2:$CX$102,MATCH(ROUND(Uzman_E!B$4,1),Tablo_E!$A$2:$A$102,1),MATCH(ROUND(H20,1),Tablo_E!$B$1:$CX$1,1))) -> 0 | K20: =IF(ISBLANK(J20),0,ABS(Uzman_E!C$4-J20)) -> 0 | L20: =IF(ISBLANK(J20),0,INDEX(Tablo_E!$B$2:$CX$102,MATCH(ROUND(Uzman_E!C$4,1),Tablo_E!$A$2:$A$102,1),MATCH(ROUND(K20,1),Tablo_E!$B$1:$CX$1,1))) -> 0 | M20: 1.1 | N20: =IF(ISBLANK(M20),0,ABS(Uzman_E!D$4-M20)) -> 0.2 | O20: =IF(ISBLANK(M20),0,INDEX(Tablo_E!$B$2:$CX$102,MATCH(ROUND(Uzman_E!D$4,1),Tablo_E!$A$2:$A$102,1),MATCH(ROUND(N20,1),Tablo_E!$B$1:$CX$1,1))) -> 1 | Q20: =IF(ISBLANK(P20),0,ABS(Uzman_E!E$4-P20)) -> 0 | R20: =IF(ISBLANK(P20),0,INDEX(Tablo_E!$B$2:$CX$102,MATCH(ROUND(Uzman_E!B$4,1),Tablo_E!$A$2:$A$102,1),MATCH(ROUND(Q20,1),Tablo_E!$B$1:$CX$1,1))) -> 0 | S20: =(F20+I20+L20+O20+R20)/5 -> 0.2
A21: 18 | B21: =Hakemler!B21 -> 0 | C21: =Hakemler!C21 -> 0 | E21: =IF(ISBLANK(D21),0,ABS(Uzman_E!A$4-D21)) -> 0 | F21: =IF(ISBLANK(D21),0,INDEX(Tablo_E!$B$2:$CX$102,MATCH(ROUND(Uzman_E!A$4,1),Tablo_E!$A$2:$A$102,1),MATCH(ROUND(E21,1),Tablo_E!$B$1:$CX$1,1))) -> 0 | H21: =IF(ISBLANK(G21),0,ABS(Uzman_E!B$4-G21)) -> 0 | I21: =IF(ISBLANK(G21),0,INDEX(Tablo_E!$B$2:$CX$102,MATCH(ROUND(Uzman_E!B$4,1),Tablo_E!$A$2:$A$102,1),MATCH(ROUND(H21,1),Tablo_E!$B$1:$CX$1,1))) -> 0 | K21: =IF(ISBLANK(J21),0,ABS(Uzman_E!C$4-J21)) -> 0 | L21: =IF(ISBLANK(J21),0,INDEX(Tablo_E!$B$2:$CX$102,MATCH(ROUND(Uzman_E!C$4,1),Tablo_E!$A$2:$A$102,1),MATCH(ROUND(K21,1),Tablo_E!$B$1:$CX$1,1))) -> 0 | M21: 1 | N21: =IF(ISBLANK(M21),0,ABS(Uzman_E!D$4-M21)) -> 0.3 | O21: =IF(ISBLANK(M21),0,INDEX(Tablo_E!$B$2:$CX$102,MATCH(ROUND(Uzman_E!D$4,1),Tablo_E!$A$2:$A$102,1),MATCH(ROUND(N21,1),Tablo_E!$B$1:$CX$1,1))) -> 0.9 | Q21: =IF(ISBLANK(P21),0,ABS(Uzman_E!E$4-P21)) -> 0 | R21: =IF(ISBLANK(P21),0,INDEX(Tablo_E!$B$2:$CX$102,MATCH(ROUND(Uzman_E!B$4,1),Tablo_E!$A$2:$A$102,1),MATCH(ROUND(Q21,1),Tablo_E!$B$1:$CX$1,1))) -> 0 | S21: =(F21+I21+L21+O21+R21)/5 -> 0.18
A22: 19 | B22: =Hakemler!B22 -> 0 | C22: =Hakemler!C22 -> 0 | E22: =IF(ISBLANK(D22),0,ABS(Uzman_E!A$4-D22)) -> 0 | F22: =IF(ISBLANK(D22),0,INDEX(Tablo_E!$B$2:$CX$102,MATCH(ROUND(Uzman_E!A$4,1),Tablo_E!$A$2:$A$102,1),MATCH(ROUND(E22,1),Tablo_E!$B$1:$CX$1,1))) -> 0 | H22: =IF(ISBLANK(G22),0,ABS(Uzman_E!B$4-G22)) -> 0 | I22: =IF(ISBLANK(G22),0,INDEX(Tablo_E!$B$2:$CX$102,MATCH(ROUND(Uzman_E!B$4,1),Tablo_E!$A$2:$A$102,1),MATCH(ROUND(H22,1),Tablo_E!$B$1:$CX$1,1))) -> 0 | K22: =IF(ISBLANK(J22),0,ABS(Uzman_E!C$4-J22)) -> 0 | L22: =IF(ISBLANK(J22),0,INDEX(Tablo_E!$B$2:$CX$102,MATCH(ROUND(Uzman_E!C$4,1),Tablo_E!$A$2:$A$102,1),MATCH(ROUND(K22,1),Tablo_E!$B$1:$CX$1,1))) -> 0 | N22: =IF(ISBLANK(M22),0,ABS(Uzman_E!D$4-M22)) -> 0 | O22: =IF(ISBLANK(M22),0,INDEX(Tablo_E!$B$2:$CX$102,MATCH(ROUND(Uzman_E!D$4,1),Tablo_E!$A$2:$A$102,1),MATCH(ROUND(N22,1),Tablo_E!$B$1:$CX$1,1))) -> 0 | Q22: =IF(ISBLANK(P22),0,ABS(Uzman_E!E$4-P22)) -> 0 | R22: =IF(ISBLANK(P22),0,INDEX(Tablo_E!$B$2:$CX$102,MATCH(ROUND(Uzman_E!B$4,1),Tablo_E!$A$2:$A$102,1),MATCH(ROUND(Q22,1),Tablo_E!$B$1:$CX$1,1))) -> 0 | S22: =(F22+I22+L22+O22+R22)/5 -> 0
A23: 20 | B23: =Hakemler!B23 -> 0 | C23: =Hakemler!C23 -> 0 | E23: =IF(ISBLANK(D23),0,ABS(Uzman_E!A$4-D23)) -> 0 | F23: =IF(ISBLANK(D23),0,INDEX(Tablo_E!$B$2:$CX$102,MATCH(ROUND(Uzman_E!A$4,1),Tablo_E!$A$2:$A$102,1),MATCH(ROUND(E23,1),Tablo_E!$B$1:$CX$1,1))) -> 0 | H23: =IF(ISBLANK(G23),0,ABS(Uzman_E!B$4-G23)) -> 0 | I23: =IF(ISBLANK(G23),0,INDEX(Tablo_E!$B$2:$CX$102,MATCH(ROUND(Uzman_E!B$4,1),Tablo_E!$A$2:$A$102,1),MATCH(ROUND(H23,1),Tablo_E!$B$1:$CX$1,1))) -> 0 | K23: =IF(ISBLANK(J23),0,ABS(Uzman_E!C$4-J23)) -> 0 | L23: =IF(ISBLANK(J23),0,INDEX(Tablo_E!$B$2:$CX$102,MATCH(ROUND(Uzman_E!C$4,1),Tablo_E!$A$2:$A$102,1),MATCH(ROUND(K23,1),Tablo_E!$B$1:$CX$1,1))) -> 0 | N23: =IF(ISBLANK(M23),0,ABS(Uzman_E!D$4-M23)) -> 0 | O23: =IF(ISBLANK(M23),0,INDEX(Tablo_E!$B$2:$CX$102,MATCH(ROUND(Uzman_E!D$4,1),Tablo_E!$A$2:$A$102,1),MATCH(ROUND(N23,1),Tablo_E!$B$1:$CX$1,1))) -> 0 | Q23: =IF(ISBLANK(P23),0,ABS(Uzman_E!E$4-P23)) -> 0 | R23: =IF(ISBLANK(P23),0,INDEX(Tablo_E!$B$2:$CX$102,MATCH(ROUND(Uzman_E!B$4,1),Tablo_E!$A$2:$A$102,1),MATCH(ROUND(Q23,1),Tablo_E!$B$1:$CX$1,1))) -> 0 | S23: =(F23+I23+L23+O23+R23)/5 -> 0
A24: 21 | B24: =Hakemler!B24 -> 0 | C24: =Hakemler!C24 -> 0 | E24: =IF(ISBLANK(D24),0,ABS(Uzman_E!A$4-D24)) -> 0 | F24: =IF(ISBLANK(D24),0,INDEX(Tablo_E!$B$2:$CX$102,MATCH(ROUND(Uzman_E!A$4,1),Tablo_E!$A$2:$A$102,1),MATCH(ROUND(E24,1),Tablo_E!$B$1:$CX$1,1))) -> 0 | H24: =IF(ISBLANK(G24),0,ABS(Uzman_E!B$4-G24)) -> 0 | I24: =IF(ISBLANK(G24),0,INDEX(Tablo_E!$B$2:$CX$102,MATCH(ROUND(Uzman_E!B$4,1),Tablo_E!$A$2:$A$102,1),MATCH(ROUND(H24,1),Tablo_E!$B$1:$CX$1,1))) -> 0 | K24: =IF(ISBLANK(J24),0,ABS(Uzman_E!C$4-J24)) -> 0 | L24: =IF(ISBLANK(J24),0,INDEX(Tablo_E!$B$2:$CX$102,MATCH(ROUND(Uzman_E!C$4,1),Tablo_E!$A$2:$A$102,1),MATCH(ROUND(K24,1),Tablo_E!$B$1:$CX$1,1))) -> 0 | N24: =IF(ISBLANK(M24),0,ABS(Uzman_E!D$4-M24)) -> 0 | O24: =IF(ISBLANK(M24),0,INDEX(Tablo_E!$B$2:$CX$102,MATCH(ROUND(Uzman_E!D$4,1),Tablo_E!$A$2:$A$102,1),MATCH(ROUND(N24,1),Tablo_E!$B$1:$CX$1,1))) -> 0 | Q24: =IF(ISBLANK(P24),0,ABS(Uzman_E!E$4-P24)) -> 0 | R24: =IF(ISBLANK(P24),0,INDEX(Tablo_E!$B$2:$CX$102,MATCH(ROUND(Uzman_E!B$4,1),Tablo_E!$A$2:$A$102,1),MATCH(ROUND(Q24,1),Tablo_E!$B$1:$CX$1,1))) -> 0 | S24: =(F24+I24+L24+O24+R24)/5 -> 0
A25: 22 | B25: =Hakemler!B25 -> 0 | C25: =Hakemler!C25 -> 0 | E25: =IF(ISBLANK(D25),0,ABS(Uzman_E!A$4-D25)) -> 0 | F25: =IF(ISBLANK(D25),0,INDEX(Tablo_E!$B$2:$CX$102,MATCH(ROUND(Uzman_E!A$4,1),Tablo_E!$A$2:$A$102,1),MATCH(ROUND(E25,1),Tablo_E!$B$1:$CX$1,1))) -> 0 | H25: =IF(ISBLANK(G25),0,ABS(Uzman_E!B$4-G25)) -> 0 | I25: =IF(ISBLANK(G25),0,INDEX(Tablo_E!$B$2:$CX$102,MATCH(ROUND(Uzman_E!B$4,1),Tablo_E!$A$2:$A$102,1),MATCH(ROUND(H25,1),Tablo_E!$B$1:$CX$1,1))) -> 0 | K25: =IF(ISBLANK(J25),0,ABS(Uzman_E!C$4-J25)) -> 0 | L25: =IF(ISBLANK(J25),0,INDEX(Tablo_E!$B$2:$CX$102,MATCH(ROUND(Uzman_E!C$4,1),Tablo_E!$A$2:$A$102,1),MATCH(ROUND(K25,1),Tablo_E!$B$1:$CX$1,1))) -> 0 | N25: =IF(ISBLANK(M25),0,ABS(Uzman_E!D$4-M25)) -> 0 | O25: =IF(ISBLANK(M25),0,INDEX(Tablo_E!$B$2:$CX$102,MATCH(ROUND(Uzman_E!D$4,1),Tablo_E!$A$2:$A$102,1),MATCH(ROUND(N25,1),Tablo_E!$B$1:$CX$1,1))) -> 0 | Q25: =IF(ISBLANK(P25),0,ABS(Uzman_E!E$4-P25)) -> 0 | R25: =IF(ISBLANK(P25),0,INDEX(Tablo_E!$B$2:$CX$102,MATCH(ROUND(Uzman_E!B$4,1),Tablo_E!$A$2:$A$102,1),MATCH(ROUND(Q25,1),Tablo_E!$B$1:$CX$1,1))) -> 0 | S25: =(F25+I25+L25+O25+R25)/5 -> 0
A26: 23 | B26: =Hakemler!B26 -> 0 | C26: =Hakemler!C26 -> 0 | E26: =IF(ISBLANK(D26),0,ABS(Uzman_E!A$4-D26)) -> 0 | F26: =IF(ISBLANK(D26),0,INDEX(Tablo_E!$B$2:$CX$102,MATCH(ROUND(Uzman_E!A$4,1),Tablo_E!$A$2:$A$102,1),MATCH(ROUND(E26,1),Tablo_E!$B$1:$CX$1,1))) -> 0 | H26: =IF(ISBLANK(G26),0,ABS(Uzman_E!B$4-G26)) -> 0 | I26: =IF(ISBLANK(G26),0,INDEX(Tablo_E!$B$2:$CX$102,MATCH(ROUND(Uzman_E!B$4,1),Tablo_E!$A$2:$A$102,1),MATCH(ROUND(H26,1),Tablo_E!$B$1:$CX$1,1))) -> 0 | K26: =IF(ISBLANK(J26),0,ABS(Uzman_E!C$4-J26)) -> 0 | L26: =IF(ISBLANK(J26),0,INDEX(Tablo_E!$B$2:$CX$102,MATCH(ROUND(Uzman_E!C$4,1),Tablo_E!$A$2:$A$102,1),MATCH(ROUND(K26,1),Tablo_E!$B$1:$CX$1,1))) -> 0 | N26: =IF(ISBLANK(M26),0,ABS(Uzman_E!D$4-M26)) -> 0 | O26: =IF(ISBLANK(M26),0,INDEX(Tablo_E!$B$2:$CX$102,MATCH(ROUND(Uzman_E!D$4,1),Tablo_E!$A$2:$A$102,1),MATCH(ROUND(N26,1),Tablo_E!$B$1:$CX$1,1))) -> 0 | Q26: =IF(ISBLANK(P26),0,ABS(Uzman_E!E$4-P26)) -> 0 | R26: =IF(ISBLANK(P26),0,INDEX(Tablo_E!$B$2:$CX$102,MATCH(ROUND(Uzman_E!B$4,1),Tablo_E!$A$2:$A$102,1),MATCH(ROUND(Q26,1),Tablo_E!$B$1:$CX$1,1))) -> 0 | S26: =(F26+I26+L26+O26+R26)/5 -> 0
A27: 24 | B27: =Hakemler!B27 -> 0 | C27: =Hakemler!C27 -> 0 | E27: =IF(ISBLANK(D27),0,ABS(Uzman_E!A$4-D27)) -> 0 | F27: =IF(ISBLANK(D27),0,INDEX(Tablo_E!$B$2:$CX$102,MATCH(ROUND(Uzman_E!A$4,1),Tablo_E!$A$2:$A$102,1),MATCH(ROUND(E27,1),Tablo_E!$B$1:$CX$1,1))) -> 0 | H27: =IF(ISBLANK(G27),0,ABS(Uzman_E!B$4-G27)) -> 0 | I27: =IF(ISBLANK(G27),0,INDEX(Tablo_E!$B$2:$CX$102,MATCH(ROUND(Uzman_E!B$4,1),Tablo_E!$A$2:$A$102,1),MATCH(ROUND(H27,1),Tablo_E!$B$1:$CX$1,1))) -> 0 | K27: =IF(ISBLANK(J27),0,ABS(Uzman_E!C$4-J27)) -> 0 | L27: =IF(ISBLANK(J27),0,INDEX(Tablo_E!$B$2:$CX$102,MATCH(ROUND(Uzman_E!C$4,1),Tablo_E!$A$2:$A$102,1),MATCH(ROUND(K27,1),Tablo_E!$B$1:$CX$1,1))) -> 0 | N27: =IF(ISBLANK(M27),0,ABS(Uzman_E!D$4-M27)) -> 0 | O27: =IF(ISBLANK(M27),0,INDEX(Tablo_E!$B$2:$CX$102,MATCH(ROUND(Uzman_E!D$4,1),Tablo_E!$A$2:$A$102,1),MATCH(ROUND(N27,1),Tablo_E!$B$1:$CX$1,1))) -> 0 | Q27: =IF(ISBLANK(P27),0,ABS(Uzman_E!E$4-P27)) -> 0 | R27: =IF(ISBLANK(P27),0,INDEX(Tablo_E!$B$2:$CX$102,MATCH(ROUND(Uzman_E!B$4,1),Tablo_E!$A$2:$A$102,1),MATCH(ROUND(Q27,1),Tablo_E!$B$1:$CX$1,1))) -> 0 | S27: =(F27+I27+L27+O27+R27)/5 -> 0
A28: 25 | B28: =Hakemler!B28 -> 0 | C28: =Hakemler!C28 -> 0 | E28: =IF(ISBLANK(D28),0,ABS(Uzman_E!A$4-D28)) -> 0 | F28: =IF(ISBLANK(D28),0,INDEX(Tablo_E!$B$2:$CX$102,MATCH(ROUND(Uzman_E!A$4,1),Tablo_E!$A$2:$A$102,1),MATCH(ROUND(E28,1),Tablo_E!$B$1:$CX$1,1))) -> 0 | H28: =IF(ISBLANK(G28),0,ABS(Uzman_E!B$4-G28)) -> 0 | I28: =IF(ISBLANK(G28),0,INDEX(Tablo_E!$B$2:$CX$102,MATCH(ROUND(Uzman_E!B$4,1),Tablo_E!$A$2:$A$102,1),MATCH(ROUND(H28,1),Tablo_E!$B$1:$CX$1,1))) -> 0 | K28: =IF(ISBLANK(J28),0,ABS(Uzman_E!C$4-J28)) -> 0 | L28: =IF(ISBLANK(J28),0,INDEX(Tablo_E!$B$2:$CX$102,MATCH(ROUND(Uzman_E!C$4,1),Tablo_E!$A$2:$A$102,1),MATCH(ROUND(K28,1),Tablo_E!$B$1:$CX$1,1))) -> 0 | N28: =IF(ISBLANK(M28),0,ABS(Uzman_E!D$4-M28)) -> 0 | O28: =IF(ISBLANK(M28),0,INDEX(Tablo_E!$B$2:$CX$102,MATCH(ROUND(Uzman_E!D$4,1),Tablo_E!$A$2:$A$102,1),MATCH(ROUND(N28,1),Tablo_E!$B$1:$CX$1,1))) -> 0 | Q28: =IF(ISBLANK(P28),0,ABS(Uzman_E!E$4-P28)) -> 0 | R28: =IF(ISBLANK(P28),0,INDEX(Tablo_E!$B$2:$CX$102,MATCH(ROUND(Uzman_E!B$4,1),Tablo_E!$A$2:$A$102,1),MATCH(ROUND(Q28,1),Tablo_E!$B$1:$CX$1,1))) -> 0 | S28: =(F28+I28+L28+O28+R28)/5 -> 0
A29: 26 | B29: =Hakemler!B29 -> 0 | C29: =Hakemler!C29 -> 0 | E29: =IF(ISBLANK(D29),0,ABS(Uzman_E!A$4-D29)) -> 0 | F29: =IF(ISBLANK(D29),0,INDEX(Tablo_E!$B$2:$CX$102,MATCH(ROUND(Uzman_E!A$4,1),Tablo_E!$A$2:$A$102,1),MATCH(ROUND(E29,1),Tablo_E!$B$1:$CX$1,1))) -> 0 | H29: =IF(ISBLANK(G29),0,ABS(Uzman_E!B$4-G29)) -> 0 | I29: =IF(ISBLANK(G29),0,INDEX(Tablo_E!$B$2:$CX$102,MATCH(ROUND(Uzman_E!B$4,1),Tablo_E!$A$2:$A$102,1),MATCH(ROUND(H29,1),Tablo_E!$B$1:$CX$1,1))) -> 0 | K29: =IF(ISBLANK(J29),0,ABS(Uzman_E!C$4-J29)) -> 0 | L29: =IF(ISBLANK(J29),0,INDEX(Tablo_E!$B$2:$CX$102,MATCH(ROUND(Uzman_E!C$4,1),Tablo_E!$A$2:$A$102,1),MATCH(ROUND(K29,1),Tablo_E!$B$1:$CX$1,1))) -> 0 | N29: =IF(ISBLANK(M29),0,ABS(Uzman_E!D$4-M29)) -> 0 | O29: =IF(ISBLANK(M29),0,INDEX(Tablo_E!$B$2:$CX$102,MATCH(ROUND(Uzman_E!D$4,1),Tablo_E!$A$2:$A$102,1),MATCH(ROUND(N29,1),Tablo_E!$B$1:$CX$1,1))) -> 0 | Q29: =IF(ISBLANK(P29),0,ABS(Uzman_E!E$4-P29)) -> 0 | R29: =IF(ISBLANK(P29),0,INDEX(Tablo_E!$B$2:$CX$102,MATCH(ROUND(Uzman_E!B$4,1),Tablo_E!$A$2:$A$102,1),MATCH(ROUND(Q29,1),Tablo_E!$B$1:$CX$1,1))) -> 0 | S29: =(F29+I29+L29+O29+R29)/5 -> 0
A30: 27 | B30: =Hakemler!B30 -> 0 | C30: =Hakemler!C30 -> 0 | E30: =IF(ISBLANK(D30),0,ABS(Uzman_E!A$4-D30)) -> 0 | F30: =IF(ISBLANK(D30),0,INDEX(Tablo_E!$B$2:$CX$102,MATCH(ROUND(Uzman_E!A$4,1),Tablo_E!$A$2:$A$102,1),MATCH(ROUND(E30,1),Tablo_E!$B$1:$CX$1,1))) -> 0 | H30: =IF(ISBLANK(G30),0,ABS(Uzman_E!B$4-G30)) -> 0 | I30: =IF(ISBLANK(G30),0,INDEX(Tablo_E!$B$2:$CX$102,MATCH(ROUND(Uzman_E!B$4,1),Tablo_E!$A$2:$A$102,1),MATCH(ROUND(H30,1),Tablo_E!$B$1:$CX$1,1))) -> 0 | K30: =IF(ISBLANK(J30),0,ABS(Uzman_E!C$4-J30)) -> 0 | L30: =IF(ISBLANK(J30),0,INDEX(Tablo_E!$B$2:$CX$102,MATCH(ROUND(Uzman_E!C$4,1),Tablo_E!$A$2:$A$102,1),MATCH(ROUND(K30,1),Tablo_E!$B$1:$CX$1,1))) -> 0 | N30: =IF(ISBLANK(M30),0,ABS(Uzman_E!D$4-M30)) -> 0 | O30: =IF(ISBLANK(M30),0,INDEX(Tablo_E!$B$2:$CX$102,MATCH(ROUND(Uzman_E!D$4,1),Tablo_E!$A$2:$A$102,1),MATCH(ROUND(N30,1),Tablo_E!$B$1:$CX$1,1))) -> 0 | Q30: =IF(ISBLANK(P30),0,ABS(Uzman_E!E$4-P30)) -> 0 | R30: =IF(ISBLANK(P30),0,INDEX(Tablo_E!$B$2:$CX$102,MATCH(ROUND(Uzman_E!B$4,1),Tablo_E!$A$2:$A$102,1),MATCH(ROUND(Q30,1),Tablo_E!$B$1:$CX$1,1))) -> 0 | S30: =(F30+I30+L30+O30+R30)/5 -> 0
A31: 28 | B31: =Hakemler!B31 -> 0 | C31: =Hakemler!C31 -> 0 | E31: =IF(ISBLANK(D31),0,ABS(Uzman_E!A$4-D31)) -> 0 | F31: =IF(ISBLANK(D31),0,INDEX(Tablo_E!$B$2:$CX$102,MATCH(ROUND(Uzman_E!A$4,1),Tablo_E!$A$2:$A$102,1),MATCH(ROUND(E31,1),Tablo_E!$B$1:$CX$1,1))) -> 0 | H31: =IF(ISBLANK(G31),0,ABS(Uzman_E!B$4-G31)) -> 0 | I31: =IF(ISBLANK(G31),0,INDEX(Tablo_E!$B$2:$CX$102,MATCH(ROUND(Uzman_E!B$4,1),Tablo_E!$A$2:$A$102,1),MATCH(ROUND(H31,1),Tablo_E!$B$1:$CX$1,1))) -> 0 | K31: =IF(ISBLANK(J31),0,ABS(Uzman_E!C$4-J31)) -> 0 | L31: =IF(ISBLANK(J31),0,INDEX(Tablo_E!$B$2:$CX$102,MATCH(ROUND(Uzman_E!C$4,1),Tablo_E!$A$2:$A$102,1),MATCH(ROUND(K31,1),Tablo_E!$B$1:$CX$1,1))) -> 0 | N31: =IF(ISBLANK(M31),0,ABS(Uzman_E!D$4-M31)) -> 0 | O31: =IF(ISBLANK(M31),0,INDEX(Tablo_E!$B$2:$CX$102,MATCH(ROUND(Uzman_E!D$4,1),Tablo_E!$A$2:$A$102,1),MATCH(ROUND(N31,1),Tablo_E!$B$1:$CX$1,1))) -> 0 | Q31: =IF(ISBLANK(P31),0,ABS(Uzman_E!E$4-P31)) -> 0 | R31: =IF(ISBLANK(P31),0,INDEX(Tablo_E!$B$2:$CX$102,MATCH(ROUND(Uzman_E!B$4,1),Tablo_E!$A$2:$A$102,1),MATCH(ROUND(Q31,1),Tablo_E!$B$1:$CX$1,1))) -> 0 | S31: =(F31+I31+L31+O31+R31)/5 -> 0
A32: 29 | B32: =Hakemler!B32 -> 0 | C32: =Hakemler!C32 -> 0 | E32: =IF(ISBLANK(D32),0,ABS(Uzman_E!A$4-D32)) -> 0 | F32: =IF(ISBLANK(D32),0,INDEX(Tablo_E!$B$2:$CX$102,MATCH(ROUND(Uzman_E!A$4,1),Tablo_E!$A$2:$A$102,1),MATCH(ROUND(E32,1),Tablo_E!$B$1:$CX$1,1))) -> 0 | H32: =IF(ISBLANK(G32),0,ABS(Uzman_E!B$4-G32)) -> 0 | I32: =IF(ISBLANK(G32),0,INDEX(Tablo_E!$B$2:$CX$102,MATCH(ROUND(Uzman_E!B$4,1),Tablo_E!$A$2:$A$102,1),MATCH(ROUND(H32,1),Tablo_E!$B$1:$CX$1,1))) -> 0 | K32: =IF(ISBLANK(J32),0,ABS(Uzman_E!C$4-J32)) -> 0 | L32: =IF(ISBLANK(J32),0,INDEX(Tablo_E!$B$2:$CX$102,MATCH(ROUND(Uzman_E!C$4,1),Tablo_E!$A$2:$A$102,1),MATCH(ROUND(K32,1),Tablo_E!$B$1:$CX$1,1))) -> 0 | N32: =IF(ISBLANK(M32),0,ABS(Uzman_E!D$4-M32)) -> 0 | O32: =IF(ISBLANK(M32),0,INDEX(Tablo_E!$B$2:$CX$102,MATCH(ROUND(Uzman_E!D$4,1),Tablo_E!$A$2:$A$102,1),MATCH(ROUND(N32,1),Tablo_E!$B$1:$CX$1,1))) -> 0 | Q32: =IF(ISBLANK(P32),0,ABS(Uzman_E!E$4-P32)) -> 0 | R32: =IF(ISBLANK(P32),0,INDEX(Tablo_E!$B$2:$CX$102,MATCH(ROUND(Uzman_E!B$4,1),Tablo_E!$A$2:$A$102,1),MATCH(ROUND(Q32,1),Tablo_E!$B$1:$CX$1,1))) -> 0 | S32: =(F32+I32+L32+O32+R32)/5 -> 0
A33: 30 | B33: =Hakemler!B33 -> 0 | C33: =Hakemler!C33 -> 0 | E33: =IF(ISBLANK(D33),0,ABS(Uzman_E!A$4-D33)) -> 0 | F33: =IF(ISBLANK(D33),0,INDEX(Tablo_E!$B$2:$CX$102,MATCH(ROUND(Uzman_E!A$4,1),Tablo_E!$A$2:$A$102,1),MATCH(ROUND(E33,1),Tablo_E!$B$1:$CX$1,1))) -> 0 | H33: =IF(ISBLANK(G33),0,ABS(Uzman_E!B$4-G33)) -> 0 | I33: =IF(ISBLANK(G33),0,INDEX(Tablo_E!$B$2:$CX$102,MATCH(ROUND(Uzman_E!B$4,1),Tablo_E!$A$2:$A$102,1),MATCH(ROUND(H33,1),Tablo_E!$B$1:$CX$1,1))) -> 0 | K33: =IF(ISBLANK(J33),0,ABS(Uzman_E!C$4-J33)) -> 0 | L33: =IF(ISBLANK(J33),0,INDEX(Tablo_E!$B$2:$CX$102,MATCH(ROUND(Uzman_E!C$4,1),Tablo_E!$A$2:$A$102,1),MATCH(ROUND(K33,1),Tablo_E!$B$1:$CX$1,1))) -> 0 | N33: =IF(ISBLANK(M33),0,ABS(Uzman_E!D$4-M33)) -> 0 | O33: =IF(ISBLANK(M33),0,INDEX(Tablo_E!$B$2:$CX$102,MATCH(ROUND(Uzman_E!D$4,1),Tablo_E!$A$2:$A$102,1),MATCH(ROUND(N33,1),Tablo_E!$B$1:$CX$1,1))) -> 0 | Q33: =IF(ISBLANK(P33),0,ABS(Uzman_E!E$4-P33)) -> 0 | R33: =IF(ISBLANK(P33),0,INDEX(Tablo_E!$B$2:$CX$102,MATCH(ROUND(Uzman_E!B$4,1),Tablo_E!$A$2:$A$102,1),MATCH(ROUND(Q33,1),Tablo_E!$B$1:$CX$1,1))) -> 0 | S33: =(F33+I33+L33+O33+R33)/5 -> 0
... A103: 100 | B103: =Hakemler!B103 -> 0 | C103: =Hakemler!C103 -> 0 | E103: =IF(ISBLANK(D103),0,ABS(Uzman_E!A$4-D103)) -> 0 | F103: =IF(ISBLANK(D103),0,INDEX(Tablo_E!$B$2:$CX$102,MATCH(ROUND(Uzman_E!A$4,1),Tablo_E!$A$2:$A$102,1),MATCH(ROUND(E103,1),Tablo_E!$B$1:$CX$1,1))) -> 0 | H103: =IF(ISBLANK(G103),0,ABS(Uzman_E!B$4-G103)) -> 0 | I103: =IF(ISBLANK(G103),0,INDEX(Tablo_E!$B$2:$CX$102,MATCH(ROUND(Uzman_E!B$4,1),Tablo_E!$A$2:$A$102,1),MATCH(ROUND(H103,1),Tablo_E!$B$1:$CX$1,1))) -> 0 | K103: =IF(ISBLANK(J103),0,ABS(Uzman_E!C$4-J103)) -> 0 | L103: =IF(ISBLANK(J103),0,INDEX(Tablo_E!$B$2:$CX$102,MATCH(ROUND(Uzman_E!C$4,1),Tablo_E!$A$2:$A$102,1),MATCH(ROUND(K103,1),Tablo_E!$B$1:$CX$1,1))) -> 0 | N103: =IF(ISBLANK(M103),0,ABS(Uzman_E!D$4-M103)) -> 0 | O103: =IF(ISBLANK(M103),0,INDEX(Tablo_E!$B$2:$CX$102,MATCH(ROUND(Uzman_E!D$4,1),Tablo_E!$A$2:$A$102,1),MATCH(ROUND(N103,1),Tablo_E!$B$1:$CX$1,1))) -> 0 | Q103: =IF(ISBLANK(P103),0,ABS(Uzman_E!E$4-P103)) -> 0 | R103: =IF(ISBLANK(P103),0,INDEX(Tablo_E!$B$2:$CX$102,MATCH(ROUND(Uzman_E!B$4,1),Tablo_E!$A$2:$A$102,1),MATCH(ROUND(Q103,1),Tablo_E!$B$1:$CX$1,1))) -> 0 | S103: =(F103+I103+L103+O103+R103)/5 -> 0

Sheet KP_D
A1: KIZ PARALELI - D Puanı
A2: No. | B2: Soyadı | C2: Adı | D2: D1 | Q2: D2 | AD2: D3 | AQ2: D4 | BD2: D5
D3: A | E3: B | F3: C | G3: D | H3: E | I3: F | J3: G | K3: H | L3: I | M3: J | N3: KG | O3: BD | P3: P | Q3: A | R3: B | S3: C | T3: D | U3: E | V3: F | W3: G | X3: H | Y3: I | Z3: J | AA3: KG | AB3: BD | AC3: P | AD3: A | AE3: B | AF3: C | AG3: D | AH3: E | AI3: F | AJ3: G | AK3: H | AL3: I | AM3: J | AN3: KG | AO3: BD | AP3: P | AQ3: A | AR3: B | AS3: C | AT3: D | AU3: E | AV3: F | AW3: G | AX3: H | AY3: I | AZ3: J | BA3: KG | BB3: BD | BC3: P | BD3: A | BE3: B | BF3: C | BG3: D | BH3: E | BI3: F | BJ3: G | BK3: H | BL3: I | BM3: J | BN3: KG | BO3: BD | BP3: P | BQ3: Ortalama
A4: 1 | B4: =Hakemler!B4 -> Yalçıner | C4: =Hakemler!C4 -> Yunus Emre | D4: 0 | E4: 0 | F4: 0 | G4: 4 | H4: 2 | I4: 2 | J4: 0 | K4: 0 | L4: 0 | M4: 0 | N4: 2 | O4: 0.7 | P4: =1 - ( SUM( IF(D4-Uzman_D!$B$4<0, -(D4-Uzman_D!$B$4), D4-Uzman_D!$B$4)*0.1 + IF(E4-Uzman_D!$C$4<0, -(E4-Uzman_D!$C$4), E4-Uzman_D!$C$4)*0.1 + IF(F4-Uzman_D!$D$4<0, -(F4-Uzman_D!$D$4), F4-Uzman_D!$D$4)*0.1 + IF(G4-Uzman_D!$E$4<0, -(G4-Uzman_D!$E$4), G4-Uzman_D!$E$4)*0.1 + IF(H4-Uzman_D!$F$4<0, -(H4-Uzman_D!$F$4), H4-Uzman_D!$F$4)*0.1 + IF(I4-Uzman_D!$G$4<0, -(I4-Uzman_D!$G$4), I4-Uzman_D!$G$4)*0.1 + IF(J4-Uzman_D!$H$4<0, -(J4-Uzman_D!$H$4), J4-Uzman_D!$H$4)*0.1 + IF(K4-Uzman_D!$I$4<0, -(K4-Uzman_D!$I$4), K4-Uzman_D!$I$4)*0.1 + IF(L4-Uzman_D!$J$4<0, -(L4-Uzman_D!$J$4), L4-Uzman_D!$J$4)*0.1 ) + IF(ROUND((IF(N4-Uzman_D!$L$4<0, -(N4-Uzman_D!$L$4), N4-Uzman_D!$L$4)*2),0)/2 = IF(N4-Uzman_D!$L$4<0, -(N4-Uzman_D!$L$4), N4-Uzman_D!$L$4), (ROUND((IF(N4-Uzman_D!$L$4<0, -(N4-Uzman_D!$L$4), N4-Uzman_D!$L$4)*2),0)/1 * 0.1), 0) + IF(O4-Uzman_D!$M$4<0, -(O4-Uzman_D!$M$4), O4-Uzman_D!$M$4)*1 ) -> 1 | Q4: 0 | R4: 0 | S4: 0 | T4: 5 | U4: 3 | V4: 0 | W4: 0 | X4: 0 | Y4: 0 | Z4: 0 | AA4: 2 | AB4: 0.3 | AC4: =1 - ( SUM( IF(Q4-Uzman_D!$B$5<0, -(Q4-Uzman_D!$B$5), Q4-Uzman_D!$B$5)*0.1 + IF(R4-Uzman_D!$C$5<0, -(R4-Uzman_D!$C$5), R4-Uzman_D!$C$5)*0.1 + IF(S4-Uzman_D!$D$5<0, -(S4-Uzman_D!$D$5), S4-Uzman_D!$D$5)*0.1 + IF(T4-Uzman_D!$E$5<0, -(T4-Uzman_D!$E$5), T4-Uzman_D!$E$5)*0.1 + IF(U4-Uzman_D!$F$5<0, -(U4-Uzman_D!$F$5), U4-Uzman_D!$F$5)*0.1 + IF(V4-Uzman_D!$G$5<0, -(V4-Uzman_D!$G$5), V4-Uzman_D!$G$5)*0.1 + IF(W4-Uzman_D!$H$5<0, -(W4-Uzman_D!$H$5), W4-Uzman_D!$H$5)*0.1 + IF(X4-Uzman_D!$I$5<0, -(X4-Uzman_D!$I$5), X4-Uzman_D!$I$5)*0.1 + IF(Y4-Uzman_D!$J$5<0, -(Y4-Uzman_D!$J$5), Y4-Uzman_D!$J$5)*0.1 ) + IF(ROUND((IF(AA4-Uzman_D!$L$5<0, -(AA4-Uzman_D!$L$5), AA4-Uzman_D!$L$5)*2),0)/2 = IF(AA4-Uzman_D!$L$5<0, -(AA4-Uzman_D!$L$5), AA4-Uzman_D!$L$5), (ROUND((IF(AA4-Uzman_D!$L$5<0, -(AA4-Uzman_D!$L$5), AA4-Uzman_D!$L$5)*2),0)/1 * 0.1), 0) + IF(AB4-Uzman_D!$M$5<0, -(AB4-Uzman_D!$M$5), AB4-Uzman_D!$M$5)*1 ) -> 1 | AD4: 0 | AE4: 1 | AF4: 2 | AG4: 5 | AH4: 0 | AI4: 0 | AJ4: 0 | AK4: 0 | AL4: 0 | AM4: 0 | AN4: 2 | AO4: 0.4 | AP4: =1 - ( SUM( IF(AD4-Uzman_D!$B$6<0, -(AD4-Uzman_D!$B$6), AD4-Uzman_D!$B$6)*0.1 + IF(AE4-Uzman_D!$C$6<0, -(AE4-Uzman_D!$C$6), AE4-Uzman_D!$C$6)*0.1 + IF(AF4-Uzman_D!$D$6<0, -(AF4-Uzman_D!$D$6), AF4-Uzman_D!$D$6)*0.1 + IF(AG4-Uzman_D!$E$6<0, -(AG4-Uzman_D!$E$6), AG4-Uzman_D!$E$6)*0.1 + IF(AH4-Uzman_D!$F$6<0, -(AH4-Uzman_D!$F$6), AH4-Uzman_D!$F$6)*0.1 + IF(AI4-Uzman_D!$G$6<0, -(AI4-Uzman_D!$G$6), AI4-Uzman_D!$G$6)*0.1 + IF(AJ4-Uzman_D!$H$6<0, -(AJ4-Uzman_D!$H$6), AJ4-Uzman_D!$H$6)*0.1 + IF(AK4-Uzman_D!$I$6<0, -(AK4-Uzman_D!$I$6), AK4-Uzman_D!$I$6)*0.1 + IF(AL4-Uzman_D!$J$6<0, -(AL4-Uzman_D!$J$6), AL4-Uzman_D!$J$6)*0.1 ) + IF(ROUND((IF(AN4-Uzman_D!$L$6<0, -(AN4-Uzman_D!$L$6), AN4-Uzman_D!$L$6)*2),0)/2 = IF(AN4-Uzman_D!$L$6<0, -(AN4-Uzman_D!$L$6), AN4-Uzman_D!$L$6), (ROUND((IF(AN4-Uzman_D!$L$6<0, -(AN4-Uzman_D!$L$6), AN4-Uzman_D!$L$6)*2),0)/1 * 0.1), 0) + IF(AO4-Uzman_D!$M$6<0, -(AO4-Uzman_D!$M$6), AO4-Uzman_D!$M$6)*1 ) -> 1 | AQ4: 0 | AR4: 1 | AS4: 3 | AT4: 4 | AU4: 0 | AV4: 0 | AW4: 0 | AX4: 0 | AY4: 0 | AZ4: 0 | BA4: 2 | BB4: 0.3 | BC4: =1 - ( SUM( IF(AQ4-Uzman_D!$B$7<0, -(AQ4-Uzman_D!$B$7), AQ4-Uzman_D!$B$7)*0.1 + IF(AR4-Uzman_D!$C$7<0, -(AR4-Uzman_D!$C$7), AR4-Uzman_D!$C$7)*0.1 + IF(AS4-Uzman_D!$D$7<0, -(AS4-Uzman_D!$D$7), AS4-Uzman_D!$D$7)*0.1 + IF(AT4-Uzman_D!$E$7<0, -(AT4-Uzman_D!$E$7), AT4-Uzman_D!$E$7)*0.1 + IF(AU4-Uzman_D!$F$7<0, -(AU4-Uzman_D!$F$7), AU4-Uzman_D!$F$7)*0.1 + IF(AV4-Uzman_D!$G$7<0, -(AV4-Uzman_D!$G$7), AV4-Uzman_D!$G$7)*0.1 + IF(AW4-Uzman_D!$H$7<0, -(AW4-Uzman_D!$H$7), AW4-Uzman_D!$H$7)*0.1 + IF(AX4-Uzman_D!$I$7<0, -(AX4-Uzman_D!$I$7), AX4-Uzman_D!$I$7)*0.1 + IF(AY4-Uzman_D!$J$7<0, -(AY4-Uzman_D!$J$7), AY4-Uzman_D!$J$7)*0.1 ) + IF(ROUND((IF(BA4-Uzman_D!$L$7<0, -(BA4-Uzman_D!$L$7), BA4-Uzman_D!$L$7)*2),0)/2 = IF(BA4-Uzman_D!$L$7<0, -(BA4-Uzman_D!$L$7), BA4-Uzman_D!$L$7), (ROUND((IF(BA4-Uzman_D!$L$7<0, -(BA4-Uzman_D!$L$7), BA4-Uzman_D!$L$7)*2),0)/1 * 0.1), 0) + IF(BB4-Uzman_D!$M$7<0, -(BB4-Uzman_D!$M$7), BB4-Uzman_D!$M$7)*1 ) -> 1 | BD4: 0 | BE4: 4 | BF4: 2 | BG4: 2 | BH4: 0 | BI4: 0 | BJ4: 0 | BK4: 0 | BL4: 0 | BM4: 0 | BN4: 2 | BO4: 0 | BP4: =1 - ( SUM( IF(BD4-Uzman_D!$B$8<0, -(BD4-Uzman_D!$B$8), BD4-Uzman_D!$B$8)*0.1 + IF(BE4-Uzman_D!$C$8<0, -(BE4-Uzman_D!$C$8), BE4-Uzman_D!$C$8)*0.1 + IF(BF4-Uzman_D!$D$8<0, -(BF4-Uzman_D!$D$8), BF4-Uzman_D!$D$8)*0.1 + IF(BG4-Uzman_D!$E$8<0, -(BG4-Uzman_D!$E$8), BG4-Uzman_D!$E$8)*0.1 + IF(BH4-Uzman_D!$F$8<0, -(BH4-Uzman_D!$F$8), BH4-Uzman_D!$F$8)*0.1 + IF(BI4-Uzman_D!$G$8<0, -(BI4-Uzman_D!$G$8), BI4-Uzman_D!$G$8)*0.1 + IF(BJ4-Uzman_D!$H$8<0, -(BJ4-Uzman_D!$H$8), BJ4-Uzman_D!$H$8)*0.1 + IF(BK4-Uzman_D!$I$8<0, -(BK4-Uzman_D!$I$8), BK4-Uzman_D!$I$8)*0.1 + IF(BL4-Uzman_D!$J$8<0, -(BL4-Uzman_D!$J$8), BL4-Uzman_D!$J$8)*0.1 ) + IF(ROUND((IF(BN4-Uzman_D!$L$8<0, -(BN4-Uzman_D!$L$8), BN4-Uzman_D!$L$8)*2),0)/2 = IF(BN4-Uzman_D!$L$8<0, -(BN4-Uzman_D!$L$8), BN4-Uzman_D!$L$8), (ROUND((IF(BN4-Uzman_D!$L$8<0, -(BN4-Uzman_D!$L$8), BN4-Uzman_D!$L$8)*2),0)/1 * 0.1), 0) + IF(BO4-Uzman_D!$M$8<0, -(BO4-Uzman_D!$M$8), BO4-Uzman_D!$M$8)*1 ) -> 1 | BQ4: =(P4+AC4+AP4+BC4+BP4)/5 -> 1
A5: 2 | B5: =Hakemler!B5 -> Deneme | C5: =Hakemler!C5 -> Hakem | P5: =1 - ( SUM( IF(D5-Uzman_D!$B$4<0, -(D5-Uzman_D!$B$4), D5-Uzman_D!$B$4)*0.1 + IF(E5-Uzman_D!$C$4<0, -(E5-Uzman_D!$C$4), E5-Uzman_D!$C$4)*0.1 + IF(F5-Uzman_D!$D$4<0, -(F5-Uzman_D!$D$4), F5-Uzman_D!$D$4)*0.1 + IF(G5-Uzman_D!$E$4<0, -(G5-Uzman_D!$E$4), G5-Uzman_D!$E$4)*0.1 + IF(H5-Uzman_D!$F$4<0, -(H5-Uzman_D!$F$4), H5-Uzman_D!$F$4)*0.1 + IF(I5-Uzman_D!$G$4<0, -(I5-Uzman_D!$G$4), I5-Uzman_D!$G$4)*0.1 + IF(J5-Uzman_D!$H$4<0, -(J5-Uzman_D!$H$4), J5-Uzman_D!$H$4)*0.1 + IF(K5-Uzman_D!$I$4<0, -(K5-Uzman_D!$I$4), K5-Uzman_D!$I$4)*0.1 + IF(L5-Uzman_D!$J$4<0, -(L5-Uzman_D!$J$4), L5-Uzman_D!$J$4)*0.1 ) + IF(ROUND((IF(N5-Uzman_D!$L$4<0, -(N5-Uzman_D!$L$4), N5-Uzman_D!$L$4)*2),0)/2 = IF(N5-Uzman_D!$L$4<0, -(N5-Uzman_D!$L$4), N5-Uzman_D!$L$4), (ROUND((IF(N5-Uzman_D!$L$4<0, -(N5-Uzman_D!$L$4), N5-Uzman_D!$L$4)*2),0)/1 * 0.1), 0) + IF(O5-Uzman_D!$M$4<0, -(O5-Uzman_D!$M$4), O5-Uzman_D!$M$4)*1 ) -> -0.9 | AC5: =1 - ( SUM( IF(Q5-Uzman_D!$B$5<0, -(Q5-Uzman_D!$B$5), Q5-Uzman_D!$B$5)*0.1 + IF(R5-Uzman_D!$C$5<0, -(R5-Uzman_D!$C$5), R5-Uzman_D!$C$5)*0.1 + IF(S5-Uzman_D!$D$5<0, -(S5-Uzman_D!$D$5), S5-Uzman_D!$D$5)*0.1 + IF(T5-Uzman_D!$E$5<0, -(T5-Uzman_D!$E$5), T5-Uzman_D!$E$5)*0.1 + IF(U5-Uzman_D!$F$5<0, -(U5-Uzman_D!$F$5), U5-Uzman_D!$F$5)*0.1 + IF(V5-Uzman_D!$G$5<0, -(V5-Uzman_D!$G$5), V5-Uzman_D!$G$5)*0.1 + IF(W5-Uzman_D!$H$5<0, -(W5-Uzman_D!$H$5), W5-Uzman_D!$H$5)*0.1 + IF(X5-Uzman_D!$I$5<0, -(X5-Uzman_D!$I$5), X5-Uzman_D!$I$5)*0.1 + IF(Y5-Uzman_D!$J$5<0, -(Y5-Uzman_D!$J$5), Y5-Uzman_D!$J$5)*0.1 ) + IF(ROUND((IF(AA5-Uzman_D!$L$5<0, -(AA5-Uzman_D!$L$5), AA5-Uzman_D!$L$5)*2),0)/2 = IF(AA5-Uzman_D!$L$5<0, -(AA5-Uzman_D!$L$5), AA5-Uzman_D!$L$5), (ROUND((IF(AA5-Uzman_D!$L$5<0, -(AA5-Uzman_D!$L$5), AA5-Uzman_D!$L$5)*2),0)/1 * 0.1), 0) + IF(AB5-Uzman_D!$M$5<0, -(AB5-Uzman_D!$M$5), AB5-Uzman_D!$M$5)*1 ) -> -0.5 | AP5: =1 - ( SUM( IF(AD5-Uzman_D!$B$6<0, -(AD5-Uzman_D!$B$6), AD5-Uzman_D!$B$6)*0.1 + IF(AE5-Uzman_D!$C$6<0, -(AE5-Uzman_D!$C$6), AE5-Uzman_D!$C$6)*0.1 + IF(AF5-Uzman_D!$D$6<0, -(AF5-Uzman_D!$D$6), AF5-Uzman_D!$D$6)*0.1 + IF(AG5-Uzman_D!$E$6<0, -(AG5-Uzman_D!$E$6), AG5-Uzman_D!$E$6)*0.1 + IF(AH5-Uzman_D!$F$6<0, -(AH5-Uzman_D!$F$6), AH5-Uzman_D!$F$6)*0.1 + IF(AI5-Uzman_D!$G$6<0, -(AI5-Uzman_D!$G$6), AI5-Uzman_D!$G$6)*0.1 + IF(AJ5-Uzman_D!$H$6<0, -(AJ5-Uzman_D!$H$6), AJ5-Uzman_D!$H$6)*0.1 + IF(AK5-Uzman_D!$I$6<0, -(AK5-Uzman_D!$I$6), AK5-Uzman_D!$I$6)*0.1 + IF(AL5-Uzman_D!$J$6<0, -(AL5-Uzman_D!$J$6), AL5-Uzman_D!$J$6)*0.1 ) + IF(ROUND((IF(AN5-Uzman_D!$L$6<0, -(AN5-Uzman_D!$L$6), AN5-Uzman_D!$L$6)*2),0)/2 = IF(AN5-Uzman_D!$L$6<0, -(AN5-Uzman_D!$L$6), AN5-Uzman_D!$L$6), (ROUND((IF(AN5-Uzman_D!$L$6<0, -(AN5-Uzman_D!$L$6), AN5-Uzman_D!$L$6)*2),0)/1 * 0.1), 0) + IF(AO5-Uzman_D!$M$6<0, -(AO5-Uzman_D!$M$6), AO5-Uzman_D!$M$6)*1 ) -> -0.6 | BC5: =1 - ( SUM( IF(AQ5-Uzman_D!$B$7<0, -(AQ5-Uzman_D!$B$7), AQ5-Uzman_D!$B$7)*0.1 + IF(AR5-Uzman_D!$C$7<0, -(AR5-Uzman_D!$C$7), AR5-Uzman_D!$C$7)*0.1 + IF(AS5-Uzman_D!$D$7<0, -(AS5-Uzman_D!$D$7), AS5-Uzman_D!$D$7)*0.1 + IF(AT5-Uzman_D!$E$7<0, -(AT5-Uzman_D!$E$7), AT5-Uzman_D!$E$7)*0.1 + IF(AU5-Uzman_D!$F$7<0, -(AU5-Uzman_D!$F$7), AU5-Uzman_D!$F$7)*0.1 + IF(AV5-Uzman_D!$G$7<0, -(AV5-Uzman_D!$G$7), AV5-Uzman_D!$G$7)*0.1 + IF(AW5-Uzman_D!$H$7<0, -(AW5-Uzman_D!$H$7), AW5-Uzman_D!$H$7)*0.1 + IF(AX5-Uzman_D!$I$7<0, -(AX5-Uzman_D!$I$7), AX5-Uzman_D!$I$7)*0.1 + IF(AY5-Uzman_D!$J$7<0, -(AY5-Uzman_D!$J$7), AY5-Uzman_D!$J$7)*0.1 ) + IF(ROUND((IF(BA5-Uzman_D!$L$7<0, -(BA5-Uzman_D!$L$7), BA5-Uzman_D!$L$7)*2),0)/2 = IF(BA5-Uzman_D!$L$7<0, -(BA5-Uzman_D!$L$7), BA5-Uzman_D!$L$7), (ROUND((IF(BA5-Uzman_D!$L$7<0, -(BA5-Uzman_D!$L$7), BA5-Uzman_D!$L$7)*2),0)/1 * 0.1), 0) + IF(BB5-Uzman_D!$M$7<0, -(BB5-Uzman_D!$M$7), BB5-Uzman_D!$M$7)*1 ) -> -0.5 | BP5: =1 - ( SUM( IF(BD5-Uzman_D!$B$8<0, -(BD5-Uzman_D!$B$8), BD5-Uzman_D!$B$8)*0.1 + IF(BE5-Uzman_D!$C$8<0, -(BE5-Uzman_D!$C$8), BE5-Uzman_D!$C$8)*0.1 + IF(BF5-Uzman_D!$D$8<0, -(BF5-Uzman_D!$D$8), BF5-Uzman_D!$D$8)*0.1 + IF(BG5-Uzman_D!$E$8<0, -(BG5-Uzman_D!$E$8), BG5-Uzman_D!$E$8)*0.1 + IF(BH5-Uzman_D!$F$8<0, -(BH5-Uzman_D!$F$8), BH5-Uzman_D!$F$8)*0.1 + IF(BI5-Uzman_D!$G$8<0, -(BI5-Uzman_D!$G$8), BI5-Uzman_D!$G$8)*0.1 + IF(BJ5-Uzman_D!$H$8<0, -(BJ5-Uzman_D!$H$8), BJ5-Uzman_D!$H$8)*0.1 + IF(BK5-Uzman_D!$I$8<0, -(BK5-Uzman_D!$I$8), BK5-Uzman_D!$I$8)*0.1 + IF(BL5-Uzman_D!$J$8<0, -(BL5-Uzman_D!$J$8), BL5-Uzman_D!$J$8)*0.1 ) + IF(ROUND((IF(BN5-Uzman_D!$L$8<0, -(BN5-Uzman_D!$L$8), BN5-Uzman_D!$L$8)*2),0)/2 = IF(BN5-Uzman_D!$L$8<0, -(BN5-Uzman_D!$L$8), BN5-Uzman_D!$L$8), (ROUND((IF(BN5-Uzman_D!$L$8<0, -(BN5-Uzman_D!$L$8), BN5-Uzman_D!$L$8)*2),0)/1 * 0.1), 0) + IF(BO5-Uzman_D!$M$8<0, -(BO5-Uzman_D!$M$8), BO5-Uzman_D!$M$8)*1 ) -> -0.2 | BQ5: =(P5+AC5+AP5+BC5+BP5)/5 -> -0.54
A6: 3 | B6: =Hakemler!B6 -> 0 | C6: =Hakemler!C6 -> 0 | P6: =1 - ( SUM( IF(D6-Uzman_D!$B$4<0, -(D6-Uzman_D!$B$4), D6-Uzman_D!$B$4)*0.1 + IF(E6-Uzman_D!$C$4<0, -(E6-Uzman_D!$C$4), E6-Uzman_D!$C$4)*0.1 + IF(F6-Uzman_D!$D$4<0, -(F6-Uzman_D!$D$4), F6-Uzman_D!$D$4)*0.1 + IF(G6-Uzman_D!$E$4<0, -(G6-Uzman_D!$E$4), G6-Uzman_D!$E$4)*0.1 + IF(H6-Uzman_D!$F$4<0, -(H6-Uzman_D!$F$4), H6-Uzman_D!$F$4)*0.1 + IF(I6-Uzman_D!$G$4<0, -(I6-Uzman_D!$G$4), I6-Uzman_D!$G$4)*0.1 + IF(J6-Uzman_D!$H$4<0, -(J6-Uzman_D!$H$4), J6-Uzman_D!$H$4)*0.1 + IF(K6-Uzman_D!$I$4<0, -(K6-Uzman_D!$I$4), K6-Uzman_D!$I$4)*0.1 + IF(L6-Uzman_D!$J$4<0, -(L6-Uzman_D!$J$4), L6-Uzman_D!$J$4)*0.1 ) + IF(ROUND((IF(N6-Uzman_D!$L$4<0, -(N6-Uzman_D!$L$4), N6-Uzman_D!$L$4)*2),0)/2 = IF(N6-Uzman_D!$L$4<0, -(N6-Uzman_D!$L$4), N6-Uzman_D!$L$4), (ROUND((IF(N6-Uzman_D!$L$4<0, -(N6-Uzman_D!$L$4), N6-Uzman_D!$L$4)*2),0)/1 * 0.1), 0) + IF(O6-Uzman_D!$M$4<0, -(O6-Uzman_D!$M$4), O6-Uzman_D!$M$4)*1 ) -> -0.9 | AC6: =1 - ( SUM( IF(Q6-Uzman_D!$B$5<0, -(Q6-Uzman_D!$B$5), Q6-Uzman_D!$B$5)*0.1 + IF(R6-Uzman_D!$C$5<0, -(R6-Uzman_D!$C$5), R6-Uzman_D!$C$5)*0.1 + IF(S6-Uzman_D!$D$5<0, -(S6-Uzman_D!$D$5), S6-Uzman_D!$D$5)*0.1 + IF(T6-Uzman_D!$E$5<0, -(T6-Uzman_D!$E$5), T6-Uzman_D!$E$5)*0.1 + IF(U6-Uzman_D!$F$5<0, -(U6-Uzman_D!$F$5), U6-Uzman_D!$F$5)*0.1 + IF(V6-Uzman_D!$G$5<0, -(V6-Uzman_D!$G$5), V6-Uzman_D!$G$5)*0.1 + IF(W6-Uzman_D!$H$5<0, -(W6-Uzman_D!$H$5), W6-Uzman_D!$H$5)*0.1 + IF(X6-Uzman_D!$I$5<0, -(X6-Uzman_D!$I$5), X6-Uzman_D!$I$5)*0.1 + IF(Y6-Uzman_D!$J$5<0, -(Y6-Uzman_D!$J$5), Y6-Uzman_D!$J$5)*0.1 ) + IF(ROUND((IF(AA6-Uzman_D!$L$5<0, -(AA6-Uzman_D!$L$5), AA6-Uzman_D!$L$5)*2),0)/2 = IF(AA6-Uzman_D!$L$5<0, -(AA6-Uzman_D!$L$5), AA6-Uzman_D!$L$5), (ROUND((IF(AA6-Uzman_D!$L$5<0, -(AA6-Uzman_D!$L$5), AA6-Uzman_D!$L$5)*2),0)/1 * 0.1), 0) + IF(AB6-Uzman_D!$M$5<0, -(AB6-Uzman_D!$M$5), AB6-Uzman_D!$M$5)*1 ) -> -0.5 | AP6: =1 - ( SUM( IF(AD6-Uzman_D!$B$6<0, -(AD6-Uzman_D!$B$6), AD6-Uzman_D!$B$6)*0.1 + IF(AE6-Uzman_D!$C$6<0, -(AE6-Uzman_D!$C$6), AE6-Uzman_D!$C$6)*0.1 + IF(AF6-Uzman_D!$D$6<0, -(AF6-Uzman_D!$D$6), AF6-Uzman_D!$D$6)*0.1 + IF(AG6-Uzman_D!$E$6<0, -(AG6-Uzman_D!$E$6), AG6-Uzman_D!$E$6)*0.1 + IF(AH6-Uzman_D!$F$6<0, -(AH6-Uzman_D!$F$6), AH6-Uzman_D!$F$6)*0.1 + IF(AI6-Uzman_D!$G$6<0, -(AI6-Uzman_D!$G$6), AI6-Uzman_D!$G$6)*0.1 + IF(AJ6-Uzman_D!$H$6<0, -(AJ6-Uzman_D!$H$6), AJ6-Uzman_D!$H$6)*0.1 + IF(AK6-Uzman_D!$I$6<0, -(AK6-Uzman_D!$I$6), AK6-Uzman_D!$I$6)*0.1 + IF(AL6-Uzman_D!$J$6<0, -(AL6-Uzman_D!$J$6), AL6-Uzman_D!$J$6)*0.1 ) + IF(ROUND((IF(AN6-Uzman_D!$L$6<0, -(AN6-Uzman_D!$L$6), AN6-Uzman_D!$L$6)*2),0)/2 = IF(AN6-Uzman_D!$L$6<0, -(AN6-Uzman_D!$L$6), AN6-Uzman_D!$L$6), (ROUND((IF(AN6-Uzman_D!$L$6<0, -(AN6-Uzman_D!$L$6), AN6-Uzman_D!$L$6)*2),0)/1 * 0.1), 0) + IF(AO6-Uzman_D!$M$6<0, -(AO6-Uzman_D!$M$6), AO6-Uzman_D!$M$6)*1 ) -> -0.6 | BC6: =1 - ( SUM( IF(AQ6-Uzman_D!$B$7<0, -(AQ6-Uzman_D!$B$7), AQ6-Uzman_D!$B$7)*0.1 + IF(AR6-Uzman_D!$C$7<0, -(AR6-Uzman_D!$C$7), AR6-Uzman_D!$C$7)*0.1 + IF(AS6-Uzman_D!$D$7<0, -(AS6-Uzman_D!$D$7), AS6-Uzman_D!$D$7)*0.1 + IF(AT6-Uzman_D!$E$7<0, -(AT6-Uzman_D!$E$7), AT6-Uzman_D!$E$7)*0.1 + IF(AU6-Uzman_D!$F$7<0, -(AU6-Uzman_D!$F$7), AU6-Uzman_D!$F$7)*0.1 + IF(AV6-Uzman_D!$G$7<0, -(AV6-Uzman_D!$G$7), AV6-Uzman_D!$G$7)*0.1 + IF(AW6-Uzman_D!$H$7<0, -(AW6-Uzman_D!$H$7), AW6-Uzman_D!$H$7)*0.1 + IF(AX6-Uzman_D!$I$7<0, -(AX6-Uzman_D!$I$7), AX6-Uzman_D!$I$7)*0.1 + IF(AY6-Uzman_D!$J$7<0, -(AY6-Uzman_D!$J$7), AY6-Uzman_D!$J$7)*0.1 ) + IF(ROUND((IF(BA6-Uzman_D!$L$7<0, -(BA6-Uzman_D!$L$7), BA6-Uzman_D!$L$7)*2),0)/2 = IF(BA6-Uzman_D!$L$7<0, -(BA6-Uzman_D!$L$7), BA6-Uzman_D!$L$7), (ROUND((IF(BA6-Uzman_D!$L$7<0, -(BA6-Uzman_D!$L$7), BA6-Uzman_D!$L$7)*2),0)/1 * 0.1), 0) + IF(BB6-Uzman_D!$M$7<0, -(BB6-Uzman_D!$M$7), BB6-Uzman_D!$M$7)*1 ) -> -0.5 | BP6: =1 - ( SUM( IF(BD6-Uzman_D!$B$8<0, -(BD6-Uzman_D!$B$8), BD6-Uzman_D!$B$8)*0.1 + IF(BE6-Uzman_D!$C$8<0, -(BE6-Uzman_D!$C$8), BE6-Uzman_D!$C$8)*0.1 + IF(BF6-Uzman_D!$D$8<0, -(BF6-Uzman_D!$D$8), BF6-Uzman_D!$D$8)*0.1 + IF(BG6-Uzman_D!$E$8<0, -(BG6-Uzman_D!$E$8), BG6-Uzman_D!$E$8)*0.1 + IF(BH6-Uzman_D!$F$8<0, -(BH6-Uzman_D!$F$8), BH6-Uzman_D!$F$8)*0.1 + IF(BI6-Uzman_D!$G$8<0, -(BI6-Uzman_D!$G$8), BI6-Uzman_D!$G$8)*0.1 + IF(BJ6-Uzman_D!$H$8<0, -(BJ6-Uzman_D!$H$8), BJ6-Uzman_D!$H$8)*0.1 + IF(BK6-Uzman_D!$I$8<0, -(BK6-Uzman_D!$I$8), BK6-Uzman_D!$I$8)*0.1 + IF(BL6-Uzman_D!$J$8<0, -(BL6-Uzman_D!$J$8), BL6-Uzman_D!$J$8)*0.1 ) + IF(ROUND((IF(BN6-Uzman_D!$L$8<0, -(BN6-Uzman_D!$L$8), BN6-Uzman_D!$L$8)*2),0)/2 = IF(BN6-Uzman_D!$L$8<0, -(BN6-Uzman_D!$L$8), BN6-Uzman_D!$L$8), (ROUND((IF(BN6-Uzman_D!$L$8<0, -(BN6-Uzman_D!$L$8), BN6-Uzman_D!$L$8)*2),0)/1 * 0.1), 0) + IF(BO6-Uzman_D!$M$8<0, -(BO6-Uzman_D!$M$8), BO6-Uzman_D!$M$8)*1 ) -> -0.2 | BQ6: =(P6+AC6+AP6+BC6+BP6)/5 -> -0.54
A7: 4 | B7: =Hakemler!B7 -> 0 | C7: =Hakemler!C7 -> 0 | P7: =1 - ( SUM( IF(D7-Uzman_D!$B$4<0, -(D7-Uzman_D!$B$4), D7-Uzman_D!$B$4)*0.1 + IF(E7-Uzman_D!$C$4<0, -(E7-Uzman_D!$C$4), E7-Uzman_D!$C$4)*0.1 + IF(F7-Uzman_D!$D$4<0, -(F7-Uzman_D!$D$4), F7-Uzman_D!$D$4)*0.1 + IF(G7-Uzman_D!$E$4<0, -(G7-Uzman_D!$E$4), G7-Uzman_D!$E$4)*0.1 + IF(H7-Uzman_D!$F$4<0, -(H7-Uzman_D!$F$4), H7-Uzman_D!$F$4)*0.1 + IF(I7-Uzman_D!$G$4<0, -(I7-Uzman_D!$G$4), I7-Uzman_D!$G$4)*0.1 + IF(J7-Uzman_D!$H$4<0, -(J7-Uzman_D!$H$4), J7-Uzman_D!$H$4)*0.1 + IF(K7-Uzman_D!$I$4<0, -(K7-Uzman_D!$I$4), K7-Uzman_D!$I$4)*0.1 + IF(L7-Uzman_D!$J$4<0, -(L7-Uzman_D!$J$4), L7-Uzman_D!$J$4)*0.1 ) + IF(ROUND((IF(N7-Uzman_D!$L$4<0, -(N7-Uzman_D!$L$4), N7-Uzman_D!$L$4)*2),0)/2 = IF(N7-Uzman_D!$L$4<0, -(N7-Uzman_D!$L$4), N7-Uzman_D!$L$4), (ROUND((IF(N7-Uzman_D!$L$4<0, -(N7-Uzman_D!$L$4), N7-Uzman_D!$L$4)*2),0)/1 * 0.1), 0) + IF(O7-Uzman_D!$M$4<0, -(O7-Uzman_D!$M$4), O7-Uzman_D!$M$4)*1 ) -> -0.9 | AC7: =1 - ( SUM( IF(Q7-Uzman_D!$B$5<0, -(Q7-Uzman_D!$B$5), Q7-Uzman_D!$B$5)*0.1 + IF(R7-Uzman_D!$C$5<0, -(R7-Uzman_D!$C$5), R7-Uzman_D!$C$5)*0.1 + IF(S7-Uzman_D!$D$5<0, -(S7-Uzman_D!$D$5), S7-Uzman_D!$D$5)*0.1 + IF(T7-Uzman_D!$E$5<0, -(T7-Uzman_D!$E$5), T7-Uzman_D!$E$5)*0.1 + IF(U7-Uzman_D!$F$5<0, -(U7-Uzman_D!$F$5), U7-Uzman_D!$F$5)*0.1 + IF(V7-Uzman_D!$G$5<0, -(V7-Uzman_D!$G$5), V7-Uzman_D!$G$5)*0.1 + IF(W7-Uzman_D!$H$5<0, -(W7-Uzman_D!$H$5), W7-Uzman_D!$H$5)*0.1 + IF(X7-Uzman_D!$I$5<0, -(X7-Uzman_D!$I$5), X7-Uzman_D!$I$5)*0.1 + IF(Y7-Uzman_D!$J$5<0, -(Y7-Uzman_D!$J$5), Y7-Uzman_D!$J$5)*0.1 ) + IF(ROUND((IF(AA7-Uzman_D!$L$5<0, -(AA7-Uzman_D!$L$5), AA7-Uzman_D!$L$5)*2),0)/2 = IF(AA7-Uzman_D!$L$5<0, -(AA7-Uzman_D!$L$5), AA7-Uzman_D!$L$5), (ROUND((IF(AA7-Uzman_D!$L$5<0, -(AA7-Uzman_D!$L$5), AA7-Uzman_D!$L$5)*2),0)/1 * 0.1), 0) + IF(AB7-Uzman_D!$M$5<0, -(AB7-Uzman_D!$M$5), AB7-Uzman_D!$M$5)*1 ) -> -0.5 | AP7: =1 - ( SUM( IF(AD7-Uzman_D!$B$6<0, -(AD7-Uzman_D!$B$6), AD7-Uzman_D!$B$6)*0.1 + IF(AE7-Uzman_D!$C$6<0, -(AE7-Uzman_D!$C$6), AE7-Uzman_D!$C$6)*0.1 + IF(AF7-Uzman_D!$D$6<0, -(AF7-Uzman_D!$D$6), AF7-Uzman_D!$D$6)*0.1 + IF(AG7-Uzman_D!$E$6<0, -(AG7-Uzman_D!$E$6), AG7-Uzman_D!$E$6)*0.1 + IF(AH7-Uzman_D!$F$6<0, -(AH7-Uzman_D!$F$6), AH7-Uzman_D!$F$6)*0.1 + IF(AI7-Uzman_D!$G$6<0, -(AI7-Uzman_D!$G$6), AI7-Uzman_D!$G$6)*0.1 + IF(AJ7-Uzman_D!$H$6<0, -(AJ7-Uzman_D!$H$6), AJ7-Uzman_D!$H$6)*0.1 + IF(AK7-Uzman_D!$I$6<0, -(AK7-Uzman_D!$I$6), AK7-Uzman_D!$I$6)*0.1 + IF(AL7-Uzman_D!$J$6<0, -(AL7-Uzman_D!$J$6), AL7-Uzman_D!$J$6)*0.1 ) + IF(ROUND((IF(AN7-Uzman_D!$L$6<0, -(AN7-Uzman_D!$L$6), AN7-Uzman_D!$L$6)*2),0)/2 = IF(AN7-Uzman_D!$L$6<0, -(AN7-Uzman_D!$L$6), AN7-Uzman_D!$L$6), (ROUND((IF(AN7-Uzman_D!$L$6<0, -(AN7-Uzman_D!$L$6), AN7-Uzman_D!$L$6)*2),0)/1 * 0.1), 0) + IF(AO7-Uzman_D!$M$6<0, -(AO7-Uzman_D!$M$6), AO7-Uzman_D!$M$6)*1 ) -> -0.6 | BC7: =1 - ( SUM( IF(AQ7-Uzman_D!$B$7<0, -(AQ7-Uzman_D!$B$7), AQ7-Uzman_D!$B$7)*0.1 + IF(AR7-Uzman_D!$C$7<0, -(AR7-Uzman_D!$C$7), AR7-Uzman_D!$C$7)*0.1 + IF(AS7-Uzman_D!$D$7<0, -(AS7-Uzman_D!$D$7), AS7-Uzman_D!$D$7)*0.1 + IF(AT7-Uzman_D!$E$7<0, -(AT7-Uzman_D!$E$7), AT7-Uzman_D!$E$7)*0.1 + IF(AU7-Uzman_D!$F$7<0, -(AU7-Uzman_D!$F$7), AU7-Uzman_D!$F$7)*0.1 + IF(AV7-Uzman_D!$G$7<0, -(AV7-Uzman_D!$G$7), AV7-Uzman_D!$G$7)*0.1 + IF(AW7-Uzman_D!$H$7<0, -(AW7-Uzman_D!$H$7), AW7-Uzman_D!$H$7)*0.1 + IF(AX7-Uzman_D!$I$7<0, -(AX7-Uzman_D!$I$7), AX7-Uzman_D!$I$7)*0.1 + IF(AY7-Uzman_D!$J$7<0, -(AY7-Uzman_D!$J$7), AY7-Uzman_D!$J$7)*0.1 ) + IF(ROUND((IF(BA7-Uzman_D!$L$7<0, -(BA7-Uzman_D!$L$7), BA7-Uzman_D!$L$7)*2),0)/2 = IF(BA7-Uzman_D!$L$7<0, -(BA7-Uzman_D!$L$7), BA7-Uzman_D!$L$7), (ROUND((IF(BA7-Uzman_D!$L$7<0, -(BA7-Uzman_D!$L$7), BA7-Uzman_D!$L$7)*2),0)/1 * 0.1), 0) + IF(BB7-Uzman_D!$M$7<0, -(BB7-Uzman_D!$M$7), BB7-Uzman_D!$M$7)*1 ) -> -0.5 | BP7: =1 - ( SUM( IF(BD7-Uzman_D!$B$8<0, -(BD7-Uzman_D!$B$8), BD7-Uzman_D!$B$8)*0.1 + IF(BE7-Uzman_D!$C$8<0, -(BE7-Uzman_D!$C$8), BE7-Uzman_D!$C$8)*0.1 + IF(BF7-Uzman_D!$D$8<0, -(BF7-Uzman_D!$D$8), BF7-Uzman_D!$D$8)*0.1 + IF(BG7-Uzman_D!$E$8<0, -(BG7-Uzman_D!$E$8), BG7-Uzman_D!$E$8)*0.1 + IF(BH7-Uzman_D!$F$8<0, -(BH7-Uzman_D!$F$8), BH7-Uzman_D!$F$8)*0.1 + IF(BI7-Uzman_D!$G$8<0, -(BI7-Uzman_D!$G$8), BI7-Uzman_D!$G$8)*0.1 + IF(BJ7-Uzman_D!$H$8<0, -(BJ7-Uzman_D!$H$8), BJ7-Uzman_D!$H$8)*0.1 + IF(BK7-Uzman_D!$I$8<0, -(BK7-Uzman_D!$I$8), BK7-Uzman_D!$I$8)*0.1 + IF(BL7-Uzman_D!$J$8<0, -(BL7-Uzman_D!$J$8), BL7-Uzman_D!$J$8)*0.1 ) + IF(ROUND((IF(BN7-Uzman_D!$L$8<0, -(BN7-Uzman_D!$L$8), BN7-Uzman_D!$L$8)*2),0)/2 = IF(BN7-Uzman_D!$L$8<0, -(BN7-Uzman_D!$L$8), BN7-Uzman_D!$L$8), (ROUND((IF(BN7-Uzman_D!$L$8<0, -(BN7-Uzman_D!$L$8), BN7-Uzman_D!$L$8)*2),0)/1 * 0.1), 0) + IF(BO7-Uzman_D!$M$8<0, -(BO7-Uzman_D!$M$8), BO7-Uzman_D!$M$8)*1 ) -> -0.2 | BQ7: =(P7+AC7+AP7+BC7+BP7)/5 -> -0.54
A8: 5 | B8: =Hakemler!B8 -> 0 | C8: =Hakemler!C8 -> 0 | P8: =1 - ( SUM( IF(D8-Uzman_D!$B$4<0, -(D8-Uzman_D!$B$4), D8-Uzman_D!$B$4)*0.1 + IF(E8-Uzman_D!$C$4<0, -(E8-Uzman_D!$C$4), E8-Uzman_D!$C$4)*0.1 + IF(F8-Uzman_D!$D$4<0, -(F8-Uzman_D!$D$4), F8-Uzman_D!$D$4)*0.1 + IF(G8-Uzman_D!$E$4<0, -(G8-Uzman_D!$E$4), G8-Uzman_D!$E$4)*0.1 + IF(H8-Uzman_D!$F$4<0, -(H8-Uzman_D!$F$4), H8-Uzman_D!$F$4)*0.1 + IF(I8-Uzman_D!$G$4<0, -(I8-Uzman_D!$G$4), I8-Uzman_D!$G$4)*0.1 + IF(J8-Uzman_D!$H$4<0, -(J8-Uzman_D!$H$4), J8-Uzman_D!$H$4)*0.1 + IF(K8-Uzman_D!$I$4<0, -(K8-Uzman_D!$I$4), K8-Uzman_D!$I$4)*0.1 + IF(L8-Uzman_D!$J$4<0, -(L8-Uzman_D!$J$4), L8-Uzman_D!$J$4)*0.1 ) + IF(ROUND((IF(N8-Uzman_D!$L$4<0, -(N8-Uzman_D!$L$4), N8-Uzman_D!$L$4)*2),0)/2 = IF(N8-Uzman_D!$L$4<0, -(N8-Uzman_D!$L$4), N8-Uzman_D!$L$4), (ROUND((IF(N8-Uzman_D!$L$4<0, -(N8-Uzman_D!$L$4), N8-Uzman_D!$L$4)*2),0)/1 * 0.1), 0) + IF(O8-Uzman_D!$M$4<0, -(O8-Uzman_D!$M$4), O8-Uzman_D!$M$4)*1 ) -> -0.9 | AC8: =1 - ( SUM( IF(Q8-Uzman_D!$B$5<0, -(Q8-Uzman_D!$B$5), Q8-Uzman_D!$B$5)*0.1 + IF(R8-Uzman_D!$C$5<0, -(R8-Uzman_D!$C$5), R8-Uzman_D!$C$5)*0.1 + IF(S8-Uzman_D!$D$5<0, -(S8-Uzman_D!$D$5), S8-Uzman_D!$D$5)*0.1 + IF(T8-Uzman_D!$E$5<0, -(T8-Uzman_D!$E$5), T8-Uzman_D!$E$5)*0.1 + IF(U8-Uzman_D!$F$5<0, -(U8-Uzman_D!$F$5), U8-Uzman_D!$F$5)*0.1 + IF(V8-Uzman_D!$G$5<0, -(V8-Uzman_D!$G$5), V8-Uzman_D!$G$5)*0.1 + IF(W8-Uzman_D!$H$5<0, -(W8-Uzman_D!$H$5), W8-Uzman_D!$H$5)*0.1 + IF(X8-Uzman_D!$I$5<0, -(X8-Uzman_D!$I$5), X8-Uzman_D!$I$5)*0.1 + IF(Y8-Uzman_D!$J$5<0, -(Y8-Uzman_D!$J$5), Y8-Uzman_D!$J$5)*0.1 ) + IF(ROUND((IF(AA8-Uzman_D!$L$5<0, -(AA8-Uzman_D!$L$5), AA8-Uzman_D!$L$5)*2),0)/2 = IF(AA8-Uzman_D!$L$5<0, -(AA8-Uzman_D!$L$5), AA8-Uzman_D!$L$5), (ROUND((IF(AA8-Uzman_D!$L$5<0, -(AA8-Uzman_D!$L$5), AA8-Uzman_D!$L$5)*2),0)/1 * 0.1), 0) + IF(AB8-Uzman_D!$M$5<0, -(AB8-Uzman_D!$M$5), AB8-Uzman_D!$M$5)*1 ) -> -0.5 | AP8: =1 - ( SUM( IF(AD8-Uzman_D!$B$6<0, -(AD8-Uzman_D!$B$6), AD8-Uzman_D!$B$6)*0.1 + IF(AE8-Uzman_D!$C$6<0, -(AE8-Uzman_D!$C$6), AE8-Uzman_D!$C$6)*0.1 + IF(AF8-Uzman_D!$D$6<0, -(AF8-Uzman_D!$D$6), AF8-Uzman_D!$D$6)*0.1 + IF(AG8-Uzman_D!$E$6<0, -(AG8-Uzman_D!$E$6), AG8-Uzman_D!$E$6)*0.1 + IF(AH8-Uzman_D!$F$6<0, -(AH8-Uzman_D!$F$6), AH8-Uzman_D!$F$6)*0.1 + IF(AI8-Uzman_D!$G$6<0, -(AI8-Uzman_D!$G$6), AI8-Uzman_D!$G$6)*0.1 + IF(AJ8-Uzman_D!$H$6<0, -(AJ8-Uzman_D!$H$6), AJ8-Uzman_D!$H$6)*0.1 + IF(AK8-Uzman_D!$I$6<0, -(AK8-Uzman_D!$I$6), AK8-Uzman_D!$I$6)*0.1 + IF(AL8-Uzman_D!$J$6<0, -(AL8-Uzman_D!$J$6), AL8-Uzman_D!$J$6)*0.1 ) + IF(ROUND((IF(AN8-Uzman_D!$L$6<0, -(AN8-Uzman_D!$L$6), AN8-Uzman_D!$L$6)*2),0)/2 = IF(AN8-Uzman_D!$L$6<0, -(AN8-Uzman_D!$L$6), AN8-Uzman_D!$L$6), (ROUND((IF(AN8-Uzman_D!$L$6<0, -(AN8-Uzman_D!$L$6), AN8-Uzman_D!$L$6)*2),0)/1 * 0.1), 0) + IF(AO8-Uzman_D!$M$6<0, -(AO8-Uzman_D!$M$6), AO8-Uzman_D!$M$6)*1 ) -> -0.6 | BC8: =1 - ( SUM( IF(AQ8-Uzman_D!$B$7<0, -(AQ8-Uzman_D!$B$7), AQ8-Uzman_D!$B$7)*0.1 + IF(AR8-Uzman_D!$C$7<0, -(AR8-Uzman_D!$C$7), AR8-Uzman_D!$C$7)*0.1 + IF(AS8-Uzman_D!$D$7<0, -(AS8-Uzman_D!$D$7), AS8-Uzman_D!$D$7)*0.1 + IF(AT8-Uzman_D!$E$7<0, -(AT8-Uzman_D!$E$7), AT8-Uzman_D!$E$7)*0.1 + IF(AU8-Uzman_D!$F$7<0, -(AU8-Uzman_D!$F$7), AU8-Uzman_D!$F$7)*0.1 + IF(AV8-Uzman_D!$G$7<0, -(AV8-Uzman_D!$G$7), AV8-Uzman_D!$G$7)*0.1 + IF(AW8-Uzman_D!$H$7<0, -(AW8-Uzman_D!$H$7), AW8-Uzman_D!$H$7)*0.1 + IF(AX8-Uzman_D!$I$7<0, -(AX8-Uzman_D!$I$7), AX8-Uzman_D!$I$7)*0.1 + IF(AY8-Uzman_D!$J$7<0, -(AY8-Uzman_D!$J$7), AY8-Uzman_D!$J$7)*0.1 ) + IF(ROUND((IF(BA8-Uzman_D!$L$7<0, -(BA8-Uzman_D!$L$7), BA8-Uzman_D!$L$7)*2),0)/2 = IF(BA8-Uzman_D!$L$7<0, -(BA8-Uzman_D!$L$7), BA8-Uzman_D!$L$7), (ROUND((IF(BA8-Uzman_D!$L$7<0, -(BA8-Uzman_D!$L$7), BA8-Uzman_D!$L$7)*2),0)/1 * 0.1), 0) + IF(BB8-Uzman_D!$M$7<0, -(BB8-Uzman_D!$M$7), BB8-Uzman_D!$M$7)*1 ) -> -0.5 | BP8: =1 - ( SUM( IF(BD8-Uzman_D!$B$8<0, -(BD8-Uzman_D!$B$8), BD8-Uzman_D!$B$8)*0.1 + IF(BE8-Uzman_D!$C$8<0, -(BE8-Uzman_D!$C$8), BE8-Uzman_D!$C$8)*0.1 + IF(BF8-Uzman_D!$D$8<0, -(BF8-Uzman_D!$D$8), BF8-Uzman_D!$D$8)*0.1 + IF(BG8-Uzman_D!$E$8<0, -(BG8-Uzman_D!$E$8), BG8-Uzman_D!$E$8)*0.1 + IF(BH8-Uzman_D!$F$8<0, -(BH8-Uzman_D!$F$8), BH8-Uzman_D!$F$8)*0.1 + IF(BI8-Uzman_D!$G$8<0, -(BI8-Uzman_D!$G$8), BI8-Uzman_D!$G$8)*0.1 + IF(BJ8-Uzman_D!$H$8<0, -(BJ8-Uzman_D!$H$8), BJ8-Uzman_D!$H$8)*0.1 + IF(BK8-Uzman_D!$I$8<0, -(BK8-Uzman_D!$I$8), BK8-Uzman_D!$I$8)*0.1 + IF(BL8-Uzman_D!$J$8<0, -(BL8-Uzman_D!$J$8), BL8-Uzman_D!$J$8)*0.1 ) + IF(ROUND((IF(BN8-Uzman_D!$L$8<0, -(BN8-Uzman_D!$L$8), BN8-Uzman_D!$L$8)*2),0)/2 = IF(BN8-Uzman_D!$L$8<0, -(BN8-Uzman_D!$L$8), BN8-Uzman_D!$L$8), (ROUND((IF(BN8-Uzman_D!$L$8<0, -(BN8-Uzman_D!$L$8), BN8-Uzman_D!$L$8)*2),0)/1 * 0.1), 0) + IF(BO8-Uzman_D!$M$8<0, -(BO8-Uzman_D!$M$8), BO8-Uzman_D!$M$8)*1 ) -> -0.2 | BQ8: =(P8+AC8+AP8+BC8+BP8)/5 -> -0.54
A9: 6 | B9: =Hakemler!B9 -> 0 | C9: =Hakemler!C9 -> 0 | P9: =1 - ( SUM( IF(D9-Uzman_D!$B$4<0, -(D9-Uzman_D!$B$4), D9-Uzman_D!$B$4)*0.1 + IF(E9-Uzman_D!$C$4<0, -(E9-Uzman_D!$C$4), E9-Uzman_D!$C$4)*0.1 + IF(F9-Uzman_D!$D$4<0, -(F9-Uzman_D!$D$4), F9-Uzman_D!$D$4)*0.1 + IF(G9-Uzman_D!$E$4<0, -(G9-Uzman_D!$E$4), G9-Uzman_D!$E$4)*0.1 + IF(H9-Uzman_D!$F$4<0, -(H9-Uzman_D!$F$4), H9-Uzman_D!$F$4)*0.1 + IF(I9-Uzman_D!$G$4<0, -(I9-Uzman_D!$G$4), I9-Uzman_D!$G$4)*0.1 + IF(J9-Uzman_D!$H$4<0, -(J9-Uzman_D!$H$4), J9-Uzman_D!$H$4)*0.1 + IF(K9-Uzman_D!$I$4<0, -(K9-Uzman_D!$I$4), K9-Uzman_D!$I$4)*0.1 + IF(L9-Uzman_D!$J$4<0, -(L9-Uzman_D!$J$4), L9-Uzman_D!$J$4)*0.1 ) + IF(ROUND((IF(N9-Uzman_D!$L$4<0, -(N9-Uzman_D!$L$4), N9-Uzman_D!$L$4)*2),0)/2 = IF(N9-Uzman_D!$L$4<0, -(N9-Uzman_D!$L$4), N9-Uzman_D!$L$4), (ROUND((IF(N9-Uzman_D!$L$4<0, -(N9-Uzman_D!$L$4), N9-Uzman_D!$L$4)*2),0)/1 * 0.1), 0) + IF(O9-Uzman_D!$M$4<0, -(O9-Uzman_D!$M$4), O9-Uzman_D!$M$4)*1 ) -> -0.9 | AC9: =1 - ( SUM( IF(Q9-Uzman_D!$B$5<0, -(Q9-Uzman_D!$B$5), Q9-Uzman_D!$B$5)*0.1 + IF(R9-Uzman_D!$C$5<0, -(R9-Uzman_D!$C$5), R9-Uzman_D!$C$5)*0.1 + IF(S9-Uzman_D!$D$5<0, -(S9-Uzman_D!$D$5), S9-Uzman_D!$D$5)*0.1 + IF(T9-Uzman_D!$E$5<0, -(T9-Uzman_D!$E$5), T9-Uzman_D!$E$5)*0.1 + IF(U9-Uzman_D!$F$5<0, -(U9-Uzman_D!$F$5), U9-Uzman_D!$F$5)*0.1 + IF(V9-Uzman_D!$G$5<0, -(V9-Uzman_D!$G$5), V9-Uzman_D!$G$5)*0.1 + IF(W9-Uzman_D!$H$5<0, -(W9-Uzman_D!$H$5), W9-Uzman_D!$H$5)*0.1 + IF(X9-Uzman_D!$I$5<0, -(X9-Uzman_D!$I$5), X9-Uzman_D!$I$5)*0.1 + IF(Y9-Uzman_D!$J$5<0, -(Y9-Uzman_D!$J$5), Y9-Uzman_D!$J$5)*0.1 ) + IF(ROUND((IF(AA9-Uzman_D!$L$5<0, -(AA9-Uzman_D!$L$5), AA9-Uzman_D!$L$5)*2),0)/2 = IF(AA9-Uzman_D!$L$5<0, -(AA9-Uzman_D!$L$5), AA9-Uzman_D!$L$5), (ROUND((IF(AA9-Uzman_D!$L$5<0, -(AA9-Uzman_D!$L$5), AA9-Uzman_D!$L$5)*2),0)/1 * 0.1), 0) + IF(AB9-Uzman_D!$M$5<0, -(AB9-Uzman_D!$M$5), AB9-Uzman_D!$M$5)*1 ) -> -0.5 | AP9: =1 - ( SUM( IF(AD9-Uzman_D!$B$6<0, -(AD9-Uzman_D!$B$6), AD9-Uzman_D!$B$6)*0.1 + IF(AE9-Uzman_D!$C$6<0, -(AE9-Uzman_D!$C$6), AE9-Uzman_D!$C$6)*0.1 + IF(AF9-Uzman_D!$D$6<0, -(AF9-Uzman_D!$D$6), AF9-Uzman_D!$D$6)*0.1 + IF(AG9-Uzman_D!$E$6<0, -(AG9-Uzman_D!$E$6), AG9-Uzman_D!$E$6)*0.1 + IF(AH9-Uzman_D!$F$6<0, -(AH9-Uzman_D!$F$6), AH9-Uzman_D!$F$6)*0.1 + IF(AI9-Uzman_D!$G$6<0, -(AI9-Uzman_D!$G$6), AI9-Uzman_D!$G$6)*0.1 + IF(AJ9-Uzman_D!$H$6<0, -(AJ9-Uzman_D!$H$6), AJ9-Uzman_D!$H$6)*0.1 + IF(AK9-Uzman_D!$I$6<0, -(AK9-Uzman_D!$I$6), AK9-Uzman_D!$I$6)*0.1 + IF(AL9-Uzman_D!$J$6<0, -(AL9-Uzman_D!$J$6), AL9-Uzman_D!$J$6)*0.1 ) + IF(ROUND((IF(AN9-Uzman_D!$L$6<0, -(AN9-Uzman_D!$L$6), AN9-Uzman_D!$L$6)*2),0)/2 = IF(AN9-Uzman_D!$L$6<0, -(AN9-Uzman_D!$L$6), AN9-Uzman_D!$L$6), (ROUND((IF(AN9-Uzman_D!$L$6<0, -(AN9-Uzman_D!$L$6), AN9-Uzman_D!$L$6)*2),0)/1 * 0.1), 0) + IF(AO9-Uzman_D!$M$6<0, -(AO9-Uzman_D!$M$6), AO9-Uzman_D!$M$6)*1 ) -> -0.6 | BC9: =1 - ( SUM( IF(AQ9-Uzman_D!$B$7<0, -(AQ9-Uzman_D!$B$7), AQ9-Uzman_D!$B$7)*0.1 + IF(AR9-Uzman_D!$C$7<0, -(AR9-Uzman_D!$C$7), AR9-Uzman_D!$C$7)*0.1 + IF(AS9-Uzman_D!$D$7<0, -(AS9-Uzman_D!$D$7), AS9-Uzman_D!$D$7)*0.1 + IF(AT9-Uzman_D!$E$7<0, -(AT9-Uzman_D!$E$7), AT9-Uzman_D!$E$7)*0.1 + IF(AU9-Uzman_D!$F$7<0, -(AU9-Uzman_D!$F$7), AU9-Uzman_D!$F$7)*0.1 + IF(AV9-Uzman_D!$G$7<0, -(AV9-Uzman_D!$G$7), AV9-Uzman_D!$G$7)*0.1 + IF(AW9-Uzman_D!$H$7<0, -(AW9-Uzman_D!$H$7), AW9-Uzman_D!$H$7)*0.1 + IF(AX9-Uzman_D!$I$7<0, -(AX9-Uzman_D!$I$7), AX9-Uzman_D!$I$7)*0.1 + IF(AY9-Uzman_D!$J$7<0, -(AY9-Uzman_D!$J$7), AY9-Uzman_D!$J$7)*0.1 ) + IF(ROUND((IF(BA9-Uzman_D!$L$7<0, -(BA9-Uzman_D!$L$7), BA9-Uzman_D!$L$7)*2),0)/2 = IF(BA9-Uzman_D!$L$7<0, -(BA9-Uzman_D!$L$7), BA9-Uzman_D!$L$7), (ROUND((IF(BA9-Uzman_D!$L$7<0, -(BA9-Uzman_D!$L$7), BA9-Uzman_D!$L$7)*2),0)/1 * 0.1), 0) + IF(BB9-Uzman_D!$M$7<0, -(BB9-Uzman_D!$M$7), BB9-Uzman_D!$M$7)*1 ) -> -0.5 | BP9: =1 - ( SUM( IF(BD9-Uzman_D!$B$8<0, -(BD9-Uzman_D!$B$8), BD9-Uzman_D!$B$8)*0.1 + IF(BE9-Uzman_D!$C$8<0, -(BE9-Uzman_D!$C$8), BE9-Uzman_D!$C$8)*0.1 + IF(BF9-Uzman_D!$D$8<0, -(BF9-Uzman_D!$D$8), BF9-Uzman_D!$D$8)*0.1 + IF(BG9-Uzman_D!$E$8<0, -(BG9-Uzman_D!$E$8), BG9-Uzman_D!$E$8)*0.1 + IF(BH9-Uzman_D!$F$8<0, -(BH9-Uzman_D!$F$8), BH9-Uzman_D!$F$8)*0.1 + IF(BI9-Uzman_D!$G$8<0, -(BI9-Uzman_D!$G$8), BI9-Uzman_D!$G$8)*0.1 + IF(BJ9-Uzman_D!$H$8<0, -(BJ9-Uzman_D!$H$8), BJ9-Uzman_D!$H$8)*0.1 + IF(BK9-Uzman_D!$I$8<0, -(BK9-Uzman_D!$I$8), BK9-Uzman_D!$I$8)*0.1 + IF(BL9-Uzman_D!$J$8<0, -(BL9-Uzman_D!$J$8), BL9-Uzman_D!$J$8)*0.1 ) + IF(ROUND((IF(BN9-Uzman_D!$L$8<0, -(BN9-Uzman_D!$L$8), BN9-Uzman_D!$L$8)*2),0)/2 = IF(BN9-Uzman_D!$L$8<0, -(BN9-Uzman_D!$L$8), BN9-Uzman_D!$L$8), (ROUND((IF(BN9-Uzman_D!$L$8<0, -(BN9-Uzman_D!$L$8), BN9-Uzman_D!$L$8)*2),0)/1 * 0.1), 0) + IF(BO9-Uzman_D!$M$8<0, -(BO9-Uzman_D!$M$8), BO9-Uzman_D!$M$8)*1 ) -> -0.2 | BQ9: =(P9+AC9+AP9+BC9+BP9)/5 -> -0.54
A10: 7 | B10: =Hakemler!B10 -> 0 | C10: =Hakemler!C10 -> 0 | P10: =1 - ( SUM( IF(D10-Uzman_D!$B$4<0, -(D10-Uzman_D!$B$4), D10-Uzman_D!$B$4)*0.1 + IF(E10-Uzman_D!$C$4<0, -(E10-Uzman_D!$C$4), E10-Uzman_D!$C$4)*0.1 + IF(F10-Uzman_D!$D$4<0, -(F10-Uzman_D!$D$4), F10-Uzman_D!$D$4)*0.1 + IF(G10-Uzman_D!$E$4<0, -(G10-Uzman_D!$E$4), G10-Uzman_D!$E$4)*0.1 + IF(H10-Uzman_D!$F$4<0, -(H10-Uzman_D!$F$4), H10-Uzman_D!$F$4)*0.1 + IF(I10-Uzman_D!$G$4<0, -(I10-Uzman_D!$G$4), I10-Uzman_D!$G$4)*0.1 + IF(J10-Uzman_D!$H$4<0, -(J10-Uzman_D!$H$4), J10-Uzman_D!$H$4)*0.1 + IF(K10-Uzman_D!$I$4<0, -(K10-Uzman_D!$I$4), K10-Uzman_D!$I$4)*0.1 + IF(L10-Uzman_D!$J$4<0, -(L10-Uzman_D!$J$4), L10-Uzman_D!$J$4)*0.1 ) + IF(ROUND((IF(N10-Uzman_D!$L$4<0, -(N10-Uzman_D!$L$4), N10-Uzman_D!$L$4)*2),0)/2 = IF(N10-Uzman_D!$L$4<0, -(N10-Uzman_D!$L$4), N10-Uzman_D!$L$4), (ROUND((IF(N10-Uzman_D!$L$4<0, -(N10-Uzman_D!$L$4), N10-Uzman_D!$L$4)*2),0)/1 * 0.1), 0) + IF(O10-Uzman_D!$M$4<0, -(O10-Uzman_D!$M$4), O10-Uzman_D!$M$4)*1 ) -> -0.9 | AC10: =1 - ( SUM( IF(Q10-Uzman_D!$B$5<0, -(Q10-Uzman_D!$B$5), Q10-Uzman_D!$B$5)*0.1 + IF(R10-Uzman_D!$C$5<0, -(R10-Uzman_D!$C$5), R10-Uzman_D!$C$5)*0.1 + IF(S10-Uzman_D!$D$5<0, -(S10-Uzman_D!$D$5), S10-Uzman_D!$D$5)*0.1 + IF(T10-Uzman_D!$E$5<0, -(T10-Uzman_D!$E$5), T10-Uzman_D!$E$5)*0.1 + IF(U10-Uzman_D!$F$5<0, -(U10-Uzman_D!$F$5), U10-Uzman_D!$F$5)*0.1 + IF(V10-Uzman_D!$G$5<0, -(V10-Uzman_D!$G$5), V10-Uzman_D!$G$5)*0.1 + IF(W10-Uzman_D!$H$5<0, -(W10-Uzman_D!$H$5), W10-Uzman_D!$H$5)*0.1 + IF(X10-Uzman_D!$I$5<0, -(X10-Uzman_D!$I$5), X10-Uzman_D!$I$5)*0.1 + IF(Y10-Uzman_D!$J$5<0, -(Y10-Uzman_D!$J$5), Y10-Uzman_D!$J$5)*0.1 ) + IF(ROUND((IF(AA10-Uzman_D!$L$5<0, -(AA10-Uzman_D!$L$5), AA10-Uzman_D!$L$5)*2),0)/2 = IF(AA10-Uzman_D!$L$5<0, -(AA10-Uzman_D!$L$5), AA10-Uzman_D!$L$5), (ROUND((IF(AA10-Uzman_D!$L$5<0, -(AA10-Uzman_D!$L$5), AA10-Uzman_D!$L$5)*2),0)/1 * 0.1), 0) + IF(AB10-Uzman_D!$M$5<0, -(AB10-Uzman_D!$M$5), AB10-Uzman_D!$M$5)*1 ) -> -0.5 | AP10: =1 - ( SUM( IF(AD10-Uzman_D!$B$6<0, -(AD10-Uzman_D!$B$6), AD10-Uzman_D!$B$6)*0.1 + IF(AE10-Uzman_D!$C$6<0, -(AE10-Uzman_D!$C$6), AE10-Uzman_D!$C$6)*0.1 + IF(AF10-Uzman_D!$D$6<0, -(AF10-Uzman_D!$D$6), AF10-Uzman_D!$D$6)*0.1 + IF(AG10-Uzman_D!$E$6<0, -(AG10-Uzman_D!$E$6), AG10-Uzman_D!$E$6)*0.1 + IF(AH10-Uzman_D!$F$6<0, -(AH10-Uzman_D!$F$6), AH10-Uzman_D!$F$6)*0.1 + IF(AI10-Uzman_D!$G$6<0, -(AI10-Uzman_D!$G$6), AI10-Uzman_D!$G$6)*0.1 + IF(AJ10-Uzman_D!$H$6<0, -(AJ10-Uzman_D!$H$6), AJ10-Uzman_D!$H$6)*0.1 + IF(AK10-Uzman_D!$I$6<0, -(AK10-Uzman_D!$I$6), AK10-Uzman_D!$I$6)*0.1 + IF(AL10-Uzman_D!$J$6<0, -(AL10-Uzman_D!$J$6), AL10-Uzman_D!$J$6)*0.1 ) + IF(ROUND((IF(AN10-Uzman_D!$L$6<0, -(AN10-Uzman_D!$L$6), AN10-Uzman_D!$L$6)*2),0)/2 = IF(AN10-Uzman_D!$L$6<0, -(AN10-Uzman_D!$L$6), AN10-Uzman_D!$L$6), (ROUND((IF(AN10-Uzman_D!$L$6<0, -(AN10-Uzman_D!$L$6), AN10-Uzman_D!$L$6)*2),0)/1 * 0.1), 0) + IF(AO10-Uzman_D!$M$6<0, -(AO10-Uzman_D!$M$6), AO10-Uzman_D!$M$6)*1 ) -> -0.6 | BC10: =1 - ( SUM( IF(AQ10-Uzman_D!$B$7<0, -(AQ10-Uzman_D!$B$7), AQ10-Uzman_D!$B$7)*0.1 + IF(AR10-Uzman_D!$C$7<0, -(AR10-Uzman_D!$C$7), AR10-Uzman_D!$C$7)*0.1 + IF(AS10-Uzman_D!$D$7<0, -(AS10-Uzman_D!$D$7), AS10-Uzman_D!$D$7)*0.1 + IF(AT10-Uzman_D!$E$7<0, -(AT10-Uzman_D!$E$7), AT10-Uzman_D!$E$7)*0.1 + IF(AU10-Uzman_D!$F$7<0, -(AU10-Uzman_D!$F$7), AU10-Uzman_D!$F$7)*0.1 + IF(AV10-Uzman_D!$G$7<0, -(AV10-Uzman_D!$G$7), AV10-Uzman_D!$G$7)*0.1 + IF(AW10-Uzman_D!$H$7<0, -(AW10-Uzman_D!$H$7), AW10-Uzman_D!$H$7)*0.1 + IF(AX10-Uzman_D!$I$7<0, -(AX10-Uzman_D!$I$7), AX10-Uzman_D!$I$7)*0.1 + IF(AY10-Uzman_D!$J$7<0, -(AY10-Uzman_D!$J$7), AY10-Uzman_D!$J$7)*0.1 ) + IF(ROUND((IF(BA10-Uzman_D!$L$7<0, -(BA10-Uzman_D!$L$7), BA10-Uzman_D!$L$7)*2),0)/2 = IF(BA10-Uzman_D!$L$7<0, -(BA10-Uzman_D!$L$7), BA10-Uzman_D!$L$7), (ROUND((IF(BA10-Uzman_D!$L$7<0, -(BA10-Uzman_D!$L$7), BA10-Uzman_D!$L$7)*2),0)/1 * 0.1), 0) + IF(BB10-Uzman_D!$M$7<0, -(BB10-Uzman_D!$M$7), BB10-Uzman_D!$M$7)*1 ) -> -0.5 | BP10: =1 - ( SUM( IF(BD10-Uzman_D!$B$8<0, -(BD10-Uzman_D!$B$8), BD10-Uzman_D!$B$8)*0.1 + IF(BE10-Uzman_D!$C$8<0, -(BE10-Uzman_D!$C$8), BE10-Uzman_D!$C$8)*0.1 + IF(BF10-Uzman_D!$D$8<0, -(BF10-Uzman_D!$D$8), BF10-Uzman_D!$D$8)*0.1 + IF(BG10-Uzman_D!$E$8<0, -(BG10-Uzman_D!$E$8), BG10-Uzman_D!$E$8)*0.1 + IF(BH10-Uzman_D!$F$8<0, -(BH10-Uzman_D!$F$8), BH10-Uzman_D!$F$8)*0.1 + IF(BI10-Uzman_D!$G$8<0, -(BI10-Uzman_D!$G$8), BI10-Uzman_D!$G$8)*0.1 + IF(BJ10-Uzman_D!$H$8<0, -(BJ10-Uzman_D!$H$8), BJ10-Uzman_D!$H$8)*0.1 + IF(BK10-Uzman_D!$I$8<0, -(BK10-Uzman_D!$I$8), BK10-Uzman_D!$I$8)*0.1 + IF(BL10-Uzman_D!$J$8<0, -(BL10-Uzman_D!$J$8), BL10-Uzman_D!$J$8)*0.1 ) + IF(ROUND((IF(BN10-Uzman_D!$L$8<0, -(BN10-Uzman_D!$L$8), BN10-Uzman_D!$L$8)*2),0)/2 = IF(BN10-Uzman_D!$L$8<0, -(BN10-Uzman_D!$L$8), BN10-Uzman_D!$L$8), (ROUND((IF(BN10-Uzman_D!$L$8<0, -(BN10-Uzman_D!$L$8), BN10-Uzman_D!$L$8)*2),0)/1 * 0.1), 0) + IF(BO10-Uzman_D!$M$8<0, -(BO10-Uzman_D!$M$8), BO10-Uzman_D!$M$8)*1 ) -> -0.2 | BQ10: =(P10+AC10+AP10+BC10+BP10)/5 -> -0.54
A11: 8 | B11: =Hakemler!B11 -> 0 | C11: =Hakemler!C11 -> 0 | P11: =1 - ( SUM( IF(D11-Uzman_D!$B$4<0, -(D11-Uzman_D!$B$4), D11-Uzman_D!$B$4)*0.1 + IF(E11-Uzman_D!$C$4<0, -(E11-Uzman_D!$C$4), E11-Uzman_D!$C$4)*0.1 + IF(F11-Uzman_D!$D$4<0, -(F11-Uzman_D!$D$4), F11-Uzman_D!$D$4)*0.1 + IF(G11-Uzman_D!$E$4<0, -(G11-Uzman_D!$E$4), G11-Uzman_D!$E$4)*0.1 + IF(H11-Uzman_D!$F$4<0, -(H11-Uzman_D!$F$4), H11-Uzman_D!$F$4)*0.1 + IF(I11-Uzman_D!$G$4<0, -(I11-Uzman_D!$G$4), I11-Uzman_D!$G$4)*0.1 + IF(J11-Uzman_D!$H$4<0, -(J11-Uzman_D!$H$4), J11-Uzman_D!$H$4)*0.1 + IF(K11-Uzman_D!$I$4<0, -(K11-Uzman_D!$I$4), K11-Uzman_D!$I$4)*0.1 + IF(L11-Uzman_D!$J$4<0, -(L11-Uzman_D!$J$4), L11-Uzman_D!$J$4)*0.1 ) + IF(ROUND((IF(N11-Uzman_D!$L$4<0, -(N11-Uzman_D!$L$4), N11-Uzman_D!$L$4)*2),0)/2 = IF(N11-Uzman_D!$L$4<0, -(N11-Uzman_D!$L$4), N11-Uzman_D!$L$4), (ROUND((IF(N11-Uzman_D!$L$4<0, -(N11-Uzman_D!$L$4), N11-Uzman_D!$L$4)*2),0)/1 * 0.1), 0) + IF(O11-Uzman_D!$M$4<0, -(O11-Uzman_D!$M$4), O11-Uzman_D!$M$4)*1 ) -> -0.9 | AC11: =1 - ( SUM( IF(Q11-Uzman_D!$B$5<0, -(Q11-Uzman_D!$B$5), Q11-Uzman_D!$B$5)*0.1 + IF(R11-Uzman_D!$C$5<0, -(R11-Uzman_D!$C$5), R11-Uzman_D!$C$5)*0.1 + IF(S11-Uzman_D!$D$5<0, -(S11-Uzman_D!$D$5), S11-Uzman_D!$D$5)*0.1 + IF(T11-Uzman_D!$E$5<0, -(T11-Uzman_D!$E$5), T11-Uzman_D!$E$5)*0.1 + IF(U11-Uzman_D!$F$5<0, -(U11-Uzman_D!$F$5), U11-Uzman_D!$F$5)*0.1 + IF(V11-Uzman_D!$G$5<0, -(V11-Uzman_D!$G$5), V11-Uzman_D!$G$5)*0.1 + IF(W11-Uzman_D!$H$5<0, -(W11-Uzman_D!$H$5), W11-Uzman_D!$H$5)*0.1 + IF(X11-Uzman_D!$I$5<0, -(X11-Uzman_D!$I$5), X11-Uzman_D!$I$5)*0.1 + IF(Y11-Uzman_D!$J$5<0, -(Y11-Uzman_D!$J$5), Y11-Uzman_D!$J$5)*0.1 ) + IF(ROUND((IF(AA11-Uzman_D!$L$5<0, -(AA11-Uzman_D!$L$5), AA11-Uzman_D!$L$5)*2),0)/2 = IF(AA11-Uzman_D!$L$5<0, -(AA11-Uzman_D!$L$5), AA11-Uzman_D!$L$5), (ROUND((IF(AA11-Uzman_D!$L$5<0, -(AA11-Uzman_D!$L$5), AA11-Uzman_D!$L$5)*2),0)/1 * 0.1), 0) + IF(AB11-Uzman_D!$M$5<0, -(AB11-Uzman_D!$M$5), AB11-Uzman_D!$M$5)*1 ) -> -0.5 | AP11: =1 - ( SUM( IF(AD11-Uzman_D!$B$6<0, -(AD11-Uzman_D!$B$6), AD11-Uzman_D!$B$6)*0.1 + IF(AE11-Uzman_D!$C$6<0, -(AE11-Uzman_D!$C$6), AE11-Uzman_D!$C$6)*0.1 + IF(AF11-Uzman_D!$D$6<0, -(AF11-Uzman_D!$D$6), AF11-Uzman_D!$D$6)*0.1 + IF(AG11-Uzman_D!$E$6<0, -(AG11-Uzman_D!$E$6), AG11-Uzman_D!$E$6)*0.1 + IF(AH11-Uzman_D!$F$6<0, -(AH11-Uzman_D!$F$6), AH11-Uzman_D!$F$6)*0.1 + IF(AI11-Uzman_D!$G$6<0, -(AI11-Uzman_D!$G$6), AI11-Uzman_D!$G$6)*0.1 + IF(AJ11-Uzman_D!$H$6<0, -(AJ11-Uzman_D!$H$6), AJ11-Uzman_D!$H$6)*0.1 + IF(AK11-Uzman_D!$I$6<0, -(AK11-Uzman_D!$I$6), AK11-Uzman_D!$I$6)*0.1 + IF(AL11-Uzman_D!$J$6<0, -(AL11-Uzman_D!$J$6), AL11-Uzman_D!$J$6)*0.1 ) + IF(ROUND((IF(AN11-Uzman_D!$L$6<0, -(AN11-Uzman_D!$L$6), AN11-Uzman_D!$L$6)*2),0)/2 = IF(AN11-Uzman_D!$L$6<0, -(AN11-Uzman_D!$L$6), AN11-Uzman_D!$L$6), (ROUND((IF(AN11-Uzman_D!$L$6<0, -(AN11-Uzman_D!$L$6), AN11-Uzman_D!$L$6)*2),0)/1 * 0.1), 0) + IF(AO11-Uzman_D!$M$6<0, -(AO11-Uzman_D!$M$6), AO11-Uzman_D!$M$6)*1 ) -> -0.6 | BC11: =1 - ( SUM( IF(AQ11-Uzman_D!$B$7<0, -(AQ11-Uzman_D!$B$7), AQ11-Uzman_D!$B$7)*0.1 + IF(AR11-Uzman_D!$C$7<0, -(AR11-Uzman_D!$C$7), AR11-Uzman_D!$C$7)*0.1 + IF(AS11-Uzman_D!$D$7<0, -(AS11-Uzman_D!$D$7), AS11-Uzman_D!$D$7)*0.1 + IF(AT11-Uzman_D!$E$7<0, -(AT11-Uzman_D!$E$7), AT11-Uzman_D!$E$7)*0.1 + IF(AU11-Uzman_D!$F$7<0, -(AU11-Uzman_D!$F$7), AU11-Uzman_D!$F$7)*0.1 + IF(AV11-Uzman_D!$G$7<0, -(AV11-Uzman_D!$G$7), AV11-Uzman_D!$G$7)*0.1 + IF(AW11-Uzman_D!$H$7<0, -(AW11-Uzman_D!$H$7), AW11-Uzman_D!$H$7)*0.1 + IF(AX11-Uzman_D!$I$7<0, -(AX11-Uzman_D!$I$7), AX11-Uzman_D!$I$7)*0.1 + IF(AY11-Uzman_D!$J$7<0, -(AY11-Uzman_D!$J$7), AY11-Uzman_D!$J$7)*0.1 ) + IF(ROUND((IF(BA11-Uzman_D!$L$7<0, -(BA11-Uzman_D!$L$7), BA11-Uzman_D!$L$7)*2),0)/2 = IF(BA11-Uzman_D!$L$7<0, -(BA11-Uzman_D!$L$7), BA11-Uzman_D!$L$7), (ROUND((IF(BA11-Uzman_D!$L$7<0, -(BA11-Uzman_D!$L$7), BA11-Uzman_D!$L$7)*2),0)/1 * 0.1), 0) + IF(BB11-Uzman_D!$M$7<0, -(BB11-Uzman_D!$M$7), BB11-Uzman_D!$M$7)*1 ) -> -0.5 | BP11: =1 - ( SUM( IF(BD11-Uzman_D!$B$8<0, -(BD11-Uzman_D!$B$8), BD11-Uzman_D!$B$8)*0.1 + IF(BE11-Uzman_D!$C$8<0, -(BE11-Uzman_D!$C$8), BE11-Uzman_D!$C$8)*0.1 + IF(BF11-Uzman_D!$D$8<0, -(BF11-Uzman_D!$D$8), BF11-Uzman_D!$D$8)*0.1 + IF(BG11-Uzman_D!$E$8<0, -(BG11-Uzman_D!$E$8), BG11-Uzman_D!$E$8)*0.1 + IF(BH11-Uzman_D!$F$8<0, -(BH11-Uzman_D!$F$8), BH11-Uzman_D!$F$8)*0.1 + IF(BI11-Uzman_D!$G$8<0, -(BI11-Uzman_D!$G$8), BI11-Uzman_D!$G$8)*0.1 + IF(BJ11-Uzman_D!$H$8<0, -(BJ11-Uzman_D!$H$8), BJ11-Uzman_D!$H$8)*0.1 + IF(BK11-Uzman_D!$I$8<0, -(BK11-Uzman_D!$I$8), BK11-Uzman_D!$I$8)*0.1 + IF(BL11-Uzman_D!$J$8<0, -(BL11-Uzman_D!$J$8), BL11-Uzman_D!$J$8)*0.1 ) + IF(ROUND((IF(BN11-Uzman_D!$L$8<0, -(BN11-Uzman_D!$L$8), BN11-Uzman_D!$L$8)*2),0)/2 = IF(BN11-Uzman_D!$L$8<0, -(BN11-Uzman_D!$L$8), BN11-Uzman_D!$L$8), (ROUND((IF(BN11-Uzman_D!$L$8<0, -(BN11-Uzman_D!$L$8), BN11-Uzman_D!$L$8)*2),0)/1 * 0.1), 0) + IF(BO11-Uzman_D!$M$8<0, -(BO11-Uzman_D!$M$8), BO11-Uzman_D!$M$8)*1 ) -> -0.2 | BQ11: =(P11+AC11+AP11+BC11+BP11)/5 -> -0.54
A12: 9 | B12: =Hakemler!B12 -> 0 | C12: =Hakemler!C12 -> 0 | P12: =1 - ( SUM( IF(D12-Uzman_D!$B$4<0, -(D12-Uzman_D!$B$4), D12-Uzman_D!$B$4)*0.1 + IF(E12-Uzman_D!$C$4<0, -(E12-Uzman_D!$C$4), E12-Uzman_D!$C$4)*0.1 + IF(F12-Uzman_D!$D$4<0, -(F12-Uzman_D!$D$4), F12-Uzman_D!$D$4)*0.1 + IF(G12-Uzman_D!$E$4<0, -(G12-Uzman_D!$E$4), G12-Uzman_D!$E$4)*0.1 + IF(H12-Uzman_D!$F$4<0, -(H12-Uzman_D!$F$4), H12-Uzman_D!$F$4)*0.1 + IF(I12-Uzman_D!$G$4<0, -(I12-Uzman_D!$G$4), I12-Uzman_D!$G$4)*0.1 + IF(J12-Uzman_D!$H$4<0, -(J12-Uzman_D!$H$4), J12-Uzman_D!$H$4)*0.1 + IF(K12-Uzman_D!$I$4<0, -(K12-Uzman_D!$I$4), K12-Uzman_D!$I$4)*0.1 + IF(L12-Uzman_D!$J$4<0, -(L12-Uzman_D!$J$4), L12-Uzman_D!$J$4)*0.1 ) + IF(ROUND((IF(N12-Uzman_D!$L$4<0, -(N12-Uzman_D!$L$4), N12-Uzman_D!$L$4)*2),0)/2 = IF(N12-Uzman_D!$L$4<0, -(N12-Uzman_D!$L$4), N12-Uzman_D!$L$4), (ROUND((IF(N12-Uzman_D!$L$4<0, -(N12-Uzman_D!$L$4), N12-Uzman_D!$L$4)*2),0)/1 * 0.1), 0) + IF(O12-Uzman_D!$M$4<0, -(O12-Uzman_D!$M$4), O12-Uzman_D!$M$4)*1 ) -> -0.9 | AC12: =1 - ( SUM( IF(Q12-Uzman_D!$B$5<0, -(Q12-Uzman_D!$B$5), Q12-Uzman_D!$B$5)*0.1 + IF(R12-Uzman_D!$C$5<0, -(R12-Uzman_D!$C$5), R12-Uzman_D!$C$5)*0.1 + IF(S12-Uzman_D!$D$5<0, -(S12-Uzman_D!$D$5), S12-Uzman_D!$D$5)*0.1 + IF(T12-Uzman_D!$E$5<0, -(T12-Uzman_D!$E$5), T12-Uzman_D!$E$5)*0.1 + IF(U12-Uzman_D!$F$5<0, -(U12-Uzman_D!$F$5), U12-Uzman_D!$F$5)*0.1 + IF(V12-Uzman_D!$G$5<0, -(V12-Uzman_D!$G$5), V12-Uzman_D!$G$5)*0.1 + IF(W12-Uzman_D!$H$5<0, -(W12-Uzman_D!$H$5), W12-Uzman_D!$H$5)*0.1 + IF(X12-Uzman_D!$I$5<0, -(X12-Uzman_D!$I$5), X12-Uzman_D!$I$5)*0.1 + IF(Y12-Uzman_D!$J$5<0, -(Y12-Uzman_D!$J$5), Y12-Uzman_D!$J$5)*0.1 ) + IF(ROUND((IF(AA12-Uzman_D!$L$5<0, -(AA12-Uzman_D!$L$5), AA12-Uzman_D!$L$5)*2),0)/2 = IF(AA12-Uzman_D!$L$5<0, -(AA12-Uzman_D!$L$5), AA12-Uzman_D!$L$5), (ROUND((IF(AA12-Uzman_D!$L$5<0, -(AA12-Uzman_D!$L$5), AA12-Uzman_D!$L$5)*2),0)/1 * 0.1), 0) + IF(AB12-Uzman_D!$M$5<0, -(AB12-Uzman_D!$M$5), AB12-Uzman_D!$M$5)*1 ) -> -0.5 | AP12: =1 - ( SUM( IF(AD12-Uzman_D!$B$6<0, -(AD12-Uzman_D!$B$6), AD12-Uzman_D!$B$6)*0.1 + IF(AE12-Uzman_D!$C$6<0, -(AE12-Uzman_D!$C$6), AE12-Uzman_D!$C$6)*0.1 + IF(AF12-Uzman_D!$D$6<0, -(AF12-Uzman_D!$D$6), AF12-Uzman_D!$D$6)*0.1 + IF(AG12-Uzman_D!$E$6<0, -(AG12-Uzman_D!$E$6), AG12-Uzman_D!$E$6)*0.1 + IF(AH12-Uzman_D!$F$6<0, -(AH12-Uzman_D!$F$6), AH12-Uzman_D!$F$6)*0.1 + IF(AI12-Uzman_D!$G$6<0, -(AI12-Uzman_D!$G$6), AI12-Uzman_D!$G$6)*0.1 + IF(AJ12-Uzman_D!$H$6<0, -(AJ12-Uzman_D!$H$6), AJ12-Uzman_D!$H$6)*0.1 + IF(AK12-Uzman_D!$I$6<0, -(AK12-Uzman_D!$I$6), AK12-Uzman_D!$I$6)*0.1 + IF(AL12-Uzman_D!$J$6<0, -(AL12-Uzman_D!$J$6), AL12-Uzman_D!$J$6)*0.1 ) + IF(ROUND((IF(AN12-Uzman_D!$L$6<0, -(AN12-Uzman_D!$L$6), AN12-Uzman_D!$L$6)*2),0)/2 = IF(AN12-Uzman_D!$L$6<0, -(AN12-Uzman_D!$L$6), AN12-Uzman_D!$L$6), (ROUND((IF(AN12-Uzman_D!$L$6<0, -(AN12-Uzman_D!$L$6), AN12-Uzman_D!$L$6)*2),0)/1 * 0.1), 0) + IF(AO12-Uzman_D!$M$6<0, -(AO12-Uzman_D!$M$6), AO12-Uzman_D!$M$6)*1 ) -> -0.6 | BC12: =1 - ( SUM( IF(AQ12-Uzman_D!$B$7<0, -(AQ12-Uzman_D!$B$7), AQ12-Uzman_D!$B$7)*0.1 + IF(AR12-Uzman_D!$C$7<0, -(AR12-Uzman_D!$C$7), AR12-Uzman_D!$C$7)*0.1 + IF(AS12-Uzman_D!$D$7<0, -(AS12-Uzman_D!$D$7), AS12-Uzman_D!$D$7)*0.1 + IF(AT12-Uzman_D!$E$7<0, -(AT12-Uzman_D!$E$7), AT12-Uzman_D!$E$7)*0.1 + IF(AU12-Uzman_D!$F$7<0, -(AU12-Uzman_D!$F$7), AU12-Uzman_D!$F$7)*0.1 + IF(AV12-Uzman_D!$G$7<0, -(AV12-Uzman_D!$G$7), AV12-Uzman_D!$G$7)*0.1 + IF(AW12-Uzman_D!$H$7<0, -(AW12-Uzman_D!$H$7), AW12-Uzman_D!$H$7)*0.1 + IF(AX12-Uzman_D!$I$7<0, -(AX12-Uzman_D!$I$7), AX12-Uzman_D!$I$7)*0.1 + IF(AY12-Uzman_D!$J$7<0, -(AY12-Uzman_D!$J$7), AY12-Uzman_D!$J$7)*0.1 ) + IF(ROUND((IF(BA12-Uzman_D!$L$7<0, -(BA12-Uzman_D!$L$7), BA12-Uzman_D!$L$7)*2),0)/2 = IF(BA12-Uzman_D!$L$7<0, -(BA12-Uzman_D!$L$7), BA12-Uzman_D!$L$7), (ROUND((IF(BA12-Uzman_D!$L$7<0, -(BA12-Uzman_D!$L$7), BA12-Uzman_D!$L$7)*2),0)/1 * 0.1), 0) + IF(BB12-Uzman_D!$M$7<0, -(BB12-Uzman_D!$M$7), BB12-Uzman_D!$M$7)*1 ) -> -0.5 | BP12: =1 - ( SUM( IF(BD12-Uzman_D!$B$8<0, -(BD12-Uzman_D!$B$8), BD12-Uzman_D!$B$8)*0.1 + IF(BE12-Uzman_D!$C$8<0, -(BE12-Uzman_D!$C$8), BE12-Uzman_D!$C$8)*0.1 + IF(BF12-Uzman_D!$D$8<0, -(BF12-Uzman_D!$D$8), BF12-Uzman_D!$D$8)*0.1 + IF(BG12-Uzman_D!$E$8<0, -(BG12-Uzman_D!$E$8), BG12-Uzman_D!$E$8)*0.1 + IF(BH12-Uzman_D!$F$8<0, -(BH12-Uzman_D!$F$8), BH12-Uzman_D!$F$8)*0.1 + IF(BI12-Uzman_D!$G$8<0, -(BI12-Uzman_D!$G$8), BI12-Uzman_D!$G$8)*0.1 + IF(BJ12-Uzman_D!$H$8<0, -(BJ12-Uzman_D!$H$8), BJ12-Uzman_D!$H$8)*0.1 + IF(BK12-Uzman_D!$I$8<0, -(BK12-Uzman_D!$I$8), BK12-Uzman_D!$I$8)*0.1 + IF(BL12-Uzman_D!$J$8<0, -(BL12-Uzman_D!$J$8), BL12-Uzman_D!$J$8)*0.1 ) + IF(ROUND((IF(BN12-Uzman_D!$L$8<0, -(BN12-Uzman_D!$L$8), BN12-Uzman_D!$L$8)*2),0)/2 = IF(BN12-Uzman_D!$L$8<0, -(BN12-Uzman_D!$L$8), BN12-Uzman_D!$L$8), (ROUND((IF(BN12-Uzman_D!$L$8<0, -(BN12-Uzman_D!$L$8), BN12-Uzman_D!$L$8)*2),0)/1 * 0.1), 0) + IF(BO12-Uzman_D!$M$8<0, -(BO12-Uzman_D!$M$8), BO12-Uzman_D!$M$8)*1 ) -> -0.2 | BQ12: =(P12+AC12+AP12+BC12+BP12)/5 -> -0.54
A13: 10 | B13: =Hakemler!B13 -> 0 | C13: =Hakemler!C13 -> 0 | P13: =1 - ( SUM( IF(D13-Uzman_D!$B$4<0, -(D13-Uzman_D!$B$4), D13-Uzman_D!$B$4)*0.1 + IF(E13-Uzman_D!$C$4<0, -(E13-Uzman_D!$C$4), E13-Uzman_D!$C$4)*0.1 + IF(F13-Uzman_D!$D$4<0, -(F13-Uzman_D!$D$4), F13-Uzman_D!$D$4)*0.1 + IF(G13-Uzman_D!$E$4<0, -(G13-Uzman_D!$E$4), G13-Uzman_D!$E$4)*0.1 + IF(H13-Uzman_D!$F$4<0, -(H13-Uzman_D!$F$4), H13-Uzman_D!$F$4)*0.1 + IF(I13-Uzman_D!$G$4<0, -(I13-Uzman_D!$G$4), I13-Uzman_D!$G$4)*0.1 + IF(J13-Uzman_D!$H$4<0, -(J13-Uzman_D!$H$4), J13-Uzman_D!$H$4)*0.1 + IF(K13-Uzman_D!$I$4<0, -(K13-Uzman_D!$I$4), K13-Uzman_D!$I$4)*0.1 + IF(L13-Uzman_D!$J$4<0, -(L13-Uzman_D!$J$4), L13-Uzman_D!$J$4)*0.1 ) + IF(ROUND((IF(N13-Uzman_D!$L$4<0, -(N13-Uzman_D!$L$4), N13-Uzman_D!$L$4)*2),0)/2 = IF(N13-Uzman_D!$L$4<0, -(N13-Uzman_D!$L$4), N13-Uzman_D!$L$4), (ROUND((IF(N13-Uzman_D!$L$4<0, -(N13-Uzman_D!$L$4), N13-Uzman_D!$L$4)*2),0)/1 * 0.1), 0) + IF(O13-Uzman_D!$M$4<0, -(O13-Uzman_D!$M$4), O13-Uzman_D!$M$4)*1 ) -> -0.9 | AC13: =1 - ( SUM( IF(Q13-Uzman_D!$B$5<0, -(Q13-Uzman_D!$B$5), Q13-Uzman_D!$B$5)*0.1 + IF(R13-Uzman_D!$C$5<0, -(R13-Uzman_D!$C$5), R13-Uzman_D!$C$5)*0.1 + IF(S13-Uzman_D!$D$5<0, -(S13-Uzman_D!$D$5), S13-Uzman_D!$D$5)*0.1 + IF(T13-Uzman_D!$E$5<0, -(T13-Uzman_D!$E$5), T13-Uzman_D!$E$5)*0.1 + IF(U13-Uzman_D!$F$5<0, -(U13-Uzman_D!$F$5), U13-Uzman_D!$F$5)*0.1 + IF(V13-Uzman_D!$G$5<0, -(V13-Uzman_D!$G$5), V13-Uzman_D!$G$5)*0.1 + IF(W13-Uzman_D!$H$5<0, -(W13-Uzman_D!$H$5), W13-Uzman_D!$H$5)*0.1 + IF(X13-Uzman_D!$I$5<0, -(X13-Uzman_D!$I$5), X13-Uzman_D!$I$5)*0.1 + IF(Y13-Uzman_D!$J$5<0, -(Y13-Uzman_D!$J$5), Y13-Uzman_D!$J$5)*0.1 ) + IF(ROUND((IF(AA13-Uzman_D!$L$5<0, -(AA13-Uzman_D!$L$5), AA13-Uzman_D!$L$5)*2),0)/2 = IF(AA13-Uzman_D!$L$5<0, -(AA13-Uzman_D!$L$5), AA13-Uzman_D!$L$5), (ROUND((IF(AA13-Uzman_D!$L$5<0, -(AA13-Uzman_D!$L$5), AA13-Uzman_D!$L$5)*2),0)/1 * 0.1), 0) + IF(AB13-Uzman_D!$M$5<0, -(AB13-Uzman_D!$M$5), AB13-Uzman_D!$M$5)*1 ) -> -0.5 | AP13: =1 - ( SUM( IF(AD13-Uzman_D!$B$6<0, -(AD13-Uzman_D!$B$6), AD13-Uzman_D!$B$6)*0.1 + IF(AE13-Uzman_D!$C$6<0, -(AE13-Uzman_D!$C$6), AE13-Uzman_D!$C$6)*0.1 + IF(AF13-Uzman_D!$D$6<0, -(AF13-Uzman_D!$D$6), AF13-Uzman_D!$D$6)*0.1 + IF(AG13-Uzman_D!$E$6<0, -(AG13-Uzman_D!$E$6), AG13-Uzman_D!$E$6)*0.1 + IF(AH13-Uzman_D!$F$6<0, -(AH13-Uzman_D!$F$6), AH13-Uzman_D!$F$6)*0.1 + IF(AI13-Uzman_D!$G$6<0, -(AI13-Uzman_D!$G$6), AI13-Uzman_D!$G$6)*0.1 + IF(AJ13-Uzman_D!$H$6<0, -(AJ13-Uzman_D!$H$6), AJ13-Uzman_D!$H$6)*0.1 + IF(AK13-Uzman_D!$I$6<0, -(AK13-Uzman_D!$I$6), AK13-Uzman_D!$I$6)*0.1 + IF(AL13-Uzman_D!$J$6<0, -(AL13-Uzman_D!$J$6), AL13-Uzman_D!$J$6)*0.1 ) + IF(ROUND((IF(AN13-Uzman_D!$L$6<0, -(AN13-Uzman_D!$L$6), AN13-Uzman_D!$L$6)*2),0)/2 = IF(AN13-Uzman_D!$L$6<0, -(AN13-Uzman_D!$L$6), AN13-Uzman_D!$L$6), (ROUND((IF(AN13-Uzman_D!$L$6<0, -(AN13-Uzman_D!$L$6), AN13-Uzman_D!$L$6)*2),0)/1 * 0.1), 0) + IF(AO13-Uzman_D!$M$6<0, -(AO13-Uzman_D!$M$6), AO13-Uzman_D!$M$6)*1 ) -> -0.6 | BC13: =1 - ( SUM( IF(AQ13-Uzman_D!$B$7<0, -(AQ13-Uzman_D!$B$7), AQ13-Uzman_D!$B$7)*0.1 + IF(AR13-Uzman_D!$C$7<0, -(AR13-Uzman_D!$C$7), AR13-Uzman_D!$C$7)*0.1 + IF(AS13-Uzman_D!$D$7<0, -(AS13-Uzman_D!$D$7), AS13-Uzman_D!$D$7)*0.1 + IF(AT13-Uzman_D!$E$7<0, -(AT13-Uzman_D!$E$7), AT13-Uzman_D!$E$7)*0.1 + IF(AU13-Uzman_D!$F$7<0, -(AU13-Uzman_D!$F$7), AU13-Uzman_D!$F$7)*0.1 + IF(AV13-Uzman_D!$G$7<0, -(AV13-Uzman_D!$G$7), AV13-Uzman_D!$G$7)*0.1 + IF(AW13-Uzman_D!$H$7<0, -(AW13-Uzman_D!$H$7), AW13-Uzman_D!$H$7)*0.1 + IF(AX13-Uzman_D!$I$7<0, -(AX13-Uzman_D!$I$7), AX13-Uzman_D!$I$7)*0.1 + IF(AY13-Uzman_D!$J$7<0, -(AY13-Uzman_D!$J$7), AY13-Uzman_D!$J$7)*0.1 ) + IF(ROUND((IF(BA13-Uzman_D!$L$7<0, -(BA13-Uzman_D!$L$7), BA13-Uzman_D!$L$7)*2),0)/2 = IF(BA13-Uzman_D!$L$7<0, -(BA13-Uzman_D!$L$7), BA13-Uzman_D!$L$7), (ROUND((IF(BA13-Uzman_D!$L$7<0, -(BA13-Uzman_D!$L$7), BA13-Uzman_D!$L$7)*2),0)/1 * 0.1), 0) + IF(BB13-Uzman_D!$M$7<0, -(BB13-Uzman_D!$M$7), BB13-Uzman_D!$M$7)*1 ) -> -0.5 | BP13: =1 - ( SUM( IF(BD13-Uzman_D!$B$8<0, -(BD13-Uzman_D!$B$8), BD13-Uzman_D!$B$8)*0.1 + IF(BE13-Uzman_D!$C$8<0, -(BE13-Uzman_D!$C$8), BE13-Uzman_D!$C$8)*0.1 + IF(BF13-Uzman_D!$D$8<0, -(BF13-Uzman_D!$D$8), BF13-Uzman_D!$D$8)*0.1 + IF(BG13-Uzman_D!$E$8<0, -(BG13-Uzman_D!$E$8), BG13-Uzman_D!$E$8)*0.1 + IF(BH13-Uzman_D!$F$8<0, -(BH13-Uzman_D!$F$8), BH13-Uzman_D!$F$8)*0.1 + IF(BI13-Uzman_D!$G$8<0, -(BI13-Uzman_D!$G$8), BI13-Uzman_D!$G$8)*0.1 + IF(BJ13-Uzman_D!$H$8<0, -(BJ13-Uzman_D!$H$8), BJ13-Uzman_D!$H$8)*0.1 + IF(BK13-Uzman_D!$I$8<0, -(BK13-Uzman_D!$I$8), BK13-Uzman_D!$I$8)*0.1 + IF(BL13-Uzman_D!$J$8<0, -(BL13-Uzman_D!$J$8), BL13-Uzman_D!$J$8)*0.1 ) + IF(ROUND((IF(BN13-Uzman_D!$L$8<0, -(BN13-Uzman_D!$L$8), BN13-Uzman_D!$L$8)*2),0)/2 = IF(BN13-Uzman_D!$L$8<0, -(BN13-Uzman_D!$L$8), BN13-Uzman_D!$L$8), (ROUND((IF(BN13-Uzman_D!$L$8<0, -(BN13-Uzman_D!$L$8), BN13-Uzman_D!$L$8)*2),0)/1 * 0.1), 0) + IF(BO13-Uzman_D!$M$8<0, -(BO13-Uzman_D!$M$8), BO13-Uzman_D!$M$8)*1 ) -> -0.2 | BQ13: =(P13+AC13+AP13+BC13+BP13)/5 -> -0.54
A14: 11 | B14: =Hakemler!B14 -> 0 | C14: =Hakemler!C14 -> 0 | P14: =1 - ( SUM( IF(D14-Uzman_D!$B$4<0, -(D14-Uzman_D!$B$4), D14-Uzman_D!$B$4)*0.1 + IF(E14-Uzman_D!$C$4<0, -(E14-Uzman_D!$C$4), E14-Uzman_D!$C$4)*0.1 + IF(F14-Uzman_D!$D$4<0, -(F14-Uzman_D!$D$4), F14-Uzman_D!$D$4)*0.1 + IF(G14-Uzman_D!$E$4<0, -(G14-Uzman_D!$E$4), G14-Uzman_D!$E$4)*0.1 + IF(H14-Uzman_D!$F$4<0, -(H14-Uzman_D!$F$4), H14-Uzman_D!$F$4)*0.1 + IF(I14-Uzman_D!$G$4<0, -(I14-Uzman_D!$G$4), I14-Uzman_D!$G$4)*0.1 + IF(J14-Uzman_D!$H$4<0, -(J14-Uzman_D!$H$4), J14-Uzman_D!$H$4)*0.1 + IF(K14-Uzman_D!$I$4<0, -(K14-Uzman_D!$I$4), K14-Uzman_D!$I$4)*0.1 + IF(L14-Uzman_D!$J$4<0, -(L14-Uzman_D!$J$4), L14-Uzman_D!$J$4)*0.1 ) + IF(ROUND((IF(N14-Uzman_D!$L$4<0, -(N14-Uzman_D!$L$4), N14-Uzman_D!$L$4)*2),0)/2 = IF(N14-Uzman_D!$L$4<0, -(N14-Uzman_D!$L$4), N14-Uzman_D!$L$4), (ROUND((IF(N14-Uzman_D!$L$4<0, -(N14-Uzman_D!$L$4), N14-Uzman_D!$L$4)*2),0)/1 * 0.1), 0) + IF(O14-Uzman_D!$M$4<0, -(O14-Uzman_D!$M$4), O14-Uzman_D!$M$4)*1 ) -> -0.9 | AC14: =1 - ( SUM( IF(Q14-Uzman_D!$B$5<0, -(Q14-Uzman_D!$B$5), Q14-Uzman_D!$B$5)*0.1 + IF(R14-Uzman_D!$C$5<0, -(R14-Uzman_D!$C$5), R14-Uzman_D!$C$5)*0.1 + IF(S14-Uzman_D!$D$5<0, -(S14-Uzman_D!$D$5), S14-Uzman_D!$D$5)*0.1 + IF(T14-Uzman_D!$E$5<0, -(T14-Uzman_D!$E$5), T14-Uzman_D!$E$5)*0.1 + IF(U14-Uzman_D!$F$5<0, -(U14-Uzman_D!$F$5), U14-Uzman_D!$F$5)*0.1 + IF(V14-Uzman_D!$G$5<0, -(V14-Uzman_D!$G$5), V14-Uzman_D!$G$5)*0.1 + IF(W14-Uzman_D!$H$5<0, -(W14-Uzman_D!$H$5), W14-Uzman_D!$H$5)*0.1 + IF(X14-Uzman_D!$I$5<0, -(X14-Uzman_D!$I$5), X14-Uzman_D!$I$5)*0.1 + IF(Y14-Uzman_D!$J$5<0, -(Y14-Uzman_D!$J$5), Y14-Uzman_D!$J$5)*0.1 ) + IF(ROUND((IF(AA14-Uzman_D!$L$5<0, -(AA14-Uzman_D!$L$5), AA14-Uzman_D!$L$5)*2),0)/2 = IF(AA14-Uzman_D!$L$5<0, -(AA14-Uzman_D!$L$5), AA14-Uzman_D!$L$5), (ROUND((IF(AA14-Uzman_D!$L$5<0, -(AA14-Uzman_D!$L$5), AA14-Uzman_D!$L$5)*2),0)/1 * 0.1), 0) + IF(AB14-Uzman_D!$M$5<0, -(AB14-Uzman_D!$M$5), AB14-Uzman_D!$M$5)*1 ) -> -0.5 | AP14: =1 - ( SUM( IF(AD14-Uzman_D!$B$6<0, -(AD14-Uzman_D!$B$6), AD14-Uzman_D!$B$6)*0.1 + IF(AE14-Uzman_D!$C$6<0, -(AE14-Uzman_D!$C$6), AE14-Uzman_D!$C$6)*0.1 + IF(AF14-Uzman_D!$D$6<0, -(AF14-Uzman_D!$D$6), AF14-Uzman_D!$D$6)*0.1 + IF(AG14-Uzman_D!$E$6<0, -(AG14-Uzman_D!$E$6), AG14-Uzman_D!$E$6)*0.1 + IF(AH14-Uzman_D!$F$6<0, -(AH14-Uzman_D!$F$6), AH14-Uzman_D!$F$6)*0.1 + IF(AI14-Uzman_D!$G$6<0, -(AI14-Uzman_D!$G$6), AI14-Uzman_D!$G$6)*0.1 + IF(AJ14-Uzman_D!$H$6<0, -(AJ14-Uzman_D!$H$6), AJ14-Uzman_D!$H$6)*0.1 + IF(AK14-Uzman_D!$I$6<0, -(AK14-Uzman_D!$I$6), AK14-Uzman_D!$I$6)*0.1 + IF(AL14-Uzman_D!$J$6<0, -(AL14-Uzman_D!$J$6), AL14-Uzman_D!$J$6)*0.1 ) + IF(ROUND((IF(AN14-Uzman_D!$L$6<0, -(AN14-Uzman_D!$L$6), AN14-Uzman_D!$L$6)*2),0)/2 = IF(AN14-Uzman_D!$L$6<0, -(AN14-Uzman_D!$L$6), AN14-Uzman_D!$L$6), (ROUND((IF(AN14-Uzman_D!$L$6<0, -(AN14-Uzman_D!$L$6), AN14-Uzman_D!$L$6)*2),0)/1 * 0.1), 0) + IF(AO14-Uzman_D!$M$6<0, -(AO14-Uzman_D!$M$6), AO14-Uzman_D!$M$6)*1 ) -> -0.6 | BC14: =1 - ( SUM( IF(AQ14-Uzman_D!$B$7<0, -(AQ14-Uzman_D!$B$7), AQ14-Uzman_D!$B$7)*0.1 + IF(AR14-Uzman_D!$C$7<0, -(AR14-Uzman_D!$C$7), AR14-Uzman_D!$C$7)*0.1 + IF(AS14-Uzman_D!$D$7<0, -(AS14-Uzman_D!$D$7), AS14-Uzman_D!$D$7)*0.1 + IF(AT14-Uzman_D!$E$7<0, -(AT14-Uzman_D!$E$7), AT14-Uzman_D!$E$7)*0.1 + IF(AU14-Uzman_D!$F$7<0, -(AU14-Uzman_D!$F$7), AU14-Uzman_D!$F$7)*0.1 + IF(AV14-Uzman_D!$G$7<0, -(AV14-Uzman_D!$G$7), AV14-Uzman_D!$G$7)*0.1 + IF(AW14-Uzman_D!$H$7<0, -(AW14-Uzman_D!$H$7), AW14-Uzman_D!$H$7)*0.1 + IF(AX14-Uzman_D!$I$7<0, -(AX14-Uzman_D!$I$7), AX14-Uzman_D!$I$7)*0.1 + IF(AY14-Uzman_D!$J$7<0, -(AY14-Uzman_D!$J$7), AY14-Uzman_D!$J$7)*0.1 ) + IF(ROUND((IF(BA14-Uzman_D!$L$7<0, -(BA14-Uzman_D!$L$7), BA14-Uzman_D!$L$7)*2),0)/2 = IF(BA14-Uzman_D!$L$7<0, -(BA14-Uzman_D!$L$7), BA14-Uzman_D!$L$7), (ROUND((IF(BA14-Uzman_D!$L$7<0, -(BA14-Uzman_D!$L$7), BA14-Uzman_D!$L$7)*2),0)/1 * 0.1), 0) + IF(BB14-Uzman_D!$M$7<0, -(BB14-Uzman_D!$M$7), BB14-Uzman_D!$M$7)*1 ) -> -0.5 | BP14: =1 - ( SUM( IF(BD14-Uzman_D!$B$8<0, -(BD14-Uzman_D!$B$8), BD14-Uzman_D!$B$8)*0.1 + IF(BE14-Uzman_D!$C$8<0, -(BE14-Uzman_D!$C$8), BE14-Uzman_D!$C$8)*0.1 + IF(BF14-Uzman_D!$D$8<0, -(BF14-Uzman_D!$D$8), BF14-Uzman_D!$D$8)*0.1 + IF(BG14-Uzman_D!$E$8<0, -(BG14-Uzman_D!$E$8), BG14-Uzman_D!$E$8)*0.1 + IF(BH14-Uzman_D!$F$8<0, -(BH14-Uzman_D!$F$8), BH14-Uzman_D!$F$8)*0.1 + IF(BI14-Uzman_D!$G$8<0, -(BI14-Uzman_D!$G$8), BI14-Uzman_D!$G$8)*0.1 + IF(BJ14-Uzman_D!$H$8<0, -(BJ14-Uzman_D!$H$8), BJ14-Uzman_D!$H$8)*0.1 + IF(BK14-Uzman_D!$I$8<0, -(BK14-Uzman_D!$I$8), BK14-Uzman_D!$I$8)*0.1 + IF(BL14-Uzman_D!$J$8<0, -(BL14-Uzman_D!$J$8), BL14-Uzman_D!$J$8)*0.1 ) + IF(ROUND((IF(BN14-Uzman_D!$L$8<0, -(BN14-Uzman_D!$L$8), BN14-Uzman_D!$L$8)*2),0)/2 = IF(BN14-Uzman_D!$L$8<0, -(BN14-Uzman_D!$L$8), BN14-Uzman_D!$L$8), (ROUND((IF(BN14-Uzman_D!$L$8<0, -(BN14-Uzman_D!$L$8), BN14-Uzman_D!$L$8)*2),0)/1 * 0.1), 0) + IF(BO14-Uzman_D!$M$8<0, -(BO14-Uzman_D!$M$8), BO14-Uzman_D!$M$8)*1 ) -> -0.2 | BQ14: =(P14+AC14+AP14+BC14+BP14)/5 -> -0.54
A15: 12 | B15: =Hakemler!B15 -> 0 | C15: =Hakemler!C15 -> 0 | P15: =1 - ( SUM( IF(D15-Uzman_D!$B$4<0, -(D15-Uzman_D!$B$4), D15-Uzman_D!$B$4)*0.1 + IF(E15-Uzman_D!$C$4<0, -(E15-Uzman_D!$C$4), E15-Uzman_D!$C$4)*0.1 + IF(F15-Uzman_D!$D$4<0, -(F15-Uzman_D!$D$4), F15-Uzman_D!$D$4)*0.1 + IF(G15-Uzman_D!$E$4<0, -(G15-Uzman_D!$E$4), G15-Uzman_D!$E$4)*0.1 + IF(H15-Uzman_D!$F$4<0, -(H15-Uzman_D!$F$4), H15-Uzman_D!$F$4)*0.1 + IF(I15-Uzman_D!$G$4<0, -(I15-Uzman_D!$G$4), I15-Uzman_D!$G$4)*0.1 + IF(J15-Uzman_D!$H$4<0, -(J15-Uzman_D!$H$4), J15-Uzman_D!$H$4)*0.1 + IF(K15-Uzman_D!$I$4<0, -(K15-Uzman_D!$I$4), K15-Uzman_D!$I$4)*0.1 + IF(L15-Uzman_D!$J$4<0, -(L15-Uzman_D!$J$4), L15-Uzman_D!$J$4)*0.1 ) + IF(ROUND((IF(N15-Uzman_D!$L$4<0, -(N15-Uzman_D!$L$4), N15-Uzman_D!$L$4)*2),0)/2 = IF(N15-Uzman_D!$L$4<0, -(N15-Uzman_D!$L$4), N15-Uzman_D!$L$4), (ROUND((IF(N15-Uzman_D!$L$4<0, -(N15-Uzman_D!$L$4), N15-Uzman_D!$L$4)*2),0)/1 * 0.1), 0) + IF(O15-Uzman_D!$M$4<0, -(O15-Uzman_D!$M$4), O15-Uzman_D!$M$4)*1 ) -> -0.9 | AC15: =1 - ( SUM( IF(Q15-Uzman_D!$B$5<0, -(Q15-Uzman_D!$B$5), Q15-Uzman_D!$B$5)*0.1 + IF(R15-Uzman_D!$C$5<0, -(R15-Uzman_D!$C$5), R15-Uzman_D!$C$5)*0.1 + IF(S15-Uzman_D!$D$5<0, -(S15-Uzman_D!$D$5), S15-Uzman_D!$D$5)*0.1 + IF(T15-Uzman_D!$E$5<0, -(T15-Uzman_D!$E$5), T15-Uzman_D!$E$5)*0.1 + IF(U15-Uzman_D!$F$5<0, -(U15-Uzman_D!$F$5), U15-Uzman_D!$F$5)*0.1 + IF(V15-Uzman_D!$G$5<0, -(V15-Uzman_D!$G$5), V15-Uzman_D!$G$5)*0.1 + IF(W15-Uzman_D!$H$5<0, -(W15-Uzman_D!$H$5), W15-Uzman_D!$H$5)*0.1 + IF(X15-Uzman_D!$I$5<0, -(X15-Uzman_D!$I$5), X15-Uzman_D!$I$5)*0.1 + IF(Y15-Uzman_D!$J$5<0, -(Y15-Uzman_D!$J$5), Y15-Uzman_D!$J$5)*0.1 ) + IF(ROUND((IF(AA15-Uzman_D!$L$5<0, -(AA15-Uzman_D!$L$5), AA15-Uzman_D!$L$5)*2),0)/2 = IF(AA15-Uzman_D!$L$5<0, -(AA15-Uzman_D!$L$5), AA15-Uzman_D!$L$5), (ROUND((IF(AA15-Uzman_D!$L$5<0, -(AA15-Uzman_D!$L$5), AA15-Uzman_D!$L$5)*2),0)/1 * 0.1), 0) + IF(AB15-Uzman_D!$M$5<0, -(AB15-Uzman_D!$M$5), AB15-Uzman_D!$M$5)*1 ) -> -0.5 | AP15: =1 - ( SUM( IF(AD15-Uzman_D!$B$6<0, -(AD15-Uzman_D!$B$6), AD15-Uzman_D!$B$6)*0.1 + IF(AE15-Uzman_D!$C$6<0, -(AE15-Uzman_D!$C$6), AE15-Uzman_D!$C$6)*0.1 + IF(AF15-Uzman_D!$D$6<0, -(AF15-Uzman_D!$D$6), AF15-Uzman_D!$D$6)*0.1 + IF(AG15-Uzman_D!$E$6<0, -(AG15-Uzman_D!$E$6), AG15-Uzman_D!$E$6)*0.1 + IF(AH15-Uzman_D!$F$6<0, -(AH15-Uzman_D!$F$6), AH15-Uzman_D!$F$6)*0.1 + IF(AI15-Uzman_D!$G$6<0, -(AI15-Uzman_D!$G$6), AI15-Uzman_D!$G$6)*0.1 + IF(AJ15-Uzman_D!$H$6<0, -(AJ15-Uzman_D!$H$6), AJ15-Uzman_D!$H$6)*0.1 + IF(AK15-Uzman_D!$I$6<0, -(AK15-Uzman_D!$I$6), AK15-Uzman_D!$I$6)*0.1 + IF(AL15-Uzman_D!$J$6<0, -(AL15-Uzman_D!$J$6), AL15-Uzman_D!$J$6)*0.1 ) + IF(ROUND((IF(AN15-Uzman_D!$L$6<0, -(AN15-Uzman_D!$L$6), AN15-Uzman_D!$L$6)*2),0)/2 = IF(AN15-Uzman_D!$L$6<0, -(AN15-Uzman_D!$L$6), AN15-Uzman_D!$L$6), (ROUND((IF(AN15-Uzman_D!$L$6<0, -(AN15-Uzman_D!$L$6), AN15-Uzman_D!$L$6)*2),0)/1 * 0.1), 0) + IF(AO15-Uzman_D!$M$6<0, -(AO15-Uzman_D!$M$6), AO15-Uzman_D!$M$6)*1 ) -> -0.6 | BC15: =1 - ( SUM( IF(AQ15-Uzman_D!$B$7<0, -(AQ15-Uzman_D!$B$7), AQ15-Uzman_D!$B$7)*0.1 + IF(AR15-Uzman_D!$C$7<0, -(AR15-Uzman_D!$C$7), AR15-Uzman_D!$C$7)*0.1 + IF(AS15-Uzman_D!$D$7<0, -(AS15-Uzman_D!$D$7), AS15-Uzman_D!$D$7)*0.1 + IF(AT15-Uzman_D!$E$7<0, -(AT15-Uzman_D!$E$7), AT15-Uzman_D!$E$7)*0.1 + IF(AU15-Uzman_D!$F$7<0, -(AU15-Uzman_D!$F$7), AU15-Uzman_D!$F$7)*0.1 + IF(AV15-Uzman_D!$G$7<0, -(AV15-Uzman_D!$G$7), AV15-Uzman_D!$G$7)*0.1 + IF(AW15-Uzman_D!$H$7<0, -(AW15-Uzman_D!$H$7), AW15-Uzman_D!$H$7)*0.1 + IF(AX15-Uzman_D!$I$7<0, -(AX15-Uzman_D!$I$7), AX15-Uzman_D!$I$7)*0.1 + IF(AY15-Uzman_D!$J$7<0, -(AY15-Uzman_D!$J$7), AY15-Uzman_D!$J$7)*0.1 ) + IF(ROUND((IF(BA15-Uzman_D!$L$7<0, -(BA15-Uzman_D!$L$7), BA15-Uzman_D!$L$7)*2),0)/2 = IF(BA15-Uzman_D!$L$7<0, -(BA15-Uzman_D!$L$7), BA15-Uzman_D!$L$7), (ROUND((IF(BA15-Uzman_D!$L$7<0, -(BA15-Uzman_D!$L$7), BA15-Uzman_D!$L$7)*2),0)/1 * 0.1), 0) + IF(BB15-Uzman_D!$M$7<0, -(BB15-Uzman_D!$M$7), BB15-Uzman_D!$M$7)*1 ) -> -0.5 | BP15: =1 - ( SUM( IF(BD15-Uzman_D!$B$8<0, -(BD15-Uzman_D!$B$8), BD15-Uzman_D!$B$8)*0.1 + IF(BE15-Uzman_D!$C$8<0, -(BE15-Uzman_D!$C$8), BE15-Uzman_D!$C$8)*0.1 + IF(BF15-Uzman_D!$D$8<0, -(BF15-Uzman_D!$D$8), BF15-Uzman_D!$D$8)*0.1 + IF(BG15-Uzman_D!$E$8<0, -(BG15-Uzman_D!$E$8), BG15-Uzman_D!$E$8)*0.1 + IF(BH15-Uzman_D!$F$8<0, -(BH15-Uzman_D!$F$8), BH15-Uzman_D!$F$8)*0.1 + IF(BI15-Uzman_D!$G$8<0, -(BI15-Uzman_D!$G$8), BI15-Uzman_D!$G$8)*0.1 + IF(BJ15-Uzman_D!$H$8<0, -(BJ15-Uzman_D!$H$8), BJ15-Uzman_D!$H$8)*0.1 + IF(BK15-Uzman_D!$I$8<0, -(BK15-Uzman_D!$I$8), BK15-Uzman_D!$I$8)*0.1 + IF(BL15-Uzman_D!$J$8<0, -(BL15-Uzman_D!$J$8), BL15-Uzman_D!$J$8)*0.1 ) + IF(ROUND((IF(BN15-Uzman_D!$L$8<0, -(BN15-Uzman_D!$L$8), BN15-Uzman_D!$L$8)*2),0)/2 = IF(BN15-Uzman_D!$L$8<0, -(BN15-Uzman_D!$L$8), BN15-Uzman_D!$L$8), (ROUND((IF(BN15-Uzman_D!$L$8<0, -(BN15-Uzman_D!$L$8), BN15-Uzman_D!$L$8)*2),0)/1 * 0.1), 0) + IF(BO15-Uzman_D!$M$8<0, -(BO15-Uzman_D!$M$8), BO15-Uzman_D!$M$8)*1 ) -> -0.2 | BQ15: =(P15+AC15+AP15+BC15+BP15)/5 -> -0.54
A16: 13 | B16: =Hakemler!B16 -> 0 | C16: =Hakemler!C16 -> 0 | P16: =1 - ( SUM( IF(D16-Uzman_D!$B$4<0, -(D16-Uzman_D!$B$4), D16-Uzman_D!$B$4)*0.1 + IF(E16-Uzman_D!$C$4<0, -(E16-Uzman_D!$C$4), E16-Uzman_D!$C$4)*0.1 + IF(F16-Uzman_D!$D$4<0, -(F16-Uzman_D!$D$4), F16-Uzman_D!$D$4)*0.1 + IF(G16-Uzman_D!$E$4<0, -(G16-Uzman_D!$E$4), G16-Uzman_D!$E$4)*0.1 + IF(H16-Uzman_D!$F$4<0, -(H16-Uzman_D!$F$4), H16-Uzman_D!$F$4)*0.1 + IF(I16-Uzman_D!$G$4<0, -(I16-Uzman_D!$G$4), I16-Uzman_D!$G$4)*0.1 + IF(J16-Uzman_D!$H$4<0, -(J16-Uzman_D!$H$4), J16-Uzman_D!$H$4)*0.1 + IF(K16-Uzman_D!$I$4<0, -(K16-Uzman_D!$I$4), K16-Uzman_D!$I$4)*0.1 + IF(L16-Uzman_D!$J$4<0, -(L16-Uzman_D!$J$4), L16-Uzman_D!$J$4)*0.1 ) + IF(ROUND((IF(N16-Uzman_D!$L$4<0, -(N16-Uzman_D!$L$4), N16-Uzman_D!$L$4)*2),0)/2 = IF(N16-Uzman_D!$L$4<0, -(N16-Uzman_D!$L$4), N16-Uzman_D!$L$4), (ROUND((IF(N16-Uzman_D!$L$4<0, -(N16-Uzman_D!$L$4), N16-Uzman_D!$L$4)*2),0)/1 * 0.1), 0) + IF(O16-Uzman_D!$M$4<0, -(O16-Uzman_D!$M$4), O16-Uzman_D!$M$4)*1 ) -> -0.9 | AC16: =1 - ( SUM( IF(Q16-Uzman_D!$B$5<0, -(Q16-Uzman_D!$B$5), Q16-Uzman_D!$B$5)*0.1 + IF(R16-Uzman_D!$C$5<0, -(R16-Uzman_D!$C$5), R16-Uzman_D!$C$5)*0.1 + IF(S16-Uzman_D!$D$5<0, -(S16-Uzman_D!$D$5), S16-Uzman_D!$D$5)*0.1 + IF(T16-Uzman_D!$E$5<0, -(T16-Uzman_D!$E$5), T16-Uzman_D!$E$5)*0.1 + IF(U16-Uzman_D!$F$5<0, -(U16-Uzman_D!$F$5), U16-Uzman_D!$F$5)*0.1 + IF(V16-Uzman_D!$G$5<0, -(V16-Uzman_D!$G$5), V16-Uzman_D!$G$5)*0.1 + IF(W16-Uzman_D!$H$5<0, -(W16-Uzman_D!$H$5), W16-Uzman_D!$H$5)*0.1 + IF(X16-Uzman_D!$I$5<0, -(X16-Uzman_D!$I$5), X16-Uzman_D!$I$5)*0.1 + IF(Y16-Uzman_D!$J$5<0, -(Y16-Uzman_D!$J$5), Y16-Uzman_D!$J$5)*0.1 ) + IF(ROUND((IF(AA16-Uzman_D!$L$5<0, -(AA16-Uzman_D!$L$5), AA16-Uzman_D!$L$5)*2),0)/2 = IF(AA16-Uzman_D!$L$5<0, -(AA16-Uzman_D!$L$5), AA16-Uzman_D!$L$5), (ROUND((IF(AA16-Uzman_D!$L$5<0, -(AA16-Uzman_D!$L$5), AA16-Uzman_D!$L$5)*2),0)/1 * 0.1), 0) + IF(AB16-Uzman_D!$M$5<0, -(AB16-Uzman_D!$M$5), AB16-Uzman_D!$M$5)*1 ) -> -0.5 | AP16: =1 - ( SUM( IF(AD16-Uzman_D!$B$6<0, -(AD16-Uzman_D!$B$6), AD16-Uzman_D!$B$6)*0.1 + IF(AE16-Uzman_D!$C$6<0, -(AE16-Uzman_D!$C$6), AE16-Uzman_D!$C$6)*0.1 + IF(AF16-Uzman_D!$D$6<0, -(AF16-Uzman_D!$D$6), AF16-Uzman_D!$D$6)*0.1 + IF(AG16-Uzman_D!$E$6<0, -(AG16-Uzman_D!$E$6), AG16-Uzman_D!$E$6)*0.1 + IF(AH16-Uzman_D!$F$6<0, -(AH16-Uzman_D!$F$6), AH16-Uzman_D!$F$6)*0.1 + IF(AI16-Uzman_D!$G$6<0, -(AI16-Uzman_D!$G$6), AI16-Uzman_D!$G$6)*0.1 + IF(AJ16-Uzman_D!$H$6<0, -(AJ16-Uzman_D!$H$6), AJ16-Uzman_D!$H$6)*0.1 + IF(AK16-Uzman_D!$I$6<0, -(AK16-Uzman_D!$I$6), AK16-Uzman_D!$I$6)*0.1 + IF(AL16-Uzman_D!$J$6<0, -(AL16-Uzman_D!$J$6), AL16-Uzman_D!$J$6)*0.1 ) + IF(ROUND((IF(AN16-Uzman_D!$L$6<0, -(AN16-Uzman_D!$L$6), AN16-Uzman_D!$L$6)*2),0)/2 = IF(AN16-Uzman_D!$L$6<0, -(AN16-Uzman_D!$L$6), AN16-Uzman_D!$L$6), (ROUND((IF(AN16-Uzman_D!$L$6<0, -(AN16-Uzman_D!$L$6), AN16-Uzman_D!$L$6)*2),0)/1 * 0.1), 0) + IF(AO16-Uzman_D!$M$6<0, -(AO16-Uzman_D!$M$6), AO16-Uzman_D!$M$6)*1 ) -> -0.6 | BC16: =1 - ( SUM( IF(AQ16-Uzman_D!$B$7<0, -(AQ16-Uzman_D!$B$7), AQ16-Uzman_D!$B$7)*0.1 + IF(AR16-Uzman_D!$C$7<0, -(AR16-Uzman_D!$C$7), AR16-Uzman_D!$C$7)*0.1 + IF(AS16-Uzman_D!$D$7<0, -(AS16-Uzman_D!$D$7), AS16-Uzman_D!$D$7)*0.1 + IF(AT16-Uzman_D!$E$7<0, -(AT16-Uzman_D!$E$7), AT16-Uzman_D!$E$7)*0.1 + IF(AU16-Uzman_D!$F$7<0, -(AU16-Uzman_D!$F$7), AU16-Uzman_D!$F$7)*0.1 + IF(AV16-Uzman_D!$G$7<0, -(AV16-Uzman_D!$G$7), AV16-Uzman_D!$G$7)*0.1 + IF(AW16-Uzman_D!$H$7<0, -(AW16-Uzman_D!$H$7), AW16-Uzman_D!$H$7)*0.1 + IF(AX16-Uzman_D!$I$7<0, -(AX16-Uzman_D!$I$7), AX16-Uzman_D!$I$7)*0.1 + IF(AY16-Uzman_D!$J$7<0, -(AY16-Uzman_D!$J$7), AY16-Uzman_D!$J$7)*0.1 ) + IF(ROUND((IF(BA16-Uzman_D!$L$7<0, -(BA16-Uzman_D!$L$7), BA16-Uzman_D!$L$7)*2),0)/2 = IF(BA16-Uzman_D!$L$7<0, -(BA16-Uzman_D!$L$7), BA16-Uzman_D!$L$7), (ROUND((IF(BA16-Uzman_D!$L$7<0, -(BA16-Uzman_D!$L$7), BA16-Uzman_D!$L$7)*2),0)/1 * 0.1), 0) + IF(BB16-Uzman_D!$M$7<0, -(BB16-Uzman_D!$M$7), BB16-Uzman_D!$M$7)*1 ) -> -0.5 | BP16: =1 - ( SUM( IF(BD16-Uzman_D!$B$8<0, -(BD16-Uzman_D!$B$8), BD16-Uzman_D!$B$8)*0.1 + IF(BE16-Uzman_D!$C$8<0, -(BE16-Uzman_D!$C$8), BE16-Uzman_D!$C$8)*0.1 + IF(BF16-Uzman_D!$D$8<0, -(BF16-Uzman_D!$D$8), BF16-Uzman_D!$D$8)*0.1 + IF(BG16-Uzman_D!$E$8<0, -(BG16-Uzman_D!$E$8), BG16-Uzman_D!$E$8)*0.1 + IF(BH16-Uzman_D!$F$8<0, -(BH16-Uzman_D!$F$8), BH16-Uzman_D!$F$8)*0.1 + IF(BI16-Uzman_D!$G$8<0, -(BI16-Uzman_D!$G$8), BI16-Uzman_D!$G$8)*0.1 + IF(BJ16-Uzman_D!$H$8<0, -(BJ16-Uzman_D!$H$8), BJ16-Uzman_D!$H$8)*0.1 + IF(BK16-Uzman_D!$I$8<0, -(BK16-Uzman_D!$I$8), BK16-Uzman_D!$I$8)*0.1 + IF(BL16-Uzman_D!$J$8<0, -(BL16-Uzman_D!$J$8), BL16-Uzman_D!$J$8)*0.1 ) + IF(ROUND((IF(BN16-Uzman_D!$L$8<0, -(BN16-Uzman_D!$L$8), BN16-Uzman_D!$L$8)*2),0)/2 = IF(BN16-Uzman_D!$L$8<0, -(BN16-Uzman_D!$L$8), BN16-Uzman_D!$L$8), (ROUND((IF(BN16-Uzman_D!$L$8<0, -(BN16-Uzman_D!$L$8), BN16-Uzman_D!$L$8)*2),0)/1 * 0.1), 0) + IF(BO16-Uzman_D!$M$8<0, -(BO16-Uzman_D!$M$8), BO16-Uzman_D!$M$8)*1 ) -> -0.2 | BQ16: =(P16+AC16+AP16+BC16+BP16)/5 -> -0.54
... A103: 100 | B103: =Hakemler!B103 -> 0 | C103: =Hakemler!C103 -> 0 | P103: =1 - ( SUM( IF(D103-Uzman_D!$B$4<0, -(D103-Uzman_D!$B$4), D103-Uzman_D!$B$4)*0.1 + IF(E103-Uzman_D!$C$4<0, -(E103-Uzman_D!$C$4), E103-Uzman_D!$C$4)*0.1 + IF(F103-Uzman_D!$D$4<0, -(F103-Uzman_D!$D$4), F103-Uzman_D!$D$4)*0.1 + IF(G103-Uzman_D!$E$4<0, -(G103-Uzman_D!$E$4), G103-Uzman_D!$E$4)*0.1 + IF(H103-Uzman_D!$F$4<0, -(H103-Uzman_D!$F$4), H103-Uzman_D!$F$4)*0.1 + IF(I103-Uzman_D!$G$4<0, -(I103-Uzman_D!$G$4), I103-Uzman_D!$G$4)*0.1 + IF(J103-Uzman_D!$H$4<0, -(J103-Uzman_D!$H$4), J103-Uzman_D!$H$4)*0.1 + IF(K103-Uzman_D!$I$4<0, -(K103-Uzman_D!$I$4), K103-Uzman_D!$I$4)*0.1 + IF(L103-Uzman_D!$J$4<0, -(L103-Uzman_D!$J$4), L103-Uzman_D!$J$4)*0.1 ) + IF(ROUND((IF(N103-Uzman_D!$L$4<0, -(N103-Uzman_D!$L$4), N103-Uzman_D!$L$4)*2),0)/2 = IF(N103-Uzman_D!$L$4<0, -(N103-Uzman_D!$L$4), N103-Uzman_D!$L$4), (ROUND((IF(N103-Uzman_D!$L$4<0, -(N103-Uzman_D!$L$4), N103-Uzman_D!$L$4)*2),0)/1 * 0.1), 0) + IF(O103-Uzman_D!$M$4<0, -(O103-Uzman_D!$M$4), O103-Uzman_D!$M$4)*1 ) -> -0.9 | AC103: =1 - ( SUM( IF(Q103-Uzman_D!$B$5<0, -(Q103-Uzman_D!$B$5), Q103-Uzman_D!$B$5)*0.1 + IF(R103-Uzman_D!$C$5<0, -(R103-Uzman_D!$C$5), R103-Uzman_D!$C$5)*0.1 + IF(S103-Uzman_D!$D$5<0, -(S103-Uzman_D!$D$5), S103-Uzman_D!$D$5)*0.1 + IF(T103-Uzman_D!$E$5<0, -(T103-Uzman_D!$E$5), T103-Uzman_D!$E$5)*0.1 + IF(U103-Uzman_D!$F$5<0, -(U103-Uzman_D!$F$5), U103-Uzman_D!$F$5)*0.1 + IF(V103-Uzman_D!$G$5<0, -(V103-Uzman_D!$G$5), V103-Uzman_D!$G$5)*0.1 + IF(W103-Uzman_D!$H$5<0, -(W103-Uzman_D!$H$5), W103-Uzman_D!$H$5)*0.1 + IF(X103-Uzman_D!$I$5<0, -(X103-Uzman_D!$I$5), X103-Uzman_D!$I$5)*0.1 + IF(Y103-Uzman_D!$J$5<0, -(Y103-Uzman_D!$J$5), Y103-Uzman_D!$J$5)*0.1 ) + IF(ROUND((IF(AA103-Uzman_D!$L$5<0, -(AA103-Uzman_D!$L$5), AA103-Uzman_D!$L$5)*2),0)/2 = IF(AA103-Uzman_D!$L$5<0, -(AA103-Uzman_D!$L$5), AA103-Uzman_D!$L$5), (ROUND((IF(AA103-Uzman_D!$L$5<0, -(AA103-Uzman_D!$L$5), AA103-Uzman_D!$L$5)*2),0)/1 * 0.1), 0) + IF(AB103-Uzman_D!$M$5<0, -(AB103-Uzman_D!$M$5), AB103-Uzman_D!$M$5)*1 ) -> -0.5 | AP103: =1 - ( SUM( IF(AD103-Uzman_D!$B$6<0, -(AD103-Uzman_D!$B$6), AD103-Uzman_D!$B$6)*0.1 + IF(AE103-Uzman_D!$C$6<0, -(AE103-Uzman_D!$C$6), AE103-Uzman_D!$C$6)*0.1 + IF(AF103-Uzman_D!$D$6<0, -(AF103-Uzman_D!$D$6), AF103-Uzman_D!$D$6)*0.1 + IF(AG103-Uzman_D!$E$6<0, -(AG103-Uzman_D!$E$6), AG103-Uzman_D!$E$6)*0.1 + IF(AH103-Uzman_D!$F$6<0, -(AH103-Uzman_D!$F$6), AH103-Uzman_D!$F$6)*0.1 + IF(AI103-Uzman_D!$G$6<0, -(AI103-Uzman_D!$G$6), AI103-Uzman_D!$G$6)*0.1 + IF(AJ103-Uzman_D!$H$6<0, -(AJ103-Uzman_D!$H$6), AJ103-Uzman_D!$H$6)*0.1 + IF(AK103-Uzman_D!$I$6<0, -(AK103-Uzman_D!$I$6), AK103-Uzman_D!$I$6)*0.1 + IF(AL103-Uzman_D!$J$6<0, -(AL103-Uzman_D!$J$6), AL103-Uzman_D!$J$6)*0.1 ) + IF(ROUND((IF(AN103-Uzman_D!$L$6<0, -(AN103-Uzman_D!$L$6), AN103-Uzman_D!$L$6)*2),0)/2 = IF(AN103-Uzman_D!$L$6<0, -(AN103-Uzman_D!$L$6), AN103-Uzman_D!$L$6), (ROUND((IF(AN103-Uzman_D!$L$6<0, -(AN103-Uzman_D!$L$6), AN103-Uzman_D!$L$6)*2),0)/1 * 0.1), 0) + IF(AO103-Uzman_D!$M$6<0, -(AO103-Uzman_D!$M$6), AO103-Uzman_D!$M$6)*1 ) -> -0.6 | BC103: =1 - ( SUM( IF(AQ103-Uzman_D!$B$7<0, -(AQ103-Uzman_D!$B$7), AQ103-Uzman_D!$B$7)*0.1 + IF(AR103-Uzman_D!$C$7<0, -(AR103-Uzman_D!$C$7), AR103-Uzman_D!$C$7)*0.1 + IF(AS103-Uzman_D!$D$7<0, -(AS103-Uzman_D!$D$7), AS103-Uzman_D!$D$7)*0.1 + IF(AT103-Uzman_D!$E$7<0, -(AT103-Uzman_D!$E$7), AT103-Uzman_D!$E$7)*0.1 + IF(AU103-Uzman_D!$F$7<0, -(AU103-Uzman_D!$F$7), AU103-Uzman_D!$F$7)*0.1 + IF(AV103-Uzman_D!$G$7<0, -(AV103-Uzman_D!$G$7), AV103-Uzman_D!$G$7)*0.1 + IF(AW103-Uzman_D!$H$7<0, -(AW103-Uzman_D!$H$7), AW103-Uzman_D!$H$7)*0.1 + IF(AX103-Uzman_D!$I$7<0, -(AX103-Uzman_D!$I$7), AX103-Uzman_D!$I$7)*0.1 + IF(AY103-Uzman_D!$J$7<0, -(AY103-Uzman_D!$J$7), AY103-Uzman_D!$J$7)*0.1 ) + IF(ROUND((IF(BA103-Uzman_D!$L$7<0, -(BA103-Uzman_D!$L$7), BA103-Uzman_D!$L$7)*2),0)/2 = IF(BA103-Uzman_D!$L$7<0, -(BA103-Uzman_D!$L$7), BA103-Uzman_D!$L$7), (ROUND((IF(BA103-Uzman_D!$L$7<0, -(BA103-Uzman_D!$L$7), BA103-Uzman_D!$L$7)*2),0)/1 * 0.1), 0) + IF(BB103-Uzman_D!$M$7<0, -(BB103-Uzman_D!$M$7), BB103-Uzman_D!$M$7)*1 ) -> -0.5 | BP103: =1 - ( SUM( IF(BD103-Uzman_D!$B$8<0, -(BD103-Uzman_D!$B$8), BD103-Uzman_D!$B$8)*0.1 + IF(BE103-Uzman_D!$C$8<0, -(BE103-Uzman_D!$C$8), BE103-Uzman_D!$C$8)*0.1 + IF(BF103-Uzman_D!$D$8<0, -(BF103-Uzman_D!$D$8), BF103-Uzman_D!$D$8)*0.1 + IF(BG103-Uzman_D!$E$8<0, -(BG103-Uzman_D!$E$8), BG103-Uzman_D!$E$8)*0.1 + IF(BH103-Uzman_D!$F$8<0, -(BH103-Uzman_D!$F$8), BH103-Uzman_D!$F$8)*0.1 + IF(BI103-Uzman_D!$G$8<0, -(BI103-Uzman_D!$G$8), BI103-Uzman_D!$G$8)*0.1 + IF(BJ103-Uzman_D!$H$8<0, -(BJ103-Uzman_D!$H$8), BJ103-Uzman_D!$H$8)*0.1 + IF(BK103-Uzman_D!$I$8<0, -(BK103-Uzman_D!$I$8), BK103-Uzman_D!$I$8)*0.1 + IF(BL103-Uzman_D!$J$8<0, -(BL103-Uzman_D!$J$8), BL103-Uzman_D!$J$8)*0.1 ) + IF(ROUND((IF(BN103-Uzman_D!$L$8<0, -(BN103-Uzman_D!$L$8), BN103-Uzman_D!$L$8)*2),0)/2 = IF(BN103-Uzman_D!$L$8<0, -(BN103-Uzman_D!$L$8), BN103-Uzman_D!$L$8), (ROUND((IF(BN103-Uzman_D!$L$8<0, -(BN103-Uzman_D!$L$8), BN103-Uzman_D!$L$8)*2),0)/1 * 0.1), 0) + IF(BO103-Uzman_D!$M$8<0, -(BO103-Uzman_D!$M$8), BO103-Uzman_D!$M$8)*1 ) -> -0.2 | BQ103: =(P103+AC103+AP103+BC103+BP103)/5 -> -0.54

Sheet KP_E
A1: KIZ PARALELI - E Puanı
A2: No. | B2: Soyadı | C2: Adı | D2: E1 | G2: E2 | J2: E3 | M2: E4 | P2: E5
D3: E1 | E3: Hata | F3: P | G3: E2 | H3: Hata | I3: P | J3: E3 | K3: Hata | L3: P | M3: E4 | N3: Hata | O3: P | P3: E5 | Q3: Hata | R3: P | S3: Ortalama
A4: 1 | B4: =Hakemler!B4 -> Yalçıner | C4: =Hakemler!C4 -> Yunus Emre | D4: 4.8 | E4: =IF(ISBLANK(D4),0,ABS(Uzman_E!A$7-D4)) -> 0.6 | F4: =IF(ISBLANK(D4),0,INDEX(Tablo_E!$B$2:$CX$102,MATCH(ROUND(Uzman_E!A$7,1),Tablo_E!$A$2:$A$102,1),MATCH(ROUND(E4,1),Tablo_E!$B$1:$CX$1,1))) -> 0.85 | G4: 4.8 | H4: =IF(ISBLANK(G4),0,ABS(Uzman_E!B$7-G4)) -> 0 | I4: =IF(ISBLANK(G4),0,INDEX(Tablo_E!$B$2:$CX$102,MATCH(ROUND(Uzman_E!B$7,1),Tablo_E!$A$2:$A$102,1),MATCH(ROUND(H4,1),Tablo_E!$B$1:$CX$1,1))) -> 1 | J4: 1.5 | K4: =IF(ISBLANK(J4),0,ABS(Uzman_E!C$7-J4)) -> 0.2 | L4: =IF(ISBLANK(J4),0,INDEX(Tablo_E!$B$2:$CX$102,MATCH(ROUND(Uzman_E!C$7,1),Tablo_E!$A$2:$A$102,1),MATCH(ROUND(K4,1),Tablo_E!$B$1:$CX$1,1))) -> 1 | M4: 1.8 | N4: =IF(ISBLANK(M4),0,ABS(Uzman_E!D$7-M4)) -> 0.2 | O4: =IF(ISBLANK(M4),0,INDEX(Tablo_E!$B$2:$CX$102,MATCH(ROUND(Uzman_E!D$7,1),Tablo_E!$A$2:$A$102,1),MATCH(ROUND(N4,1),Tablo_E!$B$1:$CX$1,1))) -> 1 | P4: 2.5 | Q4: =IF(ISBLANK(P4),0,ABS(Uzman_E!E$7-P4)) -> 0 | R4: =IF(ISBLANK(P4),0,INDEX(Tablo_E!$B$2:$CX$102,MATCH(ROUND(Uzman_E!E$7,1),Tablo_E!$A$2:$A$102,1),MATCH(ROUND(Q4,1),Tablo_E!$B$1:$CX$1,1))) -> 1 | S4: =(F4+I4+L4+O4+R4)/5 -> 0.97
A5: 2 | B5: =Hakemler!B5 -> Deneme | C5: =Hakemler!C5 -> Hakem | D5: 4.7 | E5: =IF(ISBLANK(D5),0,ABS(Uzman_E!A$7-D5)) -> 0.7 | F5: =IF(ISBLANK(D5),0,INDEX(Tablo_E!$B$2:$CX$102,MATCH(ROUND(Uzman_E!A$7,1),Tablo_E!$A$2:$A$102,1),MATCH(ROUND(E5,1),Tablo_E!$B$1:$CX$1,1))) -> 0.8 | G5: 4.7 | H5: =IF(ISBLANK(G5),0,ABS(Uzman_E!B$7-G5)) -> 0.1 | I5: =IF(ISBLANK(G5),0,INDEX(Tablo_E!$B$2:$CX$102,MATCH(ROUND(Uzman_E!B$7,1),Tablo_E!$A$2:$A$102,1),MATCH(ROUND(H5,1),Tablo_E!$B$1:$CX$1,1))) -> 1 | J5: 1.6 | K5: =IF(ISBLANK(J5),0,ABS(Uzman_E!C$7-J5)) -> 0.1 | L5: =IF(ISBLANK(J5),0,INDEX(Tablo_E!$B$2:$CX$102,MATCH(ROUND(Uzman_E!C$7,1),Tablo_E!$A$2:$A$102,1),MATCH(ROUND(K5,1),Tablo_E!$B$1:$CX$1,1))) -> 1 | M5: 1.6 | N5: =IF(ISBLANK(M5),0,ABS(Uzman_E!D$7-M5)) -> 0 | O5: =IF(ISBLANK(M5),0,INDEX(Tablo_E!$B$2:$CX$102,MATCH(ROUND(Uzman_E!D$7,1),Tablo_E!$A$2:$A$102,1),MATCH(ROUND(N5,1),Tablo_E!$B$1:$CX$1,1))) -> 1 | P5: 1.8 | Q5: =IF(ISBLANK(P5),0,ABS(Uzman_E!E$7-P5)) -> 0.7 | R5: =IF(ISBLANK(P5),0,INDEX(Tablo_E!$B$2:$CX$102,MATCH(ROUND(Uzman_E!E$7,1),Tablo_E!$A$2:$A$102,1),MATCH(ROUND(Q5,1),Tablo_E!$B$1:$CX$1,1))) -> 0.7 | S5: =(F5+I5+L5+O5+R5)/5 -> 0.9
A6: 3 | B6: =Hakemler!B6 -> 0 | C6: =Hakemler!C6 -> 0 | D6: 4.9 | E6: =IF(ISBLANK(D6),0,ABS(Uzman_E!A$7-D6)) -> 0.5 | F6: =IF(ISBLANK(D6),0,INDEX(Tablo_E!$B$2:$CX$102,MATCH(ROUND(Uzman_E!A$7,1),Tablo_E!$A$2:$A$102,1),MATCH(ROUND(E6,1),Tablo_E!$B$1:$CX$1,1))) -> 0.95 | G6: 4.9 | H6: =IF(ISBLANK(G6),0,ABS(Uzman_E!B$7-G6)) -> 0.1 | I6: =IF(ISBLANK(G6),0,INDEX(Tablo_E!$B$2:$CX$102,MATCH(ROUND(Uzman_E!B$7,1),Tablo_E!$A$2:$A$102,1),MATCH(ROUND(H6,1),Tablo_E!$B$1:$CX$1,1))) -> 1 | J6: 1.7 | K6: =IF(ISBLANK(J6),0,ABS(Uzman_E!C$7-J6)) -> 0 | L6: =IF(ISBLANK(J6),0,INDEX(Tablo_E!$B$2:$CX$102,MATCH(ROUND(Uzman_E!C$7,1),Tablo_E!$A$2:$A$102,1),MATCH(ROUND(K6,1),Tablo_E!$B$1:$CX$1,1))) -> 1 | M6: 1.7 | N6: =IF(ISBLANK(M6),0,ABS(Uzman_E!D$7-M6)) -> 0.1 | O6: =IF(ISBLANK(M6),0,INDEX(Tablo_E!$B$2:$CX$102,MATCH(ROUND(Uzman_E!D$7,1),Tablo_E!$A$2:$A$102,1),MATCH(ROUND(N6,1),Tablo_E!$B$1:$CX$1,1))) -> 1 | P6: 1.6 | Q6: =IF(ISBLANK(P6),0,ABS(Uzman_E!E$7-P6)) -> 0.9 | R6: =IF(ISBLANK(P6),0,INDEX(Tablo_E!$B$2:$CX$102,MATCH(ROUND(Uzman_E!E$7,1),Tablo_E!$A$2:$A$102,1),MATCH(ROUND(Q6,1),Tablo_E!$B$1:$CX$1,1))) -> 0.5 | S6: =(F6+I6+L6+O6+R6)/5 -> 0.89
A7: 4 | B7: =Hakemler!B7 -> 0 | C7: =Hakemler!C7 -> 0 | D7: 5 | E7: =IF(ISBLANK(D7),0,ABS(Uzman_E!A$7-D7)) -> 0.4 | F7: =IF(ISBLANK(D7),0,INDEX(Tablo_E!$B$2:$CX$102,MATCH(ROUND(Uzman_E!A$7,1),Tablo_E!$A$2:$A$102,1),MATCH(ROUND(E7,1),Tablo_E!$B$1:$CX$1,1))) -> 1 | G7: 5 | H7: =IF(ISBLANK(G7),0,ABS(Uzman_E!B$7-G7)) -> 0.2 | I7: =IF(ISBLANK(G7),0,INDEX(Tablo_E!$B$2:$CX$102,MATCH(ROUND(Uzman_E!B$7,1),Tablo_E!$A$2:$A$102,1),MATCH(ROUND(H7,1),Tablo_E!$B$1:$CX$1,1))) -> 1 | J7: 1.8 | K7: =IF(ISBLANK(J7),0,ABS(Uzman_E!C$7-J7)) -> 0.1 | L7: =IF(ISBLANK(J7),0,INDEX(Tablo_E!$B$2:$CX$102,MATCH(ROUND(Uzman_E!C$7,1),Tablo_E!$A$2:$A$102,1),MATCH(ROUND(K7,1),Tablo_E!$B$1:$CX$1,1))) -> 1 | M7: 1.8 | N7: =IF(ISBLANK(M7),0,ABS(Uzman_E!D$7-M7)) -> 0.2 | O7: =IF(ISBLANK(M7),0,INDEX(Tablo_E!$B$2:$CX$102,MATCH(ROUND(Uzman_E!D$7,1),Tablo_E!$A$2:$A$102,1),MATCH(ROUND(N7,1),Tablo_E!$B$1:$CX$1,1))) -> 1 | P7: 1.7 | Q7: =IF(ISBLANK(P7),0,ABS(Uzman_E!E$7-P7)) -> 0.8 | R7: =IF(ISBLANK(P7),0,INDEX(Tablo_E!$B$2:$CX$102,MATCH(ROUND(Uzman_E!E$7,1),Tablo_E!$A$2:$A$102,1),MATCH(ROUND(Q7,1),Tablo_E!$B$1:$CX$1,1))) -> 0.6 | S7: =(F7+I7+L7+O7+R7)/5 -> 0.92
A8: 5 | B8: =Hakemler!B8 -> 0 | C8: =Hakemler!C8 -> 0 | D8: 5.1 | E8: =IF(ISBLANK(D8),0,ABS(Uzman_E!A$7-D8)) -> 0.3 | F8: =IF(ISBLANK(D8),0,INDEX(Tablo_E!$B$2:$CX$102,MATCH(ROUND(Uzman_E!A$7,1),Tablo_E!$A$2:$A$102,1),MATCH(ROUND(E8,1),Tablo_E!$B$1:$CX$1,1))) -> 1 | G8: 5.1 | H8: =IF(ISBLANK(G8),0,ABS(Uzman_E!B$7-G8)) -> 0.3 | I8: =IF(ISBLANK(G8),0,INDEX(Tablo_E!$B$2:$CX$102,MATCH(ROUND(Uzman_E!B$7,1),Tablo_E!$A$2:$A$102,1),MATCH(ROUND(H8,1),Tablo_E!$B$1:$CX$1,1))) -> 1 | J8: 1.9 | K8: =IF(ISBLANK(J8),0,ABS(Uzman_E!C$7-J8)) -> 0.2 | L8: =IF(ISBLANK(J8),0,INDEX(Tablo_E!$B$2:$CX$102,MATCH(ROUND(Uzman_E!C$7,1),Tablo_E!$A$2:$A$102,1),MATCH(ROUND(K8,1),Tablo_E!$B$1:$CX$1,1))) -> 1 | M8: 1.9 | N8: =IF(ISBLANK(M8),0,ABS(Uzman_E!D$7-M8)) -> 0.3 | O8: =IF(ISBLANK(M8),0,INDEX(Tablo_E!$B$2:$CX$102,MATCH(ROUND(Uzman_E!D$7,1),Tablo_E!$A$2:$A$102,1),MATCH(ROUND(N8,1),Tablo_E!$B$1:$CX$1,1))) -> 1 | P8: 1.8 | Q8: =IF(ISBLANK(P8),0,ABS(Uzman_E!E$7-P8)) -> 0.7 | R8: =IF(ISBLANK(P8),0,INDEX(Tablo_E!$B$2:$CX$102,MATCH(ROUND(Uzman_E!E$7,1),Tablo_E!$A$2:$A$102,1),MATCH(ROUND(Q8,1),Tablo_E!$B$1:$CX$1,1))) -> 0.7 | S8: =(F8+I8+L8+O8+R8)/5 -> 0.94
A9: 6 | B9: =Hakemler!B9 -> 0 | C9: =Hakemler!C9 -> 0 | D9: 5.2 | E9: =IF(ISBLANK(D9),0,ABS(Uzman_E!A$7-D9)) -> 0.2 | F9: =IF(ISBLANK(D9),0,INDEX(Tablo_E!$B$2:$CX$102,MATCH(ROUND(Uzman_E!A$7,1),Tablo_E!$A$2:$A$102,1),MATCH(ROUND(E9,1),Tablo_E!$B$1:$CX$1,1))) -> 1 | G9: 5.2 | H9: =IF(ISBLANK(G9),0,ABS(Uzman_E!B$7-G9)) -> 0.4 | I9: =IF(ISBLANK(G9),0,INDEX(Tablo_E!$B$2:$CX$102,MATCH(ROUND(Uzman_E!B$7,1),Tablo_E!$A$2:$A$102,1),MATCH(ROUND(H9,1),Tablo_E!$B$1:$CX$1,1))) -> 1 | J9: 2 | K9: =IF(ISBLANK(J9),0,ABS(Uzman_E!C$7-J9)) -> 0.3 | L9: =IF(ISBLANK(J9),0,INDEX(Tablo_E!$B$2:$CX$102,MATCH(ROUND(Uzman_E!C$7,1),Tablo_E!$A$2:$A$102,1),MATCH(ROUND(K9,1),Tablo_E!$B$1:$CX$1,1))) -> 1 | M9: 2 | N9: =IF(ISBLANK(M9),0,ABS(Uzman_E!D$7-M9)) -> 0.4 | O9: =IF(ISBLANK(M9),0,INDEX(Tablo_E!$B$2:$CX$102,MATCH(ROUND(Uzman_E!D$7,1),Tablo_E!$A$2:$A$102,1),MATCH(ROUND(N9,1),Tablo_E!$B$1:$CX$1,1))) -> 0.9 | P9: 1.9 | Q9: =IF(ISBLANK(P9),0,ABS(Uzman_E!E$7-P9)) -> 0.6 | R9: =IF(ISBLANK(P9),0,INDEX(Tablo_E!$B$2:$CX$102,MATCH(ROUND(Uzman_E!E$7,1),Tablo_E!$A$2:$A$102,1),MATCH(ROUND(Q9,1),Tablo_E!$B$1:$CX$1,1))) -> 0.8 | S9: =(F9+I9+L9+O9+R9)/5 -> 0.94
A10: 7 | B10: =Hakemler!B10 -> 0 | C10: =Hakemler!C10 -> 0 | D10: 5.3 | E10: =IF(ISBLANK(D10),0,ABS(Uzman_E!A$7-D10)) -> 0.1 | F10: =IF(ISBLANK(D10),0,INDEX(Tablo_E!$B$2:$CX$102,MATCH(ROUND(Uzman_E!A$7,1),Tablo_E!$A$2:$A$102,1),MATCH(ROUND(E10,1),Tablo_E!$B$1:$CX$1,1))) -> 1 | G10: 5.3 | H10: =IF(ISBLANK(G10),0,ABS(Uzman_E!B$7-G10)) -> 0.5 | I10: =IF(ISBLANK(G10),0,INDEX(Tablo_E!$B$2:$CX$102,MATCH(ROUND(Uzman_E!B$7,1),Tablo_E!$A$2:$A$102,1),MATCH(ROUND(H10,1),Tablo_E!$B$1:$CX$1,1))) -> 0.95 | J10: 1.3 | K10: =IF(ISBLANK(J10),0,ABS(Uzman_E!C$7-J10)) -> 0.4 | L10: =IF(ISBLANK(J10),0,INDEX(Tablo_E!$B$2:$CX$102,MATCH(ROUND(Uzman_E!C$7,1),Tablo_E!$A$2:$A$102,1),MATCH(ROUND(K10,1),Tablo_E!$B$1:$CX$1,1))) -> 0.9 | M10: 1.3 | N10: =IF(ISBLANK(M10),0,ABS(Uzman_E!D$7-M10)) -> 0.3 | O10: =IF(ISBLANK(M10),0,INDEX(Tablo_E!$B$2:$CX$102,MATCH(ROUND(Uzman_E!D$7,1),Tablo_E!$A$2:$A$102,1),MATCH(ROUND(N10,1),Tablo_E!$B$1:$CX$1,1))) -> 1 | P10: 2 | Q10: =IF(ISBLANK(P10),0,ABS(Uzman_E!E$7-P10)) -> 0.5 | R10: =IF(ISBLANK(P10),0,INDEX(Tablo_E!$B$2:$CX$102,MATCH(ROUND(Uzman_E!E$7,1),Tablo_E!$A$2:$A$102,1),MATCH(ROUND(Q10,1),Tablo_E!$B$1:$CX$1,1))) -> 0.85 | S10: =(F10+I10+L10+O10+R10)/5 -> 0.94
A11: 8 | B11: =Hakemler!B11 -> 0 | C11: =Hakemler!C11 -> 0 | D11: 5.4 | E11: =IF(ISBLANK(D11),0,ABS(Uzman_E!A$7-D11)) -> 0 | F11: =IF(ISBLANK(D11),0,INDEX(Tablo_E!$B$2:$CX$102,MATCH(ROUND(Uzman_E!A$7,1),Tablo_E!$A$2:$A$102,1),MATCH(ROUND(E11,1),Tablo_E!$B$1:$CX$1,1))) -> 1 | G11: 5.4 | H11: =IF(ISBLANK(G11),0,ABS(Uzman_E!B$7-G11)) -> 0.6 | I11: =IF(ISBLANK(G11),0,INDEX(Tablo_E!$B$2:$CX$102,MATCH(ROUND(Uzman_E!B$7,1),Tablo_E!$A$2:$A$102,1),MATCH(ROUND(H11,1),Tablo_E!$B$1:$CX$1,1))) -> 0.85 | J11: 1.4 | K11: =IF(ISBLANK(J11),0,ABS(Uzman_E!C$7-J11)) -> 0.3 | L11: =IF(ISBLANK(J11),0,INDEX(Tablo_E!$B$2:$CX$102,MATCH(ROUND(Uzman_E!C$7,1),Tablo_E!$A$2:$A$102,1),MATCH(ROUND(K11,1),Tablo_E!$B$1:$CX$1,1))) -> 1 | M11: 1.4 | N11: =IF(ISBLANK(M11),0,ABS(Uzman_E!D$7-M11)) -> 0.2 | O11: =IF(ISBLANK(M11),0,INDEX(Tablo_E!$B$2:$CX$102,MATCH(ROUND(Uzman_E!D$7,1),Tablo_E!$A$2:$A$102,1),MATCH(ROUND(N11,1),Tablo_E!$B$1:$CX$1,1))) -> 1 | P11: 1.3 | Q11: =IF(ISBLANK(P11),0,ABS(Uzman_E!E$7-P11)) -> 1.2 | R11: =IF(ISBLANK(P11),0,INDEX(Tablo_E!$B$2:$CX$102,MATCH(ROUND(Uzman_E!E$7,1),Tablo_E!$A$2:$A$102,1),MATCH(ROUND(Q11,1),Tablo_E!$B$1:$CX$1,1))) -> 0.2 | S11: =(F11+I11+L11+O11+R11)/5 -> 0.81
A12: 9 | B12: =Hakemler!B12 -> 0 | C12: =Hakemler!C12 -> 0 | D12: 5.5 | E12: =IF(ISBLANK(D12),0,ABS(Uzman_E!A$7-D12)) -> 0.1 | F12: =IF(ISBLANK(D12),0,INDEX(Tablo_E!$B$2:$CX$102,MATCH(ROUND(Uzman_E!A$7,1),Tablo_E!$A$2:$A$102,1),MATCH(ROUND(E12,1),Tablo_E!$B$1:$CX$1,1))) -> 1 | G12: 5.5 | H12: =IF(ISBLANK(G12),0,ABS(Uzman_E!B$7-G12)) -> 0.7 | I12: =IF(ISBLANK(G12),0,INDEX(Tablo_E!$B$2:$CX$102,MATCH(ROUND(Uzman_E!B$7,1),Tablo_E!$A$2:$A$102,1),MATCH(ROUND(H12,1),Tablo_E!$B$1:$CX$1,1))) -> 0.8 | K12: =IF(ISBLANK(J12),0,ABS(Uzman_E!C$7-J12)) -> 0 | L12: =IF(ISBLANK(J12),0,INDEX(Tablo_E!$B$2:$CX$102,MATCH(ROUND(Uzman_E!C$7,1),Tablo_E!$A$2:$A$102,1),MATCH(ROUND(K12,1),Tablo_E!$B$1:$CX$1,1))) -> 0 | M12: 2 | N12: =IF(ISBLANK(M12),0,ABS(Uzman_E!D$7-M12)) -> 0.4 | O12: =IF(ISBLANK(M12),0,INDEX(Tablo_E!$B$2:$CX$102,MATCH(ROUND(Uzman_E!D$7,1),Tablo_E!$A$2:$A$102,1),MATCH(ROUND(N12,1),Tablo_E!$B$1:$CX$1,1))) -> 0.9 | P12: 1.4 | Q12: =IF(ISBLANK(P12),0,ABS(Uzman_E!E$7-P12)) -> 1.1 | R12: =IF(ISBLANK(P12),0,INDEX(Tablo_E!$B$2:$CX$102,MATCH(ROUND(Uzman_E!E$7,1),Tablo_E!$A$2:$A$102,1),MATCH(ROUND(Q12,1),Tablo_E!$B$1:$CX$1,1))) -> 0.3 | S12: =(F12+I12+L12+O12+R12)/5 -> 0.6
A13: 10 | B13: =Hakemler!B13 -> 0 | C13: =Hakemler!C13 -> 0 | D13: 5.6 | E13: =IF(ISBLANK(D13),0,ABS(Uzman_E!A$7-D13)) -> 0.2 | F13: =IF(ISBLANK(D13),0,INDEX(Tablo_E!$B$2:$CX$102,MATCH(ROUND(Uzman_E!A$7,1),Tablo_E!$A$2:$A$102,1),MATCH(ROUND(E13,1),Tablo_E!$B$1:$CX$1,1))) -> 1 | G13: 5.6 | H13: =IF(ISBLANK(G13),0,ABS(Uzman_E!B$7-G13)) -> 0.8 | I13: =IF(ISBLANK(G13),0,INDEX(Tablo_E!$B$2:$CX$102,MATCH(ROUND(Uzman_E!B$7,1),Tablo_E!$A$2:$A$102,1),MATCH(ROUND(H13,1),Tablo_E!$B$1:$CX$1,1))) -> 0.7 | K13: =IF(ISBLANK(J13),0,ABS(Uzman_E!C$7-J13)) -> 0 | L13: =IF(ISBLANK(J13),0,INDEX(Tablo_E!$B$2:$CX$102,MATCH(ROUND(Uzman_E!C$7,1),Tablo_E!$A$2:$A$102,1),MATCH(ROUND(K13,1),Tablo_E!$B$1:$CX$1,1))) -> 0 | M13: 2.2 | N13: =IF(ISBLANK(M13),0,ABS(Uzman_E!D$7-M13)) -> 0.6 | O13: =IF(ISBLANK(M13),0,INDEX(Tablo_E!$B$2:$CX$102,MATCH(ROUND(Uzman_E!D$7,1),Tablo_E!$A$2:$A$102,1),MATCH(ROUND(N13,1),Tablo_E!$B$1:$CX$1,1))) -> 0.7 | P13: 2 | Q13: =IF(ISBLANK(P13),0,ABS(Uzman_E!E$7-P13)) -> 0.5 | R13: =IF(ISBLANK(P13),0,INDEX(Tablo_E!$B$2:$CX$102,MATCH(ROUND(Uzman_E!E$7,1),Tablo_E!$A$2:$A$102,1),MATCH(ROUND(Q13,1),Tablo_E!$B$1:$CX$1,1))) -> 0.85 | S13: =(F13+I13+L13+O13+R13)/5 -> 0.65
A14: 11 | B14: =Hakemler!B14 -> 0 | C14: =Hakemler!C14 -> 0 | D14: 5.7 | E14: =IF(ISBLANK(D14),0,ABS(Uzman_E!A$7-D14)) -> 0.3 | F14: =IF(ISBLANK(D14),0,INDEX(Tablo_E!$B$2:$CX$102,MATCH(ROUND(Uzman_E!A$7,1),Tablo_E!$A$2:$A$102,1),MATCH(ROUND(E14,1),Tablo_E!$B$1:$CX$1,1))) -> 1 | G14: 5.7 | H14: =IF(ISBLANK(G14),0,ABS(Uzman_E!B$7-G14)) -> 0.9 | I14: =IF(ISBLANK(G14),0,INDEX(Tablo_E!$B$2:$CX$102,MATCH(ROUND(Uzman_E!B$7,1),Tablo_E!$A$2:$A$102,1),MATCH(ROUND(H14,1),Tablo_E!$B$1:$CX$1,1))) -> 0.6 | K14: =IF(ISBLANK(J14),0,ABS(Uzman_E!C$7-J14)) -> 0 | L14: =IF(ISBLANK(J14),0,INDEX(Tablo_E!$B$2:$CX$102,MATCH(ROUND(Uzman_E!C$7,1),Tablo_E!$A$2:$A$102,1),MATCH(ROUND(K14,1),Tablo_E!$B$1:$CX$1,1))) -> 0 | N14: =IF(ISBLANK(M14),0,ABS(Uzman_E!D$7-M14)) -> 0 | O14: =IF(ISBLANK(M14),0,INDEX(Tablo_E!$B$2:$CX$102,MATCH(ROUND(Uzman_E!D$7,1),Tablo_E!$A$2:$A$102,1),MATCH(ROUND(N14,1),Tablo_E!$B$1:$CX$1,1))) -> 0 | P14: 2.2 | Q14: =IF(ISBLANK(P14),0,ABS(Uzman_E!E$7-P14)) -> 0.3 | R14: =IF(ISBLANK(P14),0,INDEX(Tablo_E!$B$2:$CX$102,MATCH(ROUND(Uzman_E!E$7,1),Tablo_E!$A$2:$A$102,1),MATCH(ROUND(Q14,1),Tablo_E!$B$1:$CX$1,1))) -> 1 | S14: =(F14+I14+L14+O14+R14)/5 -> 0.52
A15: 12 | B15: =Hakemler!B15 -> 0 | C15: =Hakemler!C15 -> 0 | D15: 5.8 | E15: =IF(ISBLANK(D15),0,ABS(Uzman_E!A$7-D15)) -> 0.4 | F15: =IF(ISBLANK(D15),0,INDEX(Tablo_E!$B$2:$CX$102,MATCH(ROUND(Uzman_E!A$7,1),Tablo_E!$A$2:$A$102,1),MATCH(ROUND(E15,1),Tablo_E!$B$1:$CX$1,1))) -> 1 | G15: 5.8 | H15: =IF(ISBLANK(G15),0,ABS(Uzman_E!B$7-G15)) -> 1 | I15: =IF(ISBLANK(G15),0,INDEX(Tablo_E!$B$2:$CX$102,MATCH(ROUND(Uzman_E!B$7,1),Tablo_E!$A$2:$A$102,1),MATCH(ROUND(H15,1),Tablo_E!$B$1:$CX$1,1))) -> 0.5 | K15: =IF(ISBLANK(J15),0,ABS(Uzman_E!C$7-J15)) -> 0 | L15: =IF(ISBLANK(J15),0,INDEX(Tablo_E!$B$2:$CX$102,MATCH(ROUND(Uzman_E!C$7,1),Tablo_E!$A$2:$A$102,1),MATCH(ROUND(K15,1),Tablo_E!$B$1:$CX$1,1))) -> 0 | N15: =IF(ISBLANK(M15),0,ABS(Uzman_E!D$7-M15)) -> 0 | O15: =IF(ISBLANK(M15),0,INDEX(Tablo_E!$B$2:$CX$102,MATCH(ROUND(Uzman_E!D$7,1),Tablo_E!$A$2:$A$102,1),MATCH(ROUND(N15,1),Tablo_E!$B$1:$CX$1,1))) -> 0 | Q15: =IF(ISBLANK(P15),0,ABS(Uzman_E!E$7-P15)) -> 0 | R15: =IF(ISBLANK(P15),0,INDEX(Tablo_E!$B$2:$CX$102,MATCH(ROUND(Uzman_E!E$7,1),Tablo_E!$A$2:$A$102,1),MATCH(ROUND(Q15,1),Tablo_E!$B$1:$CX$1,1))) -> 0 | S15: =(F15+I15+L15+O15+R15)/5 -> 0.3
A16: 13 | B16: =Hakemler!B16 -> 0 | C16: =Hakemler!C16 -> 0 | D16: 5.9 | E16: =IF(ISBLANK(D16),0,ABS(Uzman_E!A$7-D16)) -> 0.5 | F16: =IF(ISBLANK(D16),0,INDEX(Tablo_E!$B$2:$CX$102,MATCH(ROUND(Uzman_E!A$7,1),Tablo_E!$A$2:$A$102,1),MATCH(ROUND(E16,1),Tablo_E!$B$1:$CX$1,1))) -> 0.95 | G16: 5.9 | H16: =IF(ISBLANK(G16),0,ABS(Uzman_E!B$7-G16)) -> 1.1 | I16: =IF(ISBLANK(G16),0,INDEX(Tablo_E!$B$2:$CX$102,MATCH(ROUND(Uzman_E!B$7,1),Tablo_E!$A$2:$A$102,1),MATCH(ROUND(H16,1),Tablo_E!$B$1:$CX$1,1))) -> 0.4 | K16: =IF(ISBLANK(J16),0,ABS(Uzman_E!C$7-J16)) -> 0 | L16: =IF(ISBLANK(J16),0,INDEX(Tablo_E!$B$2:$CX$102,MATCH(ROUND(Uzman_E!C$7,1),Tablo_E!$A$2:$A$102,1),MATCH(ROUND(K16,1),Tablo_E!$B$1:$CX$1,1))) -> 0 | N16: =IF(ISBLANK(M16),0,ABS(Uzman_E!D$7-M16)) -> 0 | O16: =IF(ISBLANK(M16),0,INDEX(Tablo_E!$B$2:$CX$102,MATCH(ROUND(Uzman_E!D$7,1),Tablo_E!$A$2:$A$102,1),MATCH(ROUND(N16,1),Tablo_E!$B$1:$CX$1,1))) -> 0 | Q16: =IF(ISBLANK(P16),0,ABS(Uzman_E!E$7-P16)) -> 0 | R16: =IF(ISBLANK(P16),0,INDEX(Tablo_E!$B$2:$CX$102,MATCH(ROUND(Uzman_E!E$7,1),Tablo_E!$A$2:$A$102,1),MATCH(ROUND(Q16,1),Tablo_E!$B$1:$CX$1,1))) -> 0 | S16: =(F16+I16+L16+O16+R16)/5 -> 0.27
A17: 14 | B17: =Hakemler!B17 -> 0 | C17: =Hakemler!C17 -> 0 | E17: =IF(ISBLANK(D17),0,ABS(Uzman_E!A$7-D17)) -> 0 | F17: =IF(ISBLANK(D17),0,INDEX(Tablo_E!$B$2:$CX$102,MATCH(ROUND(Uzman_E!A$7,1),Tablo_E!$A$2:$A$102,1),MATCH(ROUND(E17,1),Tablo_E!$B$1:$CX$1,1))) -> 0 | H17: =IF(ISBLANK(G17),0,ABS(Uzman_E!B$7-G17)) -> 0 | I17: =IF(ISBLANK(G17),0,INDEX(Tablo_E!$B$2:$CX$102,MATCH(ROUND(Uzman_E!B$7,1),Tablo_E!$A$2:$A$102,1),MATCH(ROUND(H17,1),Tablo_E!$B$1:$CX$1,1))) -> 0 | K17: =IF(ISBLANK(J17),0,ABS(Uzman_E!C$7-J17)) -> 0 | L17: =IF(ISBLANK(J17),0,INDEX(Tablo_E!$B$2:$CX$102,MATCH(ROUND(Uzman_E!C$7,1),Tablo_E!$A$2:$A$102,1),MATCH(ROUND(K17,1),Tablo_E!$B$1:$CX$1,1))) -> 0 | N17: =IF(ISBLANK(M17),0,ABS(Uzman_E!D$7-M17)) -> 0 | O17: =IF(ISBLANK(M17),0,INDEX(Tablo_E!$B$2:$CX$102,MATCH(ROUND(Uzman_E!D$7,1),Tablo_E!$A$2:$A$102,1),MATCH(ROUND(N17,1),Tablo_E!$B$1:$CX$1,1))) -> 0 | Q17: =IF(ISBLANK(P17),0,ABS(Uzman_E!E$7-P17)) -> 0 | R17: =IF(ISBLANK(P17),0,INDEX(Tablo_E!$B$2:$CX$102,MATCH(ROUND(Uzman_E!E$7,1),Tablo_E!$A$2:$A$102,1),MATCH(ROUND(Q17,1),Tablo_E!$B$1:$CX$1,1))) -> 0 | S17: =(F17+I17+L17+O17+R17)/5 -> 0
A18: 15 | B18: =Hakemler!B18 -> 0 | C18: =Hakemler!C18 -> 0 | E18: =IF(ISBLANK(D18),0,ABS(Uzman_E!A$7-D18)) -> 0 | F18: =IF(ISBLANK(D18),0,INDEX(Tablo_E!$B$2:$CX$102,MATCH(ROUND(Uzman_E!A$7,1),Tablo_E!$A$2:$A$102,1),MATCH(ROUND(E18,1),Tablo_E!$B$1:$CX$1,1))) -> 0 | H18: =IF(ISBLANK(G18),0,ABS(Uzman_E!B$7-G18)) -> 0 | I18: =IF(ISBLANK(G18),0,INDEX(Tablo_E!$B$2:$CX$102,MATCH(ROUND(Uzman_E!B$7,1),Tablo_E!$A$2:$A$102,1),MATCH(ROUND(H18,1),Tablo_E!$B$1:$CX$1,1))) -> 0 | K18: =IF(ISBLANK(J18),0,ABS(Uzman_E!C$7-J18)) -> 0 | L18: =IF(ISBLANK(J18),0,INDEX(Tablo_E!$B$2:$CX$102,MATCH(ROUND(Uzman_E!C$7,1),Tablo_E!$A$2:$A$102,1),MATCH(ROUND(K18,1),Tablo_E!$B$1:$CX$1,1))) -> 0 | N18: =IF(ISBLANK(M18),0,ABS(Uzman_E!D$7-M18)) -> 0 | O18: =IF(ISBLANK(M18),0,INDEX(Tablo_E!$B$2:$CX$102,MATCH(ROUND(Uzman_E!D$7,1),Tablo_E!$A$2:$A$102,1),MATCH(ROUND(N18,1),Tablo_E!$B$1:$CX$1,1))) -> 0 | Q18: =IF(ISBLANK(P18),0,ABS(Uzman_E!E$7-P18)) -> 0 | R18: =IF(ISBLANK(P18),0,INDEX(Tablo_E!$B$2:$CX$102,MATCH(ROUND(Uzman_E!E$7,1),Tablo_E!$A$2:$A$102,1),MATCH(ROUND(Q18,1),Tablo_E!$B$1:$CX$1,1))) -> 0 | S18: =(F18+I18+L18+O18+R18)/5 -> 0
A19: 16 | B19: =Hakemler!B19 -> 0 | C19: =Hakemler!C19 -> 0 | E19: =IF(ISBLANK(D19),0,ABS(Uzman_E!A$7-D19)) -> 0 | F19: =IF(ISBLANK(D19),0,INDEX(Tablo_E!$B$2:$CX$102,MATCH(ROUND(Uzman_E!A$7,1),Tablo_E!$A$2:$A$102,1),MATCH(ROUND(E19,1),Tablo_E!$B$1:$CX$1,1))) -> 0 | H19: =IF(ISBLANK(G19),0,ABS(Uzman_E!B$7-G19)) -> 0 | I19: =IF(ISBLANK(G19),0,INDEX(Tablo_E!$B$2:$CX$102,MATCH(ROUND(Uzman_E!B$7,1),Tablo_E!$A$2:$A$102,1),MATCH(ROUND(H19,1),Tablo_E!$B$1:$CX$1,1))) -> 0 | K19: =IF(ISBLANK(J19),0,ABS(Uzman_E!C$7-J19)) -> 0 | L19: =IF(ISBLANK(J19),0,INDEX(Tablo_E!$B$2:$CX$102,MATCH(ROUND(Uzman_E!C$7,1),Tablo_E!$A$2:$A$102,1),MATCH(ROUND(K19,1),Tablo_E!$B$1:$CX$1,1))) -> 0 | N19: =IF(ISBLANK(M19),0,ABS(Uzman_E!D$7-M19)) -> 0 | O19: =IF(ISBLANK(M19),0,INDEX(Tablo_E!$B$2:$CX$102,MATCH(ROUND(Uzman_E!D$7,1),Tablo_E!$A$2:$A$102,1),MATCH(ROUND(N19,1),Tablo_E!$B$1:$CX$1,1))) -> 0 | Q19: =IF(ISBLANK(P19),0,ABS(Uzman_E!E$7-P19)) -> 0 | R19: =IF(ISBLANK(P19),0,INDEX(Tablo_E!$B$2:$CX$102,MATCH(ROUND(Uzman_E!E$7,1),Tablo_E!$A$2:$A$102,1),MATCH(ROUND(Q19,1),Tablo_E!$B$1:$CX$1,1))) -> 0 | S19: =(F19+I19+L19+O19+R19)/5 -> 0
A20: 17 | B20: =Hakemler!B20 -> 0 | C20: =Hakemler!C20 -> 0 | E20: =IF(ISBLANK(D20),0,ABS(Uzman_E!A$7-D20)) -> 0 | F20: =IF(ISBLANK(D20),0,INDEX(Tablo_E!$B$2:$CX$102,MATCH(ROUND(Uzman_E!A$7,1),Tablo_E!$A$2:$A$102,1),MATCH(ROUND(E20,1),Tablo_E!$B$1:$CX$1,1))) -> 0 | H20: =IF(ISBLANK(G20),0,ABS(Uzman_E!B$7-G20)) -> 0 | I20: =IF(ISBLANK(G20),0,INDEX(Tablo_E!$B$2:$CX$102,MATCH(ROUND(Uzman_E!B$7,1),Tablo_E!$A$2:$A$102,1),MATCH(ROUND(H20,1),Tablo_E!$B$1:$CX$1,1))) -> 0 | K20: =IF(ISBLANK(J20),0,ABS(Uzman_E!C$7-J20)) -> 0 | L20: =IF(ISBLANK(J20),0,INDEX(Tablo_E!$B$2:$CX$102,MATCH(ROUND(Uzman_E!C$7,1),Tablo_E!$A$2:$A$102,1),MATCH(ROUND(K20,1),Tablo_E!$B$1:$CX$1,1))) -> 0 | N20: =IF(ISBLANK(M20),0,ABS(Uzman_E!D$7-M20)) -> 0 | O20: =IF(ISBLANK(M20),0,INDEX(Tablo_E!$B$2:$CX$102,MATCH(ROUND(Uzman_E!D$7,1),Tablo_E!$A$2:$A$102,1),MATCH(ROUND(N20,1),Tablo_E!$B$1:$CX$1,1))) -> 0 | Q20: =IF(ISBLANK(P20),0,ABS(Uzman_E!E$7-P20)) -> 0 | R20: =IF(ISBLANK(P20),0,INDEX(Tablo_E!$B$2:$CX$102,MATCH(ROUND(Uzman_E!E$7,1),Tablo_E!$A$2:$A$102,1),MATCH(ROUND(Q20,1),Tablo_E!$B$1:$CX$1,1))) -> 0 | S20: =(F20+I20+L20+O20+R20)/5 -> 0
A21: 18 | B21: =Hakemler!B21 -> 0 | C21: =Hakemler!C21 -> 0 | E21: =IF(ISBLANK(D21),0,ABS(Uzman_E!A$7-D21)) -> 0 | F21: =IF(ISBLANK(D21),0,INDEX(Tablo_E!$B$2:$CX$102,MATCH(ROUND(Uzman_E!A$7,1),Tablo_E!$A$2:$A$102,1),MATCH(ROUND(E21,1),Tablo_E!$B$1:$CX$1,1))) -> 0 | H21: =IF(ISBLANK(G21),0,ABS(Uzman_E!B$7-G21)) -> 0 | I21: =IF(ISBLANK(G21),0,INDEX(Tablo_E!$B$2:$CX$102,MATCH(ROUND(Uzman_E!B$7,1),Tablo_E!$A$2:$A$102,1),MATCH(ROUND(H21,1),Tablo_E!$B$1:$CX$1,1))) -> 0 | K21: =IF(ISBLANK(J21),0,ABS(Uzman_E!C$7-J21)) -> 0 | L21: =IF(ISBLANK(J21),0,INDEX(Tablo_E!$B$2:$CX$102,MATCH(ROUND(Uzman_E!C$7,1),Tablo_E!$A$2:$A$102,1),MATCH(ROUND(K21,1),Tablo_E!$B$1:$CX$1,1))) -> 0 | N21: =IF(ISBLANK(M21),0,ABS(Uzman_E!D$7-M21)) -> 0 | O21: =IF(ISBLANK(M21),0,INDEX(Tablo_E!$B$2:$CX$102,MATCH(ROUND(Uzman_E!D$7,1),Tablo_E!$A$2:$A$102,1),MATCH(ROUND(N21,1),Tablo_E!$B$1:$CX$1,1))) -> 0 | Q21: =IF(ISBLANK(P21),0,ABS(Uzman_E!E$7-P21)) -> 0 | R21: =IF(ISBLANK(P21),0,INDEX(Tablo_E!$B$2:$CX$102,MATCH(ROUND(Uzman_E!E$7,1),Tablo_E!$A$2:$A$102,1),MATCH(ROUND(Q21,1),Tablo_E!$B$1:$CX$1,1))) -> 0 | S21: =(F21+I21+L21+O21+R21)/5 -> 0
A22: 19 | B22: =Hakemler!B22 -> 0 | C22: =Hakemler!C22 -> 0 | E22: =IF(ISBLANK(D22),0,ABS(Uzman_E!A$7-D22)) -> 0 | F22: =IF(ISBLANK(D22),0,INDEX(Tablo_E!$B$2:$CX$102,MATCH(ROUND(Uzman_E!A$7,1),Tablo_E!$A$2:$A$102,1),MATCH(ROUND(E22,1),Tablo_E!$B$1:$CX$1,1))) -> 0 | H22: =IF(ISBLANK(G22),0,ABS(Uzman_E!B$7-G22)) -> 0 | I22: =IF(ISBLANK(G22),0,INDEX(Tablo_E!$B$2:$CX$102,MATCH(ROUND(Uzman_E!B$7,1),Tablo_E!$A$2:$A$102,1),MATCH(ROUND(H22,1),Tablo_E!$B$1:$CX$1,1))) -> 0 | K22: =IF(ISBLANK(J22),0,ABS(Uzman_E!C$7-J22)) -> 0 | L22: =IF(ISBLANK(J22),0,INDEX(Tablo_E!$B$2:$CX$102,MATCH(ROUND(Uzman_E!C$7,1),Tablo_E!$A$2:$A$102,1),MATCH(ROUND(K22,1),Tablo_E!$B$1:$CX$1,1))) -> 0 | N22: =IF(ISBLANK(M22),0,ABS(Uzman_E!D$7-M22)) -> 0 | O22: =IF(ISBLANK(M22),0,INDEX(Tablo_E!$B$2:$CX$102,MATCH(ROUND(Uzman_E!D$7,1),Tablo_E!$A$2:$A$102,1),MATCH(ROUND(N22,1),Tablo_E!$B$1:$CX$1,1))) -> 0 | Q22: =IF(ISBLANK(P22),0,ABS(Uzman_E!E$7-P22)) -> 0 | R22: =IF(ISBLANK(P22),0,INDEX(Tablo_E!$B$2:$CX$102,MATCH(ROUND(Uzman_E!E$7,1),Tablo_E!$A$2:$A$102,1),MATCH(ROUND(Q22,1),Tablo_E!$B$1:$CX$1,1))) -> 0 | S22: =(F22+I22+L22+O22+R22)/5 -> 0
A23: 20 | B23: =Hakemler!B23 -> 0 | C23: =Hakemler!C23 -> 0 | E23: =IF(ISBLANK(D23),0,ABS(Uzman_E!A$7-D23)) -> 0 | F23: =IF(ISBLANK(D23),0,INDEX(Tablo_E!$B$2:$CX$102,MATCH(ROUND(Uzman_E!A$7,1),Tablo_E!$A$2:$A$102,1),MATCH(ROUND(E23,1),Tablo_E!$B$1:$CX$1,1))) -> 0 | H23: =IF(ISBLANK(G23),0,ABS(Uzman_E!B$7-G23)) -> 0 | I23: =IF(ISBLANK(G23),0,INDEX(Tablo_E!$B$2:$CX$102,MATCH(ROUND(Uzman_E!B$7,1),Tablo_E!$A$2:$A$102,1),MATCH(ROUND(H23,1),Tablo_E!$B$1:$CX$1,1))) -> 0 | K23: =IF(ISBLANK(J23),0,ABS(Uzman_E!C$7-J23)) -> 0 | L23: =IF(ISBLANK(J23),0,INDEX(Tablo_E!$B$2:$CX$102,MATCH(ROUND(Uzman_E!C$7,1),Tablo_E!$A$2:$A$102,1),MATCH(ROUND(K23,1),Tablo_E!$B$1:$CX$1,1))) -> 0 | N23: =IF(ISBLANK(M23),0,ABS(Uzman_E!D$7-M23)) -> 0 | O23: =IF(ISBLANK(M23),0,INDEX(Tablo_E!$B$2:$CX$102,MATCH(ROUND(Uzman_E!D$7,1),Tablo_E!$A$2:$A$102,1),MATCH(ROUND(N23,1),Tablo_E!$B$1:$CX$1,1))) -> 0 | Q23: =IF(ISBLANK(P23),0,ABS(Uzman_E!E$7-P23)) -> 0 | R23: =IF(ISBLANK(P23),0,INDEX(Tablo_E!$B$2:$CX$102,MATCH(ROUND(Uzman_E!E$7,1),Tablo_E!$A$2:$A$102,1),MATCH(ROUND(Q23,1),Tablo_E!$B$1:$CX$1,1))) -> 0 | S23: =(F23+I23+L23+O23+R23)/5 -> 0
A24: 21 | B24: =Hakemler!B24 -> 0 | C24: =Hakemler!C24 -> 0 | E24: =IF(ISBLANK(D24),0,ABS(Uzman_E!A$7-D24)) -> 0 | F24: =IF(ISBLANK(D24),0,INDEX(Tablo_E!$B$2:$CX$102,MATCH(ROUND(Uzman_E!A$7,1),Tablo_E!$A$2:$A$102,1),MATCH(ROUND(E24,1),Tablo_E!$B$1:$CX$1,1))) -> 0 | H24: =IF(ISBLANK(G24),0,ABS(Uzman_E!B$7-G24)) -> 0 | I24: =IF(ISBLANK(G24),0,INDEX(Tablo_E!$B$2:$CX$102,MATCH(ROUND(Uzman_E!B$7,1),Tablo_E!$A$2:$A$102,1),MATCH(ROUND(H24,1),Tablo_E!$B$1:$CX$1,1))) -> 0 | K24: =IF(ISBLANK(J24),0,ABS(Uzman_E!C$7-J24)) -> 0 | L24: =IF(ISBLANK(J24),0,INDEX(Tablo_E!$B$2:$CX$102,MATCH(ROUND(Uzman_E!C$7,1),Tablo_E!$A$2:$A$102,1),MATCH(ROUND(K24,1),Tablo_E!$B$1:$CX$1,1))) -> 0 | N24: =IF(ISBLANK(M24),0,ABS(Uzman_E!D$7-M24)) -> 0 | O24: =IF(ISBLANK(M24),0,INDEX(Tablo_E!$B$2:$CX$102,MATCH(ROUND(Uzman_E!D$7,1),Tablo_E!$A$2:$A$102,1),MATCH(ROUND(N24,1),Tablo_E!$B$1:$CX$1,1))) -> 0 | Q24: =IF(ISBLANK(P24),0,ABS(Uzman_E!E$7-P24)) -> 0 | R24: =IF(ISBLANK(P24),0,INDEX(Tablo_E!$B$2:$CX$102,MATCH(ROUND(Uzman_E!E$7,1),Tablo_E!$A$2:$A$102,1),MATCH(ROUND(Q24,1),Tablo_E!$B$1:$CX$1,1))) -> 0 | S24: =(F24+I24+L24+O24+R24)/5 -> 0
A25: 22 | B25: =Hakemler!B25 -> 0 | C25: =Hakemler!C25 -> 0 | E25: =IF(ISBLANK(D25),0,ABS(Uzman_E!A$7-D25)) -> 0 | F25: =IF(ISBLANK(D25),0,INDEX(Tablo_E!$B$2:$CX$102,MATCH(ROUND(Uzman_E!A$7,1),Tablo_E!$A$2:$A$102,1),MATCH(ROUND(E25,1),Tablo_E!$B$1:$CX$1,1))) -> 0 | H25: =IF(ISBLANK(G25),0,ABS(Uzman_E!B$7-G25)) -> 0 | I25: =IF(ISBLANK(G25),0,INDEX(Tablo_E!$B$2:$CX$102,MATCH(ROUND(Uzman_E!B$7,1),Tablo_E!$A$2:$A$102,1),MATCH(ROUND(H25,1),Tablo_E!$B$1:$CX$1,1))) -> 0 | K25: =IF(ISBLANK(J25),0,ABS(Uzman_E!C$7-J25)) -> 0 | L25: =IF(ISBLANK(J25),0,INDEX(Tablo_E!$B$2:$CX$102,MATCH(ROUND(Uzman_E!C$7,1),Tablo_E!$A$2:$A$102,1),MATCH(ROUND(K25,1),Tablo_E!$B$1:$CX$1,1))) -> 0 | N25: =IF(ISBLANK(M25),0,ABS(Uzman_E!D$7-M25)) -> 0 | O25: =IF(ISBLANK(M25),0,INDEX(Tablo_E!$B$2:$CX$102,MATCH(ROUND(Uzman_E!D$7,1),Tablo_E!$A$2:$A$102,1),MATCH(ROUND(N25,1),Tablo_E!$B$1:$CX$1,1))) -> 0 | Q25: =IF(ISBLANK(P25),0,ABS(Uzman_E!E$7-P25)) -> 0 | R25: =IF(ISBLANK(P25),0,INDEX(Tablo_E!$B$2:$CX$102,MATCH(ROUND(Uzman_E!E$7,1),Tablo_E!$A$2:$A$102,1),MATCH(ROUND(Q25,1),Tablo_E!$B$1:$CX$1,1))) -> 0 | S25: =(F25+I25+L25+O25+R25)/5 -> 0
A26: 23 | B26: =Hakemler!B26 -> 0 | C26: =Hakemler!C26 -> 0 | E26: =IF(ISBLANK(D26),0,ABS(Uzman_E!A$7-D26)) -> 0 | F26: =IF(ISBLANK(D26),0,INDEX(Tablo_E!$B$2:$CX$102,MATCH(ROUND(Uzman_E!A$7,1),Tablo_E!$A$2:$A$102,1),MATCH(ROUND(E26,1),Tablo_E!$B$1:$CX$1,1))) -> 0 | H26: =IF(ISBLANK(G26),0,ABS(Uzman_E!B$7-G26)) -> 0 | I26: =IF(ISBLANK(G26),0,INDEX(Tablo_E!$B$2:$CX$102,MATCH(ROUND(Uzman_E!B$7,1),Tablo_E!$A$2:$A$102,1),MATCH(ROUND(H26,1),Tablo_E!$B$1:$CX$1,1))) -> 0 | K26: =IF(ISBLANK(J26),0,ABS(Uzman_E!C$7-J26)) -> 0 | L26: =IF(ISBLANK(J26),0,INDEX(Tablo_E!$B$2:$CX$102,MATCH(ROUND(Uzman_E!C$7,1),Tablo_E!$A$2:$A$102,1),MATCH(ROUND(K26,1),Tablo_E!$B$1:$CX$1,1))) -> 0 | N26: =IF(ISBLANK(M26),0,ABS(Uzman_E!D$7-M26)) -> 0 | O26: =IF(ISBLANK(M26),0,INDEX(Tablo_E!$B$2:$CX$102,MATCH(ROUND(Uzman_E!D$7,1),Tablo_E!$A$2:$A$102,1),MATCH(ROUND(N26,1),Tablo_E!$B$1:$CX$1,1))) -> 0 | Q26: =IF(ISBLANK(P26),0,ABS(Uzman_E!E$7-P26)) -> 0 | R26: =IF(ISBLANK(P26),0,INDEX(Tablo_E!$B$2:$CX$102,MATCH(ROUND(Uzman_E!E$7,1),Tablo_E!$A$2:$A$102,1),MATCH(ROUND(Q26,1),Tablo_E!$B$1:$CX$1,1))) -> 0 | S26: =(F26+I26+L26+O26+R26)/5 -> 0
A27: 24 | B27: =Hakemler!B27 -> 0 | C27: =Hakemler!C27 -> 0 | E27: =IF(ISBLANK(D27),0,ABS(Uzman_E!A$7-D27)) -> 0 | F27: =IF(ISBLANK(D27),0,INDEX(Tablo_E!$B$2:$CX$102,MATCH(ROUND(Uzman_E!A$7,1),Tablo_E!$A$2:$A$102,1),MATCH(ROUND(E27,1),Tablo_E!$B$1:$CX$1,1))) -> 0 | H27: =IF(ISBLANK(G27),0,ABS(Uzman_E!B$7-G27)) -> 0 | I27: =IF(ISBLANK(G27),0,INDEX(Tablo_E!$B$2:$CX$102,MATCH(ROUND(Uzman_E!B$7,1),Tablo_E!$A$2:$A$102,1),MATCH(ROUND(H27,1),Tablo_E!$B$1:$CX$1,1))) -> 0 | K27: =IF(ISBLANK(J27),0,ABS(Uzman_E!C$7-J27)) -> 0 | L27: =IF(ISBLANK(J27),0,INDEX(Tablo_E!$B$2:$CX$102,MATCH(ROUND(Uzman_E!C$7,1),Tablo_E!$A$2:$A$102,1),MATCH(ROUND(K27,1),Tablo_E!$B$1:$CX$1,1))) -> 0 | N27: =IF(ISBLANK(M27),0,ABS(Uzman_E!D$7-M27)) -> 0 | O27: =IF(ISBLANK(M27),0,INDEX(Tablo_E!$B$2:$CX$102,MATCH(ROUND(Uzman_E!D$7,1),Tablo_E!$A$2:$A$102,1),MATCH(ROUND(N27,1),Tablo_E!$B$1:$CX$1,1))) -> 0 | Q27: =IF(ISBLANK(P27),0,ABS(Uzman_E!E$7-P27)) -> 0 | R27: =IF(ISBLANK(P27),0,INDEX(Tablo_E!$B$2:$CX$102,MATCH(ROUND(Uzman_E!E$7,1),Tablo_E!$A$2:$A$102,1),MATCH(ROUND(Q27,1),Tablo_E!$B$1:$CX$1,1))) -> 0 | S27: =(F27+I27+L27+O27+R27)/5 -> 0
A28: 25 | B28: =Hakemler!B28 -> 0 | C28: =Hakemler!C28 -> 0 | E28: =IF(ISBLANK(D28),0,ABS(Uzman_E!A$7-D28)) -> 0 | F28: =IF(ISBLANK(D28),0,INDEX(Tablo_E!$B$2:$CX$102,MATCH(ROUND(Uzman_E!A$7,1),Tablo_E!$A$2:$A$102,1),MATCH(ROUND(E28,1),Tablo_E!$B$1:$CX$1,1))) -> 0 | H28: =IF(ISBLANK(G28),0,ABS(Uzman_E!B$7-G28)) -> 0 | I28: =IF(ISBLANK(G28),0,INDEX(Tablo_E!$B$2:$CX$102,MATCH(ROUND(Uzman_E!B$7,1),Tablo_E!$A$2:$A$102,1),MATCH(ROUND(H28,1),Tablo_E!$B$1:$CX$1,1))) -> 0 | K28: =IF(ISBLANK(J28),0,ABS(Uzman_E!C$7-J28)) -> 0 | L28: =IF(ISBLANK(J28),0,INDEX(Tablo_E!$B$2:$CX$102,MATCH(ROUND(Uzman_E!C$7,1),Tablo_E!$A$2:$A$102,1),MATCH(ROUND(K28,1),Tablo_E!$B$1:$CX$1,1))) -> 0 | N28: =IF(ISBLANK(M28),0,ABS(Uzman_E!D$7-M28)) -> 0 | O28: =IF(ISBLANK(M28),0,INDEX(Tablo_E!$B$2:$CX$102,MATCH(ROUND(Uzman_E!D$7,1),Tablo_E!$A$2:$A$102,1),MATCH(ROUND(N28,1),Tablo_E!$B$1:$CX$1,1))) -> 0 | Q28: =IF(ISBLANK(P28),0,ABS(Uzman_E!E$7-P28)) -> 0 | R28: =IF(ISBLANK(P28),0,INDEX(Tablo_E!$B$2:$CX$102,MATCH(ROUND(Uzman_E!E$7,1),Tablo_E!$A$2:$A$102,1),MATCH(ROUND(Q28,1),Tablo_E!$B$1:$CX$1,1))) -> 0 | S28: =(F28+I28+L28+O28+R28)/5 -> 0
... A103: 100 | B103: =Hakemler!B103 -> 0 | C103: =Hakemler!C103 -> 0 | E103: =IF(ISBLANK(D103),0,ABS(Uzman_E!A$7-D103)) -> 0 | F103: =IF(ISBLANK(D103),0,INDEX(Tablo_E!$B$2:$CX$102,MATCH(ROUND(Uzman_E!A$7,1),Tablo_E!$A$2:$A$102,1),MATCH(ROUND(E103,1),Tablo_E!$B$1:$CX$1,1))) -> 0 | H103: =IF(ISBLANK(G103),0,ABS(Uzman_E!B$7-G103)) -> 0 | I103: =IF(ISBLANK(G103),0,INDEX(Tablo_E!$B$2:$CX$102,MATCH(ROUND(Uzman_E!B$7,1),Tablo_E!$A$2:$A$102,1),MATCH(ROUND(H103,1),Tablo_E!$B$1:$CX$1,1))) -> 0 | K103: =IF(ISBLANK(J103),0,ABS(Uzman_E!C$7-J103)) -> 0 | L103: =IF(ISBLANK(J103),0,INDEX(Tablo_E!$B$2:$CX$102,MATCH(ROUND(Uzman_E!C$7,1),Tablo_E!$A$2:$A$102,1),MATCH(ROUND(K103,1),Tablo_E!$B$1:$CX$1,1))) -> 0 | N103: =IF(ISBLANK(M103),0,ABS(Uzman_E!D$7-M103)) -> 0 | O103: =IF(ISBLANK(M103),0,INDEX(Tablo_E!$B$2:$CX$102,MATCH(ROUND(Uzman_E!D$7,1),Tablo_E!$A$2:$A$102,1),MATCH(ROUND(N103,1),Tablo_E!$B$1:$CX$1,1))) -> 0 | Q103: =IF(ISBLANK(P103),0,ABS(Uzman_E!E$7-P103)) -> 0 | R103: =IF(ISBLANK(P103),0,INDEX(Tablo_E!$B$2:$CX$102,MATCH(ROUND(Uzman_E!E$7,1),Tablo_E!$A$2:$A$102,1),MATCH(ROUND(Q103,1),Tablo_E!$B$1:$CX$1,1))) -> 0 | S103: =(F103+I103+L103+O103+R103)/5 -> 0

Sheet D_D
A1: DENGE - D Puanı
A2: No. | B2: Soyadı | C2: Adı | D2: D1 | Q2: D2 | AD2: D3 | AQ2: D4 | BD2: D5
D3: A | E3: B | F3: C | G3: D | H3: E | I3: F | J3: G | K3: H | L3: I | M3: J | N3: KG | O3: BD | P3: P | Q3: A | R3: B | S3: C | T3: D | U3: E | V3: F | W3: G | X3: H | Y3: I | Z3: J | AA3: KG | AB3: BD | AC3: P | AD3: A | AE3: B | AF3: C | AG3: D | AH3: E | AI3: F | AJ3: G | AK3: H | AL3: I | AM3: J | AN3: KG | AO3: BD | AP3: P | AQ3: A | AR3: B | AS3: C | AT3: D | AU3: E | AV3: F | AW3: G | AX3: H | AY3: I | AZ3: J | BA3: KG | BB3: BD | BC3: P | BD3: A | BE3: B | BF3: C | BG3: D | BH3: E | BI3: F | BJ3: G | BK3: H | BL3: I | BM3: J | BN3: KG | BO3: BD | BP3: P | BQ3: Ortalama
A4: 1 | B4: =Hakemler!B4 -> Yalçıner | C4: =Hakemler!C4 -> Yunus Emre | D4: 0 | E4: 1 | F4: 3 | G4: 4 | H4: 0 | I4: 0 | J4: 0 | K4: 0 | L4: 0 | M4: 0 | N4: 2 | O4: 0.1 | P4: =1 - ( SUM( IF(D4-Uzman_D!$B$11<0, -(D4-Uzman_D!$B$11), D4-Uzman_D!$B$11)*0.1 + IF(E4-Uzman_D!$C$11<0, -(E4-Uzman_D!$C$11), E4-Uzman_D!$C$11)*0.1 + IF(F4-Uzman_D!$D$11<0, -(F4-Uzman_D!$D$11), F4-Uzman_D!$D$11)*0.1 + IF(G4-Uzman_D!$E$11<0, -(G4-Uzman_D!$E$11), G4-Uzman_D!$E$11)*0.1 + IF(H4-Uzman_D!$F$11<0, -(H4-Uzman_D!$F$11), H4-Uzman_D!$F$11)*0.1 + IF(I4-Uzman_D!$G$11<0, -(I4-Uzman_D!$G$11), I4-Uzman_D!$G$11)*0.1 + IF(J4-Uzman_D!$H$11<0, -(J4-Uzman_D!$H$11), J4-Uzman_D!$H$11)*0.1 + IF(K4-Uzman_D!$I$11<0, -(K4-Uzman_D!$I$11), K4-Uzman_D!$I$11)*0.1 + IF(L4-Uzman_D!$J$11<0, -(L4-Uzman_D!$J$11), L4-Uzman_D!$J$11)*0.1 ) + IF(ROUND((IF(N4-Uzman_D!$L$11<0, -(N4-Uzman_D!$L$11), N4-Uzman_D!$L$11)*2),0)/2 = IF(N4-Uzman_D!$L$11<0, -(N4-Uzman_D!$L$11), N4-Uzman_D!$L$11), (ROUND((IF(N4-Uzman_D!$L$11<0, -(N4-Uzman_D!$L$11), N4-Uzman_D!$L$11)*2),0)/1 * 0.1), 0) + IF(O4-Uzman_D!$M$11<0, -(O4-Uzman_D!$M$11), O4-Uzman_D!$M$11)*1 ) -> 1 | Q4: 2 | R4: 0 | S4: 4 | T4: 2 | U4: 0 | V4: 0 | W4: 0 | X4: 0 | Y4: 0 | Z4: 0 | AA4: 2 | AB4: 0 | AC4: =1 - ( SUM( IF(Q4-Uzman_D!$B$12<0, -(Q4-Uzman_D!$B$12), Q4-Uzman_D!$B$12)*0.1 + IF(R4-Uzman_D!$C$12<0, -(R4-Uzman_D!$C$12), R4-Uzman_D!$C$12)*0.1 + IF(S4-Uzman_D!$D$12<0, -(S4-Uzman_D!$D$12), S4-Uzman_D!$D$12)*0.1 + IF(T4-Uzman_D!$E$12<0, -(T4-Uzman_D!$E$12), T4-Uzman_D!$E$12)*0.1 + IF(U4-Uzman_D!$F$12<0, -(U4-Uzman_D!$F$12), U4-Uzman_D!$F$12)*0.1 + IF(V4-Uzman_D!$G$12<0, -(V4-Uzman_D!$G$12), V4-Uzman_D!$G$12)*0.1 + IF(W4-Uzman_D!$H$12<0, -(W4-Uzman_D!$H$12), W4-Uzman_D!$H$12)*0.1 + IF(X4-Uzman_D!$I$12<0, -(X4-Uzman_D!$I$12), X4-Uzman_D!$I$12)*0.1 + IF(Y4-Uzman_D!$J$12<0, -(Y4-Uzman_D!$J$12), Y4-Uzman_D!$J$12)*0.1 ) + IF(ROUND((IF(AA4-Uzman_D!$L$12<0, -(AA4-Uzman_D!$L$12), AA4-Uzman_D!$L$12)*2),0)/2 = IF(AA4-Uzman_D!$L$12<0, -(AA4-Uzman_D!$L$12), AA4-Uzman_D!$L$12), (ROUND((IF(AA4-Uzman_D!$L$12<0, -(AA4-Uzman_D!$L$12), AA4-Uzman_D!$L$12)*2),0)/1 * 0.1), 0) + IF(AB4-Uzman_D!$M$12<0, -(AB4-Uzman_D!$M$12), AB4-Uzman_D!$M$12)*1 ) -> 1 | AD4: 0 | AE4: 0 | AF4: 1 | AG4: 5 | AH4: 1 | AI4: 1 | AJ4: 0 | AK4: 0 | AL4: 0 | AM4: 0 | AN4: 2 | AO4: 0.1 | AP4: =1 - ( SUM( IF(AD4-Uzman_D!$B$13<0, -(AD4-Uzman_D!$B$13), AD4-Uzman_D!$B$13)*0.1 + IF(AE4-Uzman_D!$C$13<0, -(AE4-Uzman_D!$C$13), AE4-Uzman_D!$C$13)*0.1 + IF(AF4-Uzman_D!$D$13<0, -(AF4-Uzman_D!$D$13), AF4-Uzman_D!$D$13)*0.1 + IF(AG4-Uzman_D!$E$13<0, -(AG4-Uzman_D!$E$13), AG4-Uzman_D!$E$13)*0.1 + IF(AH4-Uzman_D!$F$13<0, -(AH4-Uzman_D!$F$13), AH4-Uzman_D!$F$13)*0.1 + IF(AI4-Uzman_D!$G$13<0, -(AI4-Uzman_D!$G$13), AI4-Uzman_D!$G$13)*0.1 + IF(AJ4-Uzman_D!$H$13<0, -(AJ4-Uzman_D!$H$13), AJ4-Uzman_D!$H$13)*0.1 + IF(AK4-Uzman_D!$I$13<0, -(AK4-Uzman_D!$I$13), AK4-Uzman_D!$I$13)*0.1 + IF(AL4-Uzman_D!$J$13<0, -(AL4-Uzman_D!$J$13), AL4-Uzman_D!$J$13)*0.1 ) + IF(ROUND((IF(AN4-Uzman_D!$L$13<0, -(AN4-Uzman_D!$L$13), AN4-Uzman_D!$L$13)*2),0)/2 = IF(AN4-Uzman_D!$L$13<0, -(AN4-Uzman_D!$L$13), AN4-Uzman_D!$L$13), (ROUND((IF(AN4-Uzman_D!$L$13<0, -(AN4-Uzman_D!$L$13), AN4-Uzman_D!$L$13)*2),0)/1 * 0.1), 0) + IF(AO4-Uzman_D!$M$13<0, -(AO4-Uzman_D!$M$13), AO4-Uzman_D!$M$13)*1 ) -> 1 | AQ4: 0 | AR4: 1 | AS4: 3 | AT4: 3 | AU4: 1 | AV4: 0 | AW4: 0 | AX4: 0 | AY4: 0 | AZ4: 0 | BA4: 2 | BB4: 0.1 | BC4: =1 - ( SUM( IF(AQ4-Uzman_D!$B$14<0, -(AQ4-Uzman_D!$B$14), AQ4-Uzman_D!$B$14)*0.1 + IF(AR4-Uzman_D!$C$14<0, -(AR4-Uzman_D!$C$14), AR4-Uzman_D!$C$14)*0.1 + IF(AS4-Uzman_D!$D$14<0, -(AS4-Uzman_D!$D$14), AS4-Uzman_D!$D$14)*0.1 + IF(AT4-Uzman_D!$E$14<0, -(AT4-Uzman_D!$E$14), AT4-Uzman_D!$E$14)*0.1 + IF(AU4-Uzman_D!$F$14<0, -(AU4-Uzman_D!$F$14), AU4-Uzman_D!$F$14)*0.1 + IF(AV4-Uzman_D!$G$14<0, -(AV4-Uzman_D!$G$14), AV4-Uzman_D!$G$14)*0.1 + IF(AW4-Uzman_D!$H$14<0, -(AW4-Uzman_D!$H$14), AW4-Uzman_D!$H$14)*0.1 + IF(AX4-Uzman_D!$I$14<0, -(AX4-Uzman_D!$I$14), AX4-Uzman_D!$I$14)*0.1 + IF(AY4-Uzman_D!$J$14<0, -(AY4-Uzman_D!$J$14), AY4-Uzman_D!$J$14)*0.1 ) + IF(ROUND((IF(BA4-Uzman_D!$L$14<0, -(BA4-Uzman_D!$L$14), BA4-Uzman_D!$L$14)*2),0)/2 = IF(BA4-Uzman_D!$L$14<0, -(BA4-Uzman_D!$L$14), BA4-Uzman_D!$L$14), (ROUND((IF(BA4-Uzman_D!$L$14<0, -(BA4-Uzman_D!$L$14), BA4-Uzman_D!$L$14)*2),0)/1 * 0.1), 0) + IF(BB4-Uzman_D!$M$14<0, -(BB4-Uzman_D!$M$14), BB4-Uzman_D!$M$14)*1 ) -> 0.7 | BD4: 0 | BE4: 0 | BF4: 2 | BG4: 5 | BH4: 1 | BI4: 0 | BJ4: 0 | BK4: 0 | BL4: 0 | BM4: 0 | BN4: 2 | BO4: 0.5 | BP4: =1 - ( SUM( IF(BD4-Uzman_D!$B$15<0, -(BD4-Uzman_D!$B$15), BD4-Uzman_D!$B$15)*0.1 + IF(BE4-Uzman_D!$C$15<0, -(BE4-Uzman_D!$C$15), BE4-Uzman_D!$C$15)*0.1 + IF(BF4-Uzman_D!$D$15<0, -(BF4-Uzman_D!$D$15), BF4-Uzman_D!$D$15)*0.1 + IF(BG4-Uzman_D!$E$15<0, -(BG4-Uzman_D!$E$15), BG4-Uzman_D!$E$15)*0.1 + IF(BH4-Uzman_D!$F$15<0, -(BH4-Uzman_D!$F$15), BH4-Uzman_D!$F$15)*0.1 + IF(BI4-Uzman_D!$G$15<0, -(BI4-Uzman_D!$G$15), BI4-Uzman_D!$G$15)*0.1 + IF(BJ4-Uzman_D!$H$15<0, -(BJ4-Uzman_D!$H$15), BJ4-Uzman_D!$H$15)*0.1 + IF(BK4-Uzman_D!$I$15<0, -(BK4-Uzman_D!$I$15), BK4-Uzman_D!$I$15)*0.1 + IF(BL4-Uzman_D!$J$15<0, -(BL4-Uzman_D!$J$15), BL4-Uzman_D!$J$15)*0.1 ) + IF(ROUND((IF(BN4-Uzman_D!$L$15<0, -(BN4-Uzman_D!$L$15), BN4-Uzman_D!$L$15)*2),0)/2 = IF(BN4-Uzman_D!$L$15<0, -(BN4-Uzman_D!$L$15), BN4-Uzman_D!$L$15), (ROUND((IF(BN4-Uzman_D!$L$15<0, -(BN4-Uzman_D!$L$15), BN4-Uzman_D!$L$15)*2),0)/1 * 0.1), 0) + IF(BO4-Uzman_D!$M$15<0, -(BO4-Uzman_D!$M$15), BO4-Uzman_D!$M$15)*1 ) -> 0.9 | BQ4: =(P4+AC4+AP4+BC4+BP4)/5 -> 0.92
A5: 2 | B5: =Hakemler!B5 -> Deneme | C5: =Hakemler!C5 -> Hakem | P5: =1 - ( SUM( IF(D5-Uzman_D!$B$11<0, -(D5-Uzman_D!$B$11), D5-Uzman_D!$B$11)*0.1 + IF(E5-Uzman_D!$C$11<0, -(E5-Uzman_D!$C$11), E5-Uzman_D!$C$11)*0.1 + IF(F5-Uzman_D!$D$11<0, -(F5-Uzman_D!$D$11), F5-Uzman_D!$D$11)*0.1 + IF(G5-Uzman_D!$E$11<0, -(G5-Uzman_D!$E$11), G5-Uzman_D!$E$11)*0.1 + IF(H5-Uzman_D!$F$11<0, -(H5-Uzman_D!$F$11), H5-Uzman_D!$F$11)*0.1 + IF(I5-Uzman_D!$G$11<0, -(I5-Uzman_D!$G$11), I5-Uzman_D!$G$11)*0.1 + IF(J5-Uzman_D!$H$11<0, -(J5-Uzman_D!$H$11), J5-Uzman_D!$H$11)*0.1 + IF(K5-Uzman_D!$I$11<0, -(K5-Uzman_D!$I$11), K5-Uzman_D!$I$11)*0.1 + IF(L5-Uzman_D!$J$11<0, -(L5-Uzman_D!$J$11), L5-Uzman_D!$J$11)*0.1 ) + IF(ROUND((IF(N5-Uzman_D!$L$11<0, -(N5-Uzman_D!$L$11), N5-Uzman_D!$L$11)*2),0)/2 = IF(N5-Uzman_D!$L$11<0, -(N5-Uzman_D!$L$11), N5-Uzman_D!$L$11), (ROUND((IF(N5-Uzman_D!$L$11<0, -(N5-Uzman_D!$L$11), N5-Uzman_D!$L$11)*2),0)/1 * 0.1), 0) + IF(O5-Uzman_D!$M$11<0, -(O5-Uzman_D!$M$11), O5-Uzman_D!$M$11)*1 ) -> -0.3 | AC5: =1 - ( SUM( IF(Q5-Uzman_D!$B$12<0, -(Q5-Uzman_D!$B$12), Q5-Uzman_D!$B$12)*0.1 + IF(R5-Uzman_D!$C$12<0, -(R5-Uzman_D!$C$12), R5-Uzman_D!$C$12)*0.1 + IF(S5-Uzman_D!$D$12<0, -(S5-Uzman_D!$D$12), S5-Uzman_D!$D$12)*0.1 + IF(T5-Uzman_D!$E$12<0, -(T5-Uzman_D!$E$12), T5-Uzman_D!$E$12)*0.1 + IF(U5-Uzman_D!$F$12<0, -(U5-Uzman_D!$F$12), U5-Uzman_D!$F$12)*0.1 + IF(V5-Uzman_D!$G$12<0, -(V5-Uzman_D!$G$12), V5-Uzman_D!$G$12)*0.1 + IF(W5-Uzman_D!$H$12<0, -(W5-Uzman_D!$H$12), W5-Uzman_D!$H$12)*0.1 + IF(X5-Uzman_D!$I$12<0, -(X5-Uzman_D!$I$12), X5-Uzman_D!$I$12)*0.1 + IF(Y5-Uzman_D!$J$12<0, -(Y5-Uzman_D!$J$12), Y5-Uzman_D!$J$12)*0.1 ) + IF(ROUND((IF(AA5-Uzman_D!$L$12<0, -(AA5-Uzman_D!$L$12), AA5-Uzman_D!$L$12)*2),0)/2 = IF(AA5-Uzman_D!$L$12<0, -(AA5-Uzman_D!$L$12), AA5-Uzman_D!$L$12), (ROUND((IF(AA5-Uzman_D!$L$12<0, -(AA5-Uzman_D!$L$12), AA5-Uzman_D!$L$12)*2),0)/1 * 0.1), 0) + IF(AB5-Uzman_D!$M$12<0, -(AB5-Uzman_D!$M$12), AB5-Uzman_D!$M$12)*1 ) -> -0.2 | AP5: =1 - ( SUM( IF(AD5-Uzman_D!$B$13<0, -(AD5-Uzman_D!$B$13), AD5-Uzman_D!$B$13)*0.1 + IF(AE5-Uzman_D!$C$13<0, -(AE5-Uzman_D!$C$13), AE5-Uzman_D!$C$13)*0.1 + IF(AF5-Uzman_D!$D$13<0, -(AF5-Uzman_D!$D$13), AF5-Uzman_D!$D$13)*0.1 + IF(AG5-Uzman_D!$E$13<0, -(AG5-Uzman_D!$E$13), AG5-Uzman_D!$E$13)*0.1 + IF(AH5-Uzman_D!$F$13<0, -(AH5-Uzman_D!$F$13), AH5-Uzman_D!$F$13)*0.1 + IF(AI5-Uzman_D!$G$13<0, -(AI5-Uzman_D!$G$13), AI5-Uzman_D!$G$13)*0.1 + IF(AJ5-Uzman_D!$H$13<0, -(AJ5-Uzman_D!$H$13), AJ5-Uzman_D!$H$13)*0.1 + IF(AK5-Uzman_D!$I$13<0, -(AK5-Uzman_D!$I$13), AK5-Uzman_D!$I$13)*0.1 + IF(AL5-Uzman_D!$J$13<0, -(AL5-Uzman_D!$J$13), AL5-Uzman_D!$J$13)*0.1 ) + IF(ROUND((IF(AN5-Uzman_D!$L$13<0, -(AN5-Uzman_D!$L$13), AN5-Uzman_D!$L$13)*2),0)/2 = IF(AN5-Uzman_D!$L$13<0, -(AN5-Uzman_D!$L$13), AN5-Uzman_D!$L$13), (ROUND((IF(AN5-Uzman_D!$L$13<0, -(AN5-Uzman_D!$L$13), AN5-Uzman_D!$L$13)*2),0)/1 * 0.1), 0) + IF(AO5-Uzman_D!$M$13<0, -(AO5-Uzman_D!$M$13), AO5-Uzman_D!$M$13)*1 ) -> -0.3 | BC5: =1 - ( SUM( IF(AQ5-Uzman_D!$B$14<0, -(AQ5-Uzman_D!$B$14), AQ5-Uzman_D!$B$14)*0.1 + IF(AR5-Uzman_D!$C$14<0, -(AR5-Uzman_D!$C$14), AR5-Uzman_D!$C$14)*0.1 + IF(AS5-Uzman_D!$D$14<0, -(AS5-Uzman_D!$D$14), AS5-Uzman_D!$D$14)*0.1 + IF(AT5-Uzman_D!$E$14<0, -(AT5-Uzman_D!$E$14), AT5-Uzman_D!$E$14)*0.1 + IF(AU5-Uzman_D!$F$14<0, -(AU5-Uzman_D!$F$14), AU5-Uzman_D!$F$14)*0.1 + IF(AV5-Uzman_D!$G$14<0, -(AV5-Uzman_D!$G$14), AV5-Uzman_D!$G$14)*0.1 + IF(AW5-Uzman_D!$H$14<0, -(AW5-Uzman_D!$H$14), AW5-Uzman_D!$H$14)*0.1 + IF(AX5-Uzman_D!$I$14<0, -(AX5-Uzman_D!$I$14), AX5-Uzman_D!$I$14)*0.1 + IF(AY5-Uzman_D!$J$14<0, -(AY5-Uzman_D!$J$14), AY5-Uzman_D!$J$14)*0.1 ) + IF(ROUND((IF(BA5-Uzman_D!$L$14<0, -(BA5-Uzman_D!$L$14), BA5-Uzman_D!$L$14)*2),0)/2 = IF(BA5-Uzman_D!$L$14<0, -(BA5-Uzman_D!$L$14), BA5-Uzman_D!$L$14), (ROUND((IF(BA5-Uzman_D!$L$14<0, -(BA5-Uzman_D!$L$14), BA5-Uzman_D!$L$14)*2),0)/1 * 0.1), 0) + IF(BB5-Uzman_D!$M$14<0, -(BB5-Uzman_D!$M$14), BB5-Uzman_D!$M$14)*1 ) -> -0.2 | BP5: =1 - ( SUM( IF(BD5-Uzman_D!$B$15<0, -(BD5-Uzman_D!$B$15), BD5-Uzman_D!$B$15)*0.1 + IF(BE5-Uzman_D!$C$15<0, -(BE5-Uzman_D!$C$15), BE5-Uzman_D!$C$15)*0.1 + IF(BF5-Uzman_D!$D$15<0, -(BF5-Uzman_D!$D$15), BF5-Uzman_D!$D$15)*0.1 + IF(BG5-Uzman_D!$E$15<0, -(BG5-Uzman_D!$E$15), BG5-Uzman_D!$E$15)*0.1 + IF(BH5-Uzman_D!$F$15<0, -(BH5-Uzman_D!$F$15), BH5-Uzman_D!$F$15)*0.1 + IF(BI5-Uzman_D!$G$15<0, -(BI5-Uzman_D!$G$15), BI5-Uzman_D!$G$15)*0.1 + IF(BJ5-Uzman_D!$H$15<0, -(BJ5-Uzman_D!$H$15), BJ5-Uzman_D!$H$15)*0.1 + IF(BK5-Uzman_D!$I$15<0, -(BK5-Uzman_D!$I$15), BK5-Uzman_D!$I$15)*0.1 + IF(BL5-Uzman_D!$J$15<0, -(BL5-Uzman_D!$J$15), BL5-Uzman_D!$J$15)*0.1 ) + IF(ROUND((IF(BN5-Uzman_D!$L$15<0, -(BN5-Uzman_D!$L$15), BN5-Uzman_D!$L$15)*2),0)/2 = IF(BN5-Uzman_D!$L$15<0, -(BN5-Uzman_D!$L$15), BN5-Uzman_D!$L$15), (ROUND((IF(BN5-Uzman_D!$L$15<0, -(BN5-Uzman_D!$L$15), BN5-Uzman_D!$L$15)*2),0)/1 * 0.1), 0) + IF(BO5-Uzman_D!$M$15<0, -(BO5-Uzman_D!$M$15), BO5-Uzman_D!$M$15)*1 ) -> -0.6 | BQ5: =(P5+AC5+AP5+BC5+BP5)/5 -> -0.32
A6: 3 | B6: =Hakemler!B6 -> 0 | C6: =Hakemler!C6 -> 0 | P6: =1 - ( SUM( IF(D6-Uzman_D!$B$11<0, -(D6-Uzman_D!$B$11), D6-Uzman_D!$B$11)*0.1 + IF(E6-Uzman_D!$C$11<0, -(E6-Uzman_D!$C$11), E6-Uzman_D!$C$11)*0.1 + IF(F6-Uzman_D!$D$11<0, -(F6-Uzman_D!$D$11), F6-Uzman_D!$D$11)*0.1 + IF(G6-Uzman_D!$E$11<0, -(G6-Uzman_D!$E$11), G6-Uzman_D!$E$11)*0.1 + IF(H6-Uzman_D!$F$11<0, -(H6-Uzman_D!$F$11), H6-Uzman_D!$F$11)*0.1 + IF(I6-Uzman_D!$G$11<0, -(I6-Uzman_D!$G$11), I6-Uzman_D!$G$11)*0.1 + IF(J6-Uzman_D!$H$11<0, -(J6-Uzman_D!$H$11), J6-Uzman_D!$H$11)*0.1 + IF(K6-Uzman_D!$I$11<0, -(K6-Uzman_D!$I$11), K6-Uzman_D!$I$11)*0.1 + IF(L6-Uzman_D!$J$11<0, -(L6-Uzman_D!$J$11), L6-Uzman_D!$J$11)*0.1 ) + IF(ROUND((IF(N6-Uzman_D!$L$11<0, -(N6-Uzman_D!$L$11), N6-Uzman_D!$L$11)*2),0)/2 = IF(N6-Uzman_D!$L$11<0, -(N6-Uzman_D!$L$11), N6-Uzman_D!$L$11), (ROUND((IF(N6-Uzman_D!$L$11<0, -(N6-Uzman_D!$L$11), N6-Uzman_D!$L$11)*2),0)/1 * 0.1), 0) + IF(O6-Uzman_D!$M$11<0, -(O6-Uzman_D!$M$11), O6-Uzman_D!$M$11)*1 ) -> -0.3 | AC6: =1 - ( SUM( IF(Q6-Uzman_D!$B$12<0, -(Q6-Uzman_D!$B$12), Q6-Uzman_D!$B$12)*0.1 + IF(R6-Uzman_D!$C$12<0, -(R6-Uzman_D!$C$12), R6-Uzman_D!$C$12)*0.1 + IF(S6-Uzman_D!$D$12<0, -(S6-Uzman_D!$D$12), S6-Uzman_D!$D$12)*0.1 + IF(T6-Uzman_D!$E$12<0, -(T6-Uzman_D!$E$12), T6-Uzman_D!$E$12)*0.1 + IF(U6-Uzman_D!$F$12<0, -(U6-Uzman_D!$F$12), U6-Uzman_D!$F$12)*0.1 + IF(V6-Uzman_D!$G$12<0, -(V6-Uzman_D!$G$12), V6-Uzman_D!$G$12)*0.1 + IF(W6-Uzman_D!$H$12<0, -(W6-Uzman_D!$H$12), W6-Uzman_D!$H$12)*0.1 + IF(X6-Uzman_D!$I$12<0, -(X6-Uzman_D!$I$12), X6-Uzman_D!$I$12)*0.1 + IF(Y6-Uzman_D!$J$12<0, -(Y6-Uzman_D!$J$12), Y6-Uzman_D!$J$12)*0.1 ) + IF(ROUND((IF(AA6-Uzman_D!$L$12<0, -(AA6-Uzman_D!$L$12), AA6-Uzman_D!$L$12)*2),0)/2 = IF(AA6-Uzman_D!$L$12<0, -(AA6-Uzman_D!$L$12), AA6-Uzman_D!$L$12), (ROUND((IF(AA6-Uzman_D!$L$12<0, -(AA6-Uzman_D!$L$12), AA6-Uzman_D!$L$12)*2),0)/1 * 0.1), 0) + IF(AB6-Uzman_D!$M$12<0, -(AB6-Uzman_D!$M$12), AB6-Uzman_D!$M$12)*1 ) -> -0.2 | AP6: =1 - ( SUM( IF(AD6-Uzman_D!$B$13<0, -(AD6-Uzman_D!$B$13), AD6-Uzman_D!$B$13)*0.1 + IF(AE6-Uzman_D!$C$13<0, -(AE6-Uzman_D!$C$13), AE6-Uzman_D!$C$13)*0.1 + IF(AF6-Uzman_D!$D$13<0, -(AF6-Uzman_D!$D$13), AF6-Uzman_D!$D$13)*0.1 + IF(AG6-Uzman_D!$E$13<0, -(AG6-Uzman_D!$E$13), AG6-Uzman_D!$E$13)*0.1 + IF(AH6-Uzman_D!$F$13<0, -(AH6-Uzman_D!$F$13), AH6-Uzman_D!$F$13)*0.1 + IF(AI6-Uzman_D!$G$13<0, -(AI6-Uzman_D!$G$13), AI6-Uzman_D!$G$13)*0.1 + IF(AJ6-Uzman_D!$H$13<0, -(AJ6-Uzman_D!$H$13), AJ6-Uzman_D!$H$13)*0.1 + IF(AK6-Uzman_D!$I$13<0, -(AK6-Uzman_D!$I$13), AK6-Uzman_D!$I$13)*0.1 + IF(AL6-Uzman_D!$J$13<0, -(AL6-Uzman_D!$J$13), AL6-Uzman_D!$J$13)*0.1 ) + IF(ROUND((IF(AN6-Uzman_D!$L$13<0, -(AN6-Uzman_D!$L$13), AN6-Uzman_D!$L$13)*2),0)/2 = IF(AN6-Uzman_D!$L$13<0, -(AN6-Uzman_D!$L$13), AN6-Uzman_D!$L$13), (ROUND((IF(AN6-Uzman_D!$L$13<0, -(AN6-Uzman_D!$L$13), AN6-Uzman_D!$L$13)*2),0)/1 * 0.1), 0) + IF(AO6-Uzman_D!$M$13<0, -(AO6-Uzman_D!$M$13), AO6-Uzman_D!$M$13)*1 ) -> -0.3 | BC6: =1 - ( SUM( IF(AQ6-Uzman_D!$B$14<0, -(AQ6-Uzman_D!$B$14), AQ6-Uzman_D!$B$14)*0.1 + IF(AR6-Uzman_D!$C$14<0, -(AR6-Uzman_D!$C$14), AR6-Uzman_D!$C$14)*0.1 + IF(AS6-Uzman_D!$D$14<0, -(AS6-Uzman_D!$D$14), AS6-Uzman_D!$D$14)*0.1 + IF(AT6-Uzman_D!$E$14<0, -(AT6-Uzman_D!$E$14), AT6-Uzman_D!$E$14)*0.1 + IF(AU6-Uzman_D!$F$14<0, -(AU6-Uzman_D!$F$14), AU6-Uzman_D!$F$14)*0.1 + IF(AV6-Uzman_D!$G$14<0, -(AV6-Uzman_D!$G$14), AV6-Uzman_D!$G$14)*0.1 + IF(AW6-Uzman_D!$H$14<0, -(AW6-Uzman_D!$H$14), AW6-Uzman_D!$H$14)*0.1 + IF(AX6-Uzman_D!$I$14<0, -(AX6-Uzman_D!$I$14), AX6-Uzman_D!$I$14)*0.1 + IF(AY6-Uzman_D!$J$14<0, -(AY6-Uzman_D!$J$14), AY6-Uzman_D!$J$14)*0.1 ) + IF(ROUND((IF(BA6-Uzman_D!$L$14<0, -(BA6-Uzman_D!$L$14), BA6-Uzman_D!$L$14)*2),0)/2 = IF(BA6-Uzman_D!$L$14<0, -(BA6-Uzman_D!$L$14), BA6-Uzman_D!$L$14), (ROUND((IF(BA6-Uzman_D!$L$14<0, -(BA6-Uzman_D!$L$14), BA6-Uzman_D!$L$14)*2),0)/1 * 0.1), 0) + IF(BB6-Uzman_D!$M$14<0, -(BB6-Uzman_D!$M$14), BB6-Uzman_D!$M$14)*1 ) -> -0.2 | BP6: =1 - ( SUM( IF(BD6-Uzman_D!$B$15<0, -(BD6-Uzman_D!$B$15), BD6-Uzman_D!$B$15)*0.1 + IF(BE6-Uzman_D!$C$15<0, -(BE6-Uzman_D!$C$15), BE6-Uzman_D!$C$15)*0.1 + IF(BF6-Uzman_D!$D$15<0, -(BF6-Uzman_D!$D$15), BF6-Uzman_D!$D$15)*0.1 + IF(BG6-Uzman_D!$E$15<0, -(BG6-Uzman_D!$E$15), BG6-Uzman_D!$E$15)*0.1 + IF(BH6-Uzman_D!$F$15<0, -(BH6-Uzman_D!$F$15), BH6-Uzman_D!$F$15)*0.1 + IF(BI6-Uzman_D!$G$15<0, -(BI6-Uzman_D!$G$15), BI6-Uzman_D!$G$15)*0.1 + IF(BJ6-Uzman_D!$H$15<0, -(BJ6-Uzman_D!$H$15), BJ6-Uzman_D!$H$15)*0.1 + IF(BK6-Uzman_D!$I$15<0, -(BK6-Uzman_D!$I$15), BK6-Uzman_D!$I$15)*0.1 + IF(BL6-Uzman_D!$J$15<0, -(BL6-Uzman_D!$J$15), BL6-Uzman_D!$J$15)*0.1 ) + IF(ROUND((IF(BN6-Uzman_D!$L$15<0, -(BN6-Uzman_D!$L$15), BN6-Uzman_D!$L$15)*2),0)/2 = IF(BN6-Uzman_D!$L$15<0, -(BN6-Uzman_D!$L$15), BN6-Uzman_D!$L$15), (ROUND((IF(BN6-Uzman_D!$L$15<0, -(BN6-Uzman_D!$L$15), BN6-Uzman_D!$L$15)*2),0)/1 * 0.1), 0) + IF(BO6-Uzman_D!$M$15<0, -(BO6-Uzman_D!$M$15), BO6-Uzman_D!$M$15)*1 ) -> -0.6 | BQ6: =(P6+AC6+AP6+BC6+BP6)/5 -> -0.32
A7: 4 | B7: =Hakemler!B7 -> 0 | C7: =Hakemler!C7 -> 0 | P7: =1 - ( SUM( IF(D7-Uzman_D!$B$11<0, -(D7-Uzman_D!$B$11), D7-Uzman_D!$B$11)*0.1 + IF(E7-Uzman_D!$C$11<0, -(E7-Uzman_D!$C$11), E7-Uzman_D!$C$11)*0.1 + IF(F7-Uzman_D!$D$11<0, -(F7-Uzman_D!$D$11), F7-Uzman_D!$D$11)*0.1 + IF(G7-Uzman_D!$E$11<0, -(G7-Uzman_D!$E$11), G7-Uzman_D!$E$11)*0.1 + IF(H7-Uzman_D!$F$11<0, -(H7-Uzman_D!$F$11), H7-Uzman_D!$F$11)*0.1 + IF(I7-Uzman_D!$G$11<0, -(I7-Uzman_D!$G$11), I7-Uzman_D!$G$11)*0.1 + IF(J7-Uzman_D!$H$11<0, -(J7-Uzman_D!$H$11), J7-Uzman_D!$H$11)*0.1 + IF(K7-Uzman_D!$I$11<0, -(K7-Uzman_D!$I$11), K7-Uzman_D!$I$11)*0.1 + IF(L7-Uzman_D!$J$11<0, -(L7-Uzman_D!$J$11), L7-Uzman_D!$J$11)*0.1 ) + IF(ROUND((IF(N7-Uzman_D!$L$11<0, -(N7-Uzman_D!$L$11), N7-Uzman_D!$L$11)*2),0)/2 = IF(N7-Uzman_D!$L$11<0, -(N7-Uzman_D!$L$11), N7-Uzman_D!$L$11), (ROUND((IF(N7-Uzman_D!$L$11<0, -(N7-Uzman_D!$L$11), N7-Uzman_D!$L$11)*2),0)/1 * 0.1), 0) + IF(O7-Uzman_D!$M$11<0, -(O7-Uzman_D!$M$11), O7-Uzman_D!$M$11)*1 ) -> -0.3 | AC7: =1 - ( SUM( IF(Q7-Uzman_D!$B$12<0, -(Q7-Uzman_D!$B$12), Q7-Uzman_D!$B$12)*0.1 + IF(R7-Uzman_D!$C$12<0, -(R7-Uzman_D!$C$12), R7-Uzman_D!$C$12)*0.1 + IF(S7-Uzman_D!$D$12<0, -(S7-Uzman_D!$D$12), S7-Uzman_D!$D$12)*0.1 + IF(T7-Uzman_D!$E$12<0, -(T7-Uzman_D!$E$12), T7-Uzman_D!$E$12)*0.1 + IF(U7-Uzman_D!$F$12<0, -(U7-Uzman_D!$F$12), U7-Uzman_D!$F$12)*0.1 + IF(V7-Uzman_D!$G$12<0, -(V7-Uzman_D!$G$12), V7-Uzman_D!$G$12)*0.1 + IF(W7-Uzman_D!$H$12<0, -(W7-Uzman_D!$H$12), W7-Uzman_D!$H$12)*0.1 + IF(X7-Uzman_D!$I$12<0, -(X7-Uzman_D!$I$12), X7-Uzman_D!$I$12)*0.1 + IF(Y7-Uzman_D!$J$12<0, -(Y7-Uzman_D!$J$12), Y7-Uzman_D!$J$12)*0.1 ) + IF(ROUND((IF(AA7-Uzman_D!$L$12<0, -(AA7-Uzman_D!$L$12), AA7-Uzman_D!$L$12)*2),0)/2 = IF(AA7-Uzman_D!$L$12<0, -(AA7-Uzman_D!$L$12), AA7-Uzman_D!$L$12), (ROUND((IF(AA7-Uzman_D!$L$12<0, -(AA7-Uzman_D!$L$12), AA7-Uzman_D!$L$12)*2),0)/1 * 0.1), 0) + IF(AB7-Uzman_D!$M$12<0, -(AB7-Uzman_D!$M$12), AB7-Uzman_D!$M$12)*1 ) -> -0.2 | AP7: =1 - ( SUM( IF(AD7-Uzman_D!$B$13<0, -(AD7-Uzman_D!$B$13), AD7-Uzman_D!$B$13)*0.1 + IF(AE7-Uzman_D!$C$13<0, -(AE7-Uzman_D!$C$13), AE7-Uzman_D!$C$13)*0.1 + IF(AF7-Uzman_D!$D$13<0, -(AF7-Uzman_D!$D$13), AF7-Uzman_D!$D$13)*0.1 + IF(AG7-Uzman_D!$E$13<0, -(AG7-Uzman_D!$E$13), AG7-Uzman_D!$E$13)*0.1 + IF(AH7-Uzman_D!$F$13<0, -(AH7-Uzman_D!$F$13), AH7-Uzman_D!$F$13)*0.1 + IF(AI7-Uzman_D!$G$13<0, -(AI7-Uzman_D!$G$13), AI7-Uzman_D!$G$13)*0.1 + IF(AJ7-Uzman_D!$H$13<0, -(AJ7-Uzman_D!$H$13), AJ7-Uzman_D!$H$13)*0.1 + IF(AK7-Uzman_D!$I$13<0, -(AK7-Uzman_D!$I$13), AK7-Uzman_D!$I$13)*0.1 + IF(AL7-Uzman_D!$J$13<0, -(AL7-Uzman_D!$J$13), AL7-Uzman_D!$J$13)*0.1 ) + IF(ROUND((IF(AN7-Uzman_D!$L$13<0, -(AN7-Uzman_D!$L$13), AN7-Uzman_D!$L$13)*2),0)/2 = IF(AN7-Uzman_D!$L$13<0, -(AN7-Uzman_D!$L$13), AN7-Uzman_D!$L$13), (ROUND((IF(AN7-Uzman_D!$L$13<0, -(AN7-Uzman_D!$L$13), AN7-Uzman_D!$L$13)*2),0)/1 * 0.1), 0) + IF(AO7-Uzman_D!$M$13<0, -(AO7-Uzman_D!$M$13), AO7-Uzman_D!$M$13)*1 ) -> -0.3 | BC7: =1 - ( SUM( IF(AQ7-Uzman_D!$B$14<0, -(AQ7-Uzman_D!$B$14), AQ7-Uzman_D!$B$14)*0.1 + IF(AR7-Uzman_D!$C$14<0, -(AR7-Uzman_D!$C$14), AR7-Uzman_D!$C$14)*0.1 + IF(AS7-Uzman_D!$D$14<0, -(AS7-Uzman_D!$D$14), AS7-Uzman_D!$D$14)*0.1 + IF(AT7-Uzman_D!$E$14<0, -(AT7-Uzman_D!$E$14), AT7-Uzman_D!$E$14)*0.1 + IF(AU7-Uzman_D!$F$14<0, -(AU7-Uzman_D!$F$14), AU7-Uzman_D!$F$14)*0.1 + IF(AV7-Uzman_D!$G$14<0, -(AV7-Uzman_D!$G$14), AV7-Uzman_D!$G$14)*0.1 + IF(AW7-Uzman_D!$H$14<0, -(AW7-Uzman_D!$H$14), AW7-Uzman_D!$H$14)*0.1 + IF(AX7-Uzman_D!$I$14<0, -(AX7-Uzman_D!$I$14), AX7-Uzman_D!$I$14)*0.1 + IF(AY7-Uzman_D!$J$14<0, -(AY7-Uzman_D!$J$14), AY7-Uzman_D!$J$14)*0.1 ) + IF(ROUND((IF(BA7-Uzman_D!$L$14<0, -(BA7-Uzman_D!$L$14), BA7-Uzman_D!$L$14)*2),0)/2 = IF(BA7-Uzman_D!$L$14<0, -(BA7-Uzman_D!$L$14), BA7-Uzman_D!$L$14), (ROUND((IF(BA7-Uzman_D!$L$14<0, -(BA7-Uzman_D!$L$14), BA7-Uzman_D!$L$14)*2),0)/1 * 0.1), 0) + IF(BB7-Uzman_D!$M$14<0, -(BB7-Uzman_D!$M$14), BB7-Uzman_D!$M$14)*1 ) -> -0.2 | BP7: =1 - ( SUM( IF(BD7-Uzman_D!$B$15<0, -(BD7-Uzman_D!$B$15), BD7-Uzman_D!$B$15)*0.1 + IF(BE7-Uzman_D!$C$15<0, -(BE7-Uzman_D!$C$15), BE7-Uzman_D!$C$15)*0.1 + IF(BF7-Uzman_D!$D$15<0, -(BF7-Uzman_D!$D$15), BF7-Uzman_D!$D$15)*0.1 + IF(BG7-Uzman_D!$E$15<0, -(BG7-Uzman_D!$E$15), BG7-Uzman_D!$E$15)*0.1 + IF(BH7-Uzman_D!$F$15<0, -(BH7-Uzman_D!$F$15), BH7-Uzman_D!$F$15)*0.1 + IF(BI7-Uzman_D!$G$15<0, -(BI7-Uzman_D!$G$15), BI7-Uzman_D!$G$15)*0.1 + IF(BJ7-Uzman_D!$H$15<0, -(BJ7-Uzman_D!$H$15), BJ7-Uzman_D!$H$15)*0.1 + IF(BK7-Uzman_D!$I$15<0, -(BK7-Uzman_D!$I$15), BK7-Uzman_D!$I$15)*0.1 + IF(BL7-Uzman_D!$J$15<0, -(BL7-Uzman_D!$J$15), BL7-Uzman_D!$J$15)*0.1 ) + IF(ROUND((IF(BN7-Uzman_D!$L$15<0, -(BN7-Uzman_D!$L$15), BN7-Uzman_D!$L$15)*2),0)/2 = IF(BN7-Uzman_D!$L$15<0, -(BN7-Uzman_D!$L$15), BN7-Uzman_D!$L$15), (ROUND((IF(BN7-Uzman_D!$L$15<0, -(BN7-Uzman_D!$L$15), BN7-Uzman_D!$L$15)*2),0)/1 * 0.1), 0) + IF(BO7-Uzman_D!$M$15<0, -(BO7-Uzman_D!$M$15), BO7-Uzman_D!$M$15)*1 ) -> -0.6 | BQ7: =(P7+AC7+AP7+BC7+BP7)/5 -> -0.32
A8: 5 | B8: =Hakemler!B8 -> 0 | C8: =Hakemler!C8 -> 0 | P8: =1 - ( SUM( IF(D8-Uzman_D!$B$11<0, -(D8-Uzman_D!$B$11), D8-Uzman_D!$B$11)*0.1 + IF(E8-Uzman_D!$C$11<0, -(E8-Uzman_D!$C$11), E8-Uzman_D!$C$11)*0.1 + IF(F8-Uzman_D!$D$11<0, -(F8-Uzman_D!$D$11), F8-Uzman_D!$D$11)*0.1 + IF(G8-Uzman_D!$E$11<0, -(G8-Uzman_D!$E$11), G8-Uzman_D!$E$11)*0.1 + IF(H8-Uzman_D!$F$11<0, -(H8-Uzman_D!$F$11), H8-Uzman_D!$F$11)*0.1 + IF(I8-Uzman_D!$G$11<0, -(I8-Uzman_D!$G$11), I8-Uzman_D!$G$11)*0.1 + IF(J8-Uzman_D!$H$11<0, -(J8-Uzman_D!$H$11), J8-Uzman_D!$H$11)*0.1 + IF(K8-Uzman_D!$I$11<0, -(K8-Uzman_D!$I$11), K8-Uzman_D!$I$11)*0.1 + IF(L8-Uzman_D!$J$11<0, -(L8-Uzman_D!$J$11), L8-Uzman_D!$J$11)*0.1 ) + IF(ROUND((IF(N8-Uzman_D!$L$11<0, -(N8-Uzman_D!$L$11), N8-Uzman_D!$L$11)*2),0)/2 = IF(N8-Uzman_D!$L$11<0, -(N8-Uzman_D!$L$11), N8-Uzman_D!$L$11), (ROUND((IF(N8-Uzman_D!$L$11<0, -(N8-Uzman_D!$L$11), N8-Uzman_D!$L$11)*2),0)/1 * 0.1), 0) + IF(O8-Uzman_D!$M$11<0, -(O8-Uzman_D!$M$11), O8-Uzman_D!$M$11)*1 ) -> -0.3 | AC8: =1 - ( SUM( IF(Q8-Uzman_D!$B$12<0, -(Q8-Uzman_D!$B$12), Q8-Uzman_D!$B$12)*0.1 + IF(R8-Uzman_D!$C$12<0, -(R8-Uzman_D!$C$12), R8-Uzman_D!$C$12)*0.1 + IF(S8-Uzman_D!$D$12<0, -(S8-Uzman_D!$D$12), S8-Uzman_D!$D$12)*0.1 + IF(T8-Uzman_D!$E$12<0, -(T8-Uzman_D!$E$12), T8-Uzman_D!$E$12)*0.1 + IF(U8-Uzman_D!$F$12<0, -(U8-Uzman_D!$F$12), U8-Uzman_D!$F$12)*0.1 + IF(V8-Uzman_D!$G$12<0, -(V8-Uzman_D!$G$12), V8-Uzman_D!$G$12)*0.1 + IF(W8-Uzman_D!$H$12<0, -(W8-Uzman_D!$H$12), W8-Uzman_D!$H$12)*0.1 + IF(X8-Uzman_D!$I$12<0, -(X8-Uzman_D!$I$12), X8-Uzman_D!$I$12)*0.1 + IF(Y8-Uzman_D!$J$12<0, -(Y8-Uzman_D!$J$12), Y8-Uzman_D!$J$12)*0.1 ) + IF(ROUND((IF(AA8-Uzman_D!$L$12<0, -(AA8-Uzman_D!$L$12), AA8-Uzman_D!$L$12)*2),0)/2 = IF(AA8-Uzman_D!$L$12<0, -(AA8-Uzman_D!$L$12), AA8-Uzman_D!$L$12), (ROUND((IF(AA8-Uzman_D!$L$12<0, -(AA8-Uzman_D!$L$12), AA8-Uzman_D!$L$12)*2),0)/1 * 0.1), 0) + IF(AB8-Uzman_D!$M$12<0, -(AB8-Uzman_D!$M$12), AB8-Uzman_D!$M$12)*1 ) -> -0.2 | AP8: =1 - ( SUM( IF(AD8-Uzman_D!$B$13<0, -(AD8-Uzman_D!$B$13), AD8-Uzman_D!$B$13)*0.1 + IF(AE8-Uzman_D!$C$13<0, -(AE8-Uzman_D!$C$13), AE8-Uzman_D!$C$13)*0.1 + IF(AF8-Uzman_D!$D$13<0, -(AF8-Uzman_D!$D$13), AF8-Uzman_D!$D$13)*0.1 + IF(AG8-Uzman_D!$E$13<0, -(AG8-Uzman_D!$E$13), AG8-Uzman_D!$E$13)*0.1 + IF(AH8-Uzman_D!$F$13<0, -(AH8-Uzman_D!$F$13), AH8-Uzman_D!$F$13)*0.1 + IF(AI8-Uzman_D!$G$13<0, -(AI8-Uzman_D!$G$13), AI8-Uzman_D!$G$13)*0.1 + IF(AJ8-Uzman_D!$H$13<0, -(AJ8-Uzman_D!$H$13), AJ8-Uzman_D!$H$13)*0.1 + IF(AK8-Uzman_D!$I$13<0, -(AK8-Uzman_D!$I$13), AK8-Uzman_D!$I$13)*0.1 + IF(AL8-Uzman_D!$J$13<0, -(AL8-Uzman_D!$J$13), AL8-Uzman_D!$J$13)*0.1 ) + IF(ROUND((IF(AN8-Uzman_D!$L$13<0, -(AN8-Uzman_D!$L$13), AN8-Uzman_D!$L$13)*2),0)/2 = IF(AN8-Uzman_D!$L$13<0, -(AN8-Uzman_D!$L$13), AN8-Uzman_D!$L$13), (ROUND((IF(AN8-Uzman_D!$L$13<0, -(AN8-Uzman_D!$L$13), AN8-Uzman_D!$L$13)*2),0)/1 * 0.1), 0) + IF(AO8-Uzman_D!$M$13<0, -(AO8-Uzman_D!$M$13), AO8-Uzman_D!$M$13)*1 ) -> -0.3 | BC8: =1 - ( SUM( IF(AQ8-Uzman_D!$B$14<0, -(AQ8-Uzman_D!$B$14), AQ8-Uzman_D!$B$14)*0.1 + IF(AR8-Uzman_D!$C$14<0, -(AR8-Uzman_D!$C$14), AR8-Uzman_D!$C$14)*0.1 + IF(AS8-Uzman_D!$D$14<0, -(AS8-Uzman_D!$D$14), AS8-Uzman_D!$D$14)*0.1 + IF(AT8-Uzman_D!$E$14<0, -(AT8-Uzman_D!$E$14), AT8-Uzman_D!$E$14)*0.1 + IF(AU8-Uzman_D!$F$14<0, -(AU8-Uzman_D!$F$14), AU8-Uzman_D!$F$14)*0.1 + IF(AV8-Uzman_D!$G$14<0, -(AV8-Uzman_D!$G$14), AV8-Uzman_D!$G$14)*0.1 + IF(AW8-Uzman_D!$H$14<0, -(AW8-Uzman_D!$H$14), AW8-Uzman_D!$H$14)*0.1 + IF(AX8-Uzman_D!$I$14<0, -(AX8-Uzman_D!$I$14), AX8-Uzman_D!$I$14)*0.1 + IF(AY8-Uzman_D!$J$14<0, -(AY8-Uzman_D!$J$14), AY8-Uzman_D!$J$14)*0.1 ) + IF(ROUND((IF(BA8-Uzman_D!$L$14<0, -(BA8-Uzman_D!$L$14), BA8-Uzman_D!$L$14)*2),0)/2 = IF(BA8-Uzman_D!$L$14<0, -(BA8-Uzman_D!$L$14), BA8-Uzman_D!$L$14), (ROUND((IF(BA8-Uzman_D!$L$14<0, -(BA8-Uzman_D!$L$14), BA8-Uzman_D!$L$14)*2),0)/1 * 0.1), 0) + IF(BB8-Uzman_D!$M$14<0, -(BB8-Uzman_D!$M$14), BB8-Uzman_D!$M$14)*1 ) -> -0.2 | BP8: =1 - ( SUM( IF(BD8-Uzman_D!$B$15<0, -(BD8-Uzman_D!$B$15), BD8-Uzman_D!$B$15)*0.1 + IF(BE8-Uzman_D!$C$15<0, -(BE8-Uzman_D!$C$15), BE8-Uzman_D!$C$15)*0.1 + IF(BF8-Uzman_D!$D$15<0, -(BF8-Uzman_D!$D$15), BF8-Uzman_D!$D$15)*0.1 + IF(BG8-Uzman_D!$E$15<0, -(BG8-Uzman_D!$E$15), BG8-Uzman_D!$E$15)*0.1 + IF(BH8-Uzman_D!$F$15<0, -(BH8-Uzman_D!$F$15), BH8-Uzman_D!$F$15)*0.1 + IF(BI8-Uzman_D!$G$15<0, -(BI8-Uzman_D!$G$15), BI8-Uzman_D!$G$15)*0.1 + IF(BJ8-Uzman_D!$H$15<0, -(BJ8-Uzman_D!$H$15), BJ8-Uzman_D!$H$15)*0.1 + IF(BK8-Uzman_D!$I$15<0, -(BK8-Uzman_D!$I$15), BK8-Uzman_D!$I$15)*0.1 + IF(BL8-Uzman_D!$J$15<0, -(BL8-Uzman_D!$J$15), BL8-Uzman_D!$J$15)*0.1 ) + IF(ROUND((IF(BN8-Uzman_D!$L$15<0, -(BN8-Uzman_D!$L$15), BN8-Uzman_D!$L$15)*2),0)/2 = IF(BN8-Uzman_D!$L$15<0, -(BN8-Uzman_D!$L$15), BN8-Uzman_D!$L$15), (ROUND((IF(BN8-Uzman_D!$L$15<0, -(BN8-Uzman_D!$L$15), BN8-Uzman_D!$L$15)*2),0)/1 * 0.1), 0) + IF(BO8-Uzman_D!$M$15<0, -(BO8-Uzman_D!$M$15), BO8-Uzman_D!$M$15)*1 ) -> -0.6 | BQ8: =(P8+AC8+AP8+BC8+BP8)/5 -> -0.32
A9: 6 | B9: =Hakemler!B9 -> 0 | C9: =Hakemler!C9 -> 0 | P9: =1 - ( SUM( IF(D9-Uzman_D!$B$11<0, -(D9-Uzman_D!$B$11), D9-Uzman_D!$B$11)*0.1 + IF(E9-Uzman_D!$C$11<0, -(E9-Uzman_D!$C$11), E9-Uzman_D!$C$11)*0.1 + IF(F9-Uzman_D!$D$11<0, -(F9-Uzman_D!$D$11), F9-Uzman_D!$D$11)*0.1 + IF(G9-Uzman_D!$E$11<0, -(G9-Uzman_D!$E$11), G9-Uzman_D!$E$11)*0.1 + IF(H9-Uzman_D!$F$11<0, -(H9-Uzman_D!$F$11), H9-Uzman_D!$F$11)*0.1 + IF(I9-Uzman_D!$G$11<0, -(I9-Uzman_D!$G$11), I9-Uzman_D!$G$11)*0.1 + IF(J9-Uzman_D!$H$11<0, -(J9-Uzman_D!$H$11), J9-Uzman_D!$H$11)*0.1 + IF(K9-Uzman_D!$I$11<0, -(K9-Uzman_D!$I$11), K9-Uzman_D!$I$11)*0.1 + IF(L9-Uzman_D!$J$11<0, -(L9-Uzman_D!$J$11), L9-Uzman_D!$J$11)*0.1 ) + IF(ROUND((IF(N9-Uzman_D!$L$11<0, -(N9-Uzman_D!$L$11), N9-Uzman_D!$L$11)*2),0)/2 = IF(N9-Uzman_D!$L$11<0, -(N9-Uzman_D!$L$11), N9-Uzman_D!$L$11), (ROUND((IF(N9-Uzman_D!$L$11<0, -(N9-Uzman_D!$L$11), N9-Uzman_D!$L$11)*2),0)/1 * 0.1), 0) + IF(O9-Uzman_D!$M$11<0, -(O9-Uzman_D!$M$11), O9-Uzman_D!$M$11)*1 ) -> -0.3 | AC9: =1 - ( SUM( IF(Q9-Uzman_D!$B$12<0, -(Q9-Uzman_D!$B$12), Q9-Uzman_D!$B$12)*0.1 + IF(R9-Uzman_D!$C$12<0, -(R9-Uzman_D!$C$12), R9-Uzman_D!$C$12)*0.1 + IF(S9-Uzman_D!$D$12<0, -(S9-Uzman_D!$D$12), S9-Uzman_D!$D$12)*0.1 + IF(T9-Uzman_D!$E$12<0, -(T9-Uzman_D!$E$12), T9-Uzman_D!$E$12)*0.1 + IF(U9-Uzman_D!$F$12<0, -(U9-Uzman_D!$F$12), U9-Uzman_D!$F$12)*0.1 + IF(V9-Uzman_D!$G$12<0, -(V9-Uzman_D!$G$12), V9-Uzman_D!$G$12)*0.1 + IF(W9-Uzman_D!$H$12<0, -(W9-Uzman_D!$H$12), W9-Uzman_D!$H$12)*0.1 + IF(X9-Uzman_D!$I$12<0, -(X9-Uzman_D!$I$12), X9-Uzman_D!$I$12)*0.1 + IF(Y9-Uzman_D!$J$12<0, -(Y9-Uzman_D!$J$12), Y9-Uzman_D!$J$12)*0.1 ) + IF(ROUND((IF(AA9-Uzman_D!$L$12<0, -(AA9-Uzman_D!$L$12), AA9-Uzman_D!$L$12)*2),0)/2 = IF(AA9-Uzman_D!$L$12<0, -(AA9-Uzman_D!$L$12), AA9-Uzman_D!$L$12), (ROUND((IF(AA9-Uzman_D!$L$12<0, -(AA9-Uzman_D!$L$12), AA9-Uzman_D!$L$12)*2),0)/1 * 0.1), 0) + IF(AB9-Uzman_D!$M$12<0, -(AB9-Uzman_D!$M$12), AB9-Uzman_D!$M$12)*1 ) -> -0.2 | AP9: =1 - ( SUM( IF(AD9-Uzman_D!$B$13<0, -(AD9-Uzman_D!$B$13), AD9-Uzman_D!$B$13)*0.1 + IF(AE9-Uzman_D!$C$13<0, -(AE9-Uzman_D!$C$13), AE9-Uzman_D!$C$13)*0.1 + IF(AF9-Uzman_D!$D$13<0, -(AF9-Uzman_D!$D$13), AF9-Uzman_D!$D$13)*0.1 + IF(AG9-Uzman_D!$E$13<0, -(AG9-Uzman_D!$E$13), AG9-Uzman_D!$E$13)*0.1 + IF(AH9-Uzman_D!$F$13<0, -(AH9-Uzman_D!$F$13), AH9-Uzman_D!$F$13)*0.1 + IF(AI9-Uzman_D!$G$13<0, -(AI9-Uzman_D!$G$13), AI9-Uzman_D!$G$13)*0.1 + IF(AJ9-Uzman_D!$H$13<0, -(AJ9-Uzman_D!$H$13), AJ9-Uzman_D!$H$13)*0.1 + IF(AK9-Uzman_D!$I$13<0, -(AK9-Uzman_D!$I$13), AK9-Uzman_D!$I$13)*0.1 + IF(AL9-Uzman_D!$J$13<0, -(AL9-Uzman_D!$J$13), AL9-Uzman_D!$J$13)*0.1 ) + IF(ROUND((IF(AN9-Uzman_D!$L$13<0, -(AN9-Uzman_D!$L$13), AN9-Uzman_D!$L$13)*2),0)/2 = IF(AN9-Uzman_D!$L$13<0, -(AN9-Uzman_D!$L$13), AN9-Uzman_D!$L$13), (ROUND((IF(AN9-Uzman_D!$L$13<0, -(AN9-Uzman_D!$L$13), AN9-Uzman_D!$L$13)*2),0)/1 * 0.1), 0) + IF(AO9-Uzman_D!$M$13<0, -(AO9-Uzman_D!$M$13), AO9-Uzman_D!$M$13)*1 ) -> -0.3 | BC9: =1 - ( SUM( IF(AQ9-Uzman_D!$B$14<0, -(AQ9-Uzman_D!$B$14), AQ9-Uzman_D!$B$14)*0.1 + IF(AR9-Uzman_D!$C$14<0, -(AR9-Uzman_D!$C$14), AR9-Uzman_D!$C$14)*0.1 + IF(AS9-Uzman_D!$D$14<0, -(AS9-Uzman_D!$D$14), AS9-Uzman_D!$D$14)*0.1 + IF(AT9-Uzman_D!$E$14<0, -(AT9-Uzman_D!$E$14), AT9-Uzman_D!$E$14)*0.1 + IF(AU9-Uzman_D!$F$14<0, -(AU9-Uzman_D!$F$14), AU9-Uzman_D!$F$14)*0.1 + IF(AV9-Uzman_D!$G$14<0, -(AV9-Uzman_D!$G$14), AV9-Uzman_D!$G$14)*0.1 + IF(AW9-Uzman_D!$H$14<0, -(AW9-Uzman_D!$H$14), AW9-Uzman_D!$H$14)*0.1 + IF(AX9-Uzman_D!$I$14<0, -(AX9-Uzman_D!$I$14), AX9-Uzman_D!$I$14)*0.1 + IF(AY9-Uzman_D!$J$14<0, -(AY9-Uzman_D!$J$14), AY9-Uzman_D!$J$14)*0.1 ) + IF(ROUND((IF(BA9-Uzman_D!$L$14<0, -(BA9-Uzman_D!$L$14), BA9-Uzman_D!$L$14)*2),0)/2 = IF(BA9-Uzman_D!$L$14<0, -(BA9-Uzman_D!$L$14), BA9-Uzman_D!$L$14), (ROUND((IF(BA9-Uzman_D!$L$14<0, -(BA9-Uzman_D!$L$14), BA9-Uzman_D!$L$14)*2),0)/1 * 0.1), 0) + IF(BB9-Uzman_D!$M$14<0, -(BB9-Uzman_D!$M$14), BB9-Uzman_D!$M$14)*1 ) -> -0.2 | BP9: =1 - ( SUM( IF(BD9-Uzman_D!$B$15<0, -(BD9-Uzman_D!$B$15), BD9-Uzman_D!$B$15)*0.1 + IF(BE9-Uzman_D!$C$15<0, -(BE9-Uzman_D!$C$15), BE9-Uzman_D!$C$15)*0.1 + IF(BF9-Uzman_D!$D$15<0, -(BF9-Uzman_D!$D$15), BF9-Uzman_D!$D$15)*0.1 + IF(BG9-Uzman_D!$E$15<0, -(BG9-Uzman_D!$E$15), BG9-Uzman_D!$E$15)*0.1 + IF(BH9-Uzman_D!$F$15<0, -(BH9-Uzman_D!$F$15), BH9-Uzman_D!$F$15)*0.1 + IF(BI9-Uzman_D!$G$15<0, -(BI9-Uzman_D!$G$15), BI9-Uzman_D!$G$15)*0.1 + IF(BJ9-Uzman_D!$H$15<0, -(BJ9-Uzman_D!$H$15), BJ9-Uzman_D!$H$15)*0.1 + IF(BK9-Uzman_D!$I$15<0, -(BK9-Uzman_D!$I$15), BK9-Uzman_D!$I$15)*0.1 + IF(BL9-Uzman_D!$J$15<0, -(BL9-Uzman_D!$J$15), BL9-Uzman_D!$J$15)*0.1 ) + IF(ROUND((IF(BN9-Uzman_D!$L$15<0, -(BN9-Uzman_D!$L$15), BN9-Uzman_D!$L$15)*2),0)/2 = IF(BN9-Uzman_D!$L$15<0, -(BN9-Uzman_D!$L$15), BN9-Uzman_D!$L$15), (ROUND((IF(BN9-Uzman_D!$L$15<0, -(BN9-Uzman_D!$L$15), BN9-Uzman_D!$L$15)*2),0)/1 * 0.1), 0) + IF(BO9-Uzman_D!$M$15<0, -(BO9-Uzman_D!$M$15), BO9-Uzman_D!$M$15)*1 ) -> -0.6 | BQ9: =(P9+AC9+AP9+BC9+BP9)/5 -> -0.32
A10: 7 | B10: =Hakemler!B10 -> 0 | C10: =Hakemler!C10 -> 0 | P10: =1 - ( SUM( IF(D10-Uzman_D!$B$11<0, -(D10-Uzman_D!$B$11), D10-Uzman_D!$B$11)*0.1 + IF(E10-Uzman_D!$C$11<0, -(E10-Uzman_D!$C$11), E10-Uzman_D!$C$11)*0.1 + IF(F10-Uzman_D!$D$11<0, -(F10-Uzman_D!$D$11), F10-Uzman_D!$D$11)*0.1 + IF(G10-Uzman_D!$E$11<0, -(G10-Uzman_D!$E$11), G10-Uzman_D!$E$11)*0.1 + IF(H10-Uzman_D!$F$11<0, -(H10-Uzman_D!$F$11), H10-Uzman_D!$F$11)*0.1 + IF(I10-Uzman_D!$G$11<0, -(I10-Uzman_D!$G$11), I10-Uzman_D!$G$11)*0.1 + IF(J10-Uzman_D!$H$11<0, -(J10-Uzman_D!$H$11), J10-Uzman_D!$H$11)*0.1 + IF(K10-Uzman_D!$I$11<0, -(K10-Uzman_D!$I$11), K10-Uzman_D!$I$11)*0.1 + IF(L10-Uzman_D!$J$11<0, -(L10-Uzman_D!$J$11), L10-Uzman_D!$J$11)*0.1 ) + IF(ROUND((IF(N10-Uzman_D!$L$11<0, -(N10-Uzman_D!$L$11), N10-Uzman_D!$L$11)*2),0)/2 = IF(N10-Uzman_D!$L$11<0, -(N10-Uzman_D!$L$11), N10-Uzman_D!$L$11), (ROUND((IF(N10-Uzman_D!$L$11<0, -(N10-Uzman_D!$L$11), N10-Uzman_D!$L$11)*2),0)/1 * 0.1), 0) + IF(O10-Uzman_D!$M$11<0, -(O10-Uzman_D!$M$11), O10-Uzman_D!$M$11)*1 ) -> -0.3 | AC10: =1 - ( SUM( IF(Q10-Uzman_D!$B$12<0, -(Q10-Uzman_D!$B$12), Q10-Uzman_D!$B$12)*0.1 + IF(R10-Uzman_D!$C$12<0, -(R10-Uzman_D!$C$12), R10-Uzman_D!$C$12)*0.1 + IF(S10-Uzman_D!$D$12<0, -(S10-Uzman_D!$D$12), S10-Uzman_D!$D$12)*0.1 + IF(T10-Uzman_D!$E$12<0, -(T10-Uzman_D!$E$12), T10-Uzman_D!$E$12)*0.1 + IF(U10-Uzman_D!$F$12<0, -(U10-Uzman_D!$F$12), U10-Uzman_D!$F$12)*0.1 + IF(V10-Uzman_D!$G$12<0, -(V10-Uzman_D!$G$12), V10-Uzman_D!$G$12)*0.1 + IF(W10-Uzman_D!$H$12<0, -(W10-Uzman_D!$H$12), W10-Uzman_D!$H$12)*0.1 + IF(X10-Uzman_D!$I$12<0, -(X10-Uzman_D!$I$12), X10-Uzman_D!$I$12)*0.1 + IF(Y10-Uzman_D!$J$12<0, -(Y10-Uzman_D!$J$12), Y10-Uzman_D!$J$12)*0.1 ) + IF(ROUND((IF(AA10-Uzman_D!$L$12<0, -(AA10-Uzman_D!$L$12), AA10-Uzman_D!$L$12)*2),0)/2 = IF(AA10-Uzman_D!$L$12<0, -(AA10-Uzman_D!$L$12), AA10-Uzman_D!$L$12), (ROUND((IF(AA10-Uzman_D!$L$12<0, -(AA10-Uzman_D!$L$12), AA10-Uzman_D!$L$12)*2),0)/1 * 0.1), 0) + IF(AB10-Uzman_D!$M$12<0, -(AB10-Uzman_D!$M$12), AB10-Uzman_D!$M$12)*1 ) -> -0.2 | AP10: =1 - ( SUM( IF(AD10-Uzman_D!$B$13<0, -(AD10-Uzman_D!$B$13), AD10-Uzman_D!$B$13)*0.1 + IF(AE10-Uzman_D!$C$13<0, -(AE10-Uzman_D!$C$13), AE10-Uzman_D!$C$13)*0.1 + IF(AF10-Uzman_D!$D$13<0, -(AF10-Uzman_D!$D$13), AF10-Uzman_D!$D$13)*0.1 + IF(AG10-Uzman_D!$E$13<0, -(AG10-Uzman_D!$E$13), AG10-Uzman_D!$E$13)*0.1 + IF(AH10-Uzman_D!$F$13<0, -(AH10-Uzman_D!$F$13), AH10-Uzman_D!$F$13)*0.1 + IF(AI10-Uzman_D!$G$13<0, -(AI10-Uzman_D!$G$13), AI10-Uzman_D!$G$13)*0.1 + IF(AJ10-Uzman_D!$H$13<0, -(AJ10-Uzman_D!$H$13), AJ10-Uzman_D!$H$13)*0.1 + IF(AK10-Uzman_D!$I$13<0, -(AK10-Uzman_D!$I$13), AK10-Uzman_D!$I$13)*0.1 + IF(AL10-Uzman_D!$J$13<0, -(AL10-Uzman_D!$J$13), AL10-Uzman_D!$J$13)*0.1 ) + IF(ROUND((IF(AN10-Uzman_D!$L$13<0, -(AN10-Uzman_D!$L$13), AN10-Uzman_D!$L$13)*2),0)/2 = IF(AN10-Uzman_D!$L$13<0, -(AN10-Uzman_D!$L$13), AN10-Uzman_D!$L$13), (ROUND((IF(AN10-Uzman_D!$L$13<0, -(AN10-Uzman_D!$L$13), AN10-Uzman_D!$L$13)*2),0)/1 * 0.1), 0) + IF(AO10-Uzman_D!$M$13<0, -(AO10-Uzman_D!$M$13), AO10-Uzman_D!$M$13)*1 ) -> -0.3 | BC10: =1 - ( SUM( IF(AQ10-Uzman_D!$B$14<0, -(AQ10-Uzman_D!$B$14), AQ10-Uzman_D!$B$14)*0.1 + IF(AR10-Uzman_D!$C$14<0, -(AR10-Uzman_D!$C$14), AR10-Uzman_D!$C$14)*0.1 + IF(AS10-Uzman_D!$D$14<0, -(AS10-Uzman_D!$D$14), AS10-Uzman_D!$D$14)*0.1 + IF(AT10-Uzman_D!$E$14<0, -(AT10-Uzman_D!$E$14), AT10-Uzman_D!$E$14)*0.1 + IF(AU10-Uzman_D!$F$14<0, -(AU10-Uzman_D!$F$14), AU10-Uzman_D!$F$14)*0.1 + IF(AV10-Uzman_D!$G$14<0, -(AV10-Uzman_D!$G$14), AV10-Uzman_D!$G$14)*0.1 + IF(AW10-Uzman_D!$H$14<0, -(AW10-Uzman_D!$H$14), AW10-Uzman_D!$H$14)*0.1 + IF(AX10-Uzman_D!$I$14<0, -(AX10-Uzman_D!$I$14), AX10-Uzman_D!$I$14)*0.1 + IF(AY10-Uzman_D!$J$14<0, -(AY10-Uzman_D!$J$14), AY10-Uzman_D!$J$14)*0.1 ) + IF(ROUND((IF(BA10-Uzman_D!$L$14<0, -(BA10-Uzman_D!$L$14), BA10-Uzman_D!$L$14)*2),0)/2 = IF(BA10-Uzman_D!$L$14<0, -(BA10-Uzman_D!$L$14), BA10-Uzman_D!$L$14), (ROUND((IF(BA10-Uzman_D!$L$14<0, -(BA10-Uzman_D!$L$14), BA10-Uzman_D!$L$14)*2),0)/1 * 0.1), 0) + IF(BB10-Uzman_D!$M$14<0, -(BB10-Uzman_D!$M$14), BB10-Uzman_D!$M$14)*1 ) -> -0.2 | BP10: =1 - ( SUM( IF(BD10-Uzman_D!$B$15<0, -(BD10-Uzman_D!$B$15), BD10-Uzman_D!$B$15)*0.1 + IF(BE10-Uzman_D!$C$15<0, -(BE10-Uzman_D!$C$15), BE10-Uzman_D!$C$15)*0.1 + IF(BF10-Uzman_D!$D$15<0, -(BF10-Uzman_D!$D$15), BF10-Uzman_D!$D$15)*0.1 + IF(BG10-Uzman_D!$E$15<0, -(BG10-Uzman_D!$E$15), BG10-Uzman_D!$E$15)*0.1 + IF(BH10-Uzman_D!$F$15<0, -(BH10-Uzman_D!$F$15), BH10-Uzman_D!$F$15)*0.1 + IF(BI10-Uzman_D!$G$15<0, -(BI10-Uzman_D!$G$15), BI10-Uzman_D!$G$15)*0.1 + IF(BJ10-Uzman_D!$H$15<0, -(BJ10-Uzman_D!$H$15), BJ10-Uzman_D!$H$15)*0.1 + IF(BK10-Uzman_D!$I$15<0, -(BK10-Uzman_D!$I$15), BK10-Uzman_D!$I$15)*0.1 + IF(BL10-Uzman_D!$J$15<0, -(BL10-Uzman_D!$J$15), BL10-Uzman_D!$J$15)*0.1 ) + IF(ROUND((IF(BN10-Uzman_D!$L$15<0, -(BN10-Uzman_D!$L$15), BN10-Uzman_D!$L$15)*2),0)/2 = IF(BN10-Uzman_D!$L$15<0, -(BN10-Uzman_D!$L$15), BN10-Uzman_D!$L$15), (ROUND((IF(BN10-Uzman_D!$L$15<0, -(BN10-Uzman_D!$L$15), BN10-Uzman_D!$L$15)*2),0)/1 * 0.1), 0) + IF(BO10-Uzman_D!$M$15<0, -(BO10-Uzman_D!$M$15), BO10-Uzman_D!$M$15)*1 ) -> -0.6 | BQ10: =(P10+AC10+AP10+BC10+BP10)/5 -> -0.32
A11: 8 | B11: =Hakemler!B11 -> 0 | C11: =Hakemler!C11 -> 0 | P11: =1 - ( SUM( IF(D11-Uzman_D!$B$11<0, -(D11-Uzman_D!$B$11), D11-Uzman_D!$B$11)*0.1 + IF(E11-Uzman_D!$C$11<0, -(E11-Uzman_D!$C$11), E11-Uzman_D!$C$11)*0.1 + IF(F11-Uzman_D!$D$11<0, -(F11-Uzman_D!$D$11), F11-Uzman_D!$D$11)*0.1 + IF(G11-Uzman_D!$E$11<0, -(G11-Uzman_D!$E$11), G11-Uzman_D!$E$11)*0.1 + IF(H11-Uzman_D!$F$11<0, -(H11-Uzman_D!$F$11), H11-Uzman_D!$F$11)*0.1 + IF(I11-Uzman_D!$G$11<0, -(I11-Uzman_D!$G$11), I11-Uzman_D!$G$11)*0.1 + IF(J11-Uzman_D!$H$11<0, -(J11-Uzman_D!$H$11), J11-Uzman_D!$H$11)*0.1 + IF(K11-Uzman_D!$I$11<0, -(K11-Uzman_D!$I$11), K11-Uzman_D!$I$11)*0.1 + IF(L11-Uzman_D!$J$11<0, -(L11-Uzman_D!$J$11), L11-Uzman_D!$J$11)*0.1 ) + IF(ROUND((IF(N11-Uzman_D!$L$11<0, -(N11-Uzman_D!$L$11), N11-Uzman_D!$L$11)*2),0)/2 = IF(N11-Uzman_D!$L$11<0, -(N11-Uzman_D!$L$11), N11-Uzman_D!$L$11), (ROUND((IF(N11-Uzman_D!$L$11<0, -(N11-Uzman_D!$L$11), N11-Uzman_D!$L$11)*2),0)/1 * 0.1), 0) + IF(O11-Uzman_D!$M$11<0, -(O11-Uzman_D!$M$11), O11-Uzman_D!$M$11)*1 ) -> -0.3 | AC11: =1 - ( SUM( IF(Q11-Uzman_D!$B$12<0, -(Q11-Uzman_D!$B$12), Q11-Uzman_D!$B$12)*0.1 + IF(R11-Uzman_D!$C$12<0, -(R11-Uzman_D!$C$12), R11-Uzman_D!$C$12)*0.1 + IF(S11-Uzman_D!$D$12<0, -(S11-Uzman_D!$D$12), S11-Uzman_D!$D$12)*0.1 + IF(T11-Uzman_D!$E$12<0, -(T11-Uzman_D!$E$12), T11-Uzman_D!$E$12)*0.1 + IF(U11-Uzman_D!$F$12<0, -(U11-Uzman_D!$F$12), U11-Uzman_D!$F$12)*0.1 + IF(V11-Uzman_D!$G$12<0, -(V11-Uzman_D!$G$12), V11-Uzman_D!$G$12)*0.1 + IF(W11-Uzman_D!$H$12<0, -(W11-Uzman_D!$H$12), W11-Uzman_D!$H$12)*0.1 + IF(X11-Uzman_D!$I$12<0, -(X11-Uzman_D!$I$12), X11-Uzman_D!$I$12)*0.1 + IF(Y11-Uzman_D!$J$12<0, -(Y11-Uzman_D!$J$12), Y11-Uzman_D!$J$12)*0.1 ) + IF(ROUND((IF(AA11-Uzman_D!$L$12<0, -(AA11-Uzman_D!$L$12), AA11-Uzman_D!$L$12)*2),0)/2 = IF(AA11-Uzman_D!$L$12<0, -(AA11-Uzman_D!$L$12), AA11-Uzman_D!$L$12), (ROUND((IF(AA11-Uzman_D!$L$12<0, -(AA11-Uzman_D!$L$12), AA11-Uzman_D!$L$12)*2),0)/1 * 0.1), 0) + IF(AB11-Uzman_D!$M$12<0, -(AB11-Uzman_D!$M$12), AB11-Uzman_D!$M$12)*1 ) -> -0.2 | AP11: =1 - ( SUM( IF(AD11-Uzman_D!$B$13<0, -(AD11-Uzman_D!$B$13), AD11-Uzman_D!$B$13)*0.1 + IF(AE11-Uzman_D!$C$13<0, -(AE11-Uzman_D!$C$13), AE11-Uzman_D!$C$13)*0.1 + IF(AF11-Uzman_D!$D$13<0, -(AF11-Uzman_D!$D$13), AF11-Uzman_D!$D$13)*0.1 + IF(AG11-Uzman_D!$E$13<0, -(AG11-Uzman_D!$E$13), AG11-Uzman_D!$E$13)*0.1 + IF(AH11-Uzman_D!$F$13<0, -(AH11-Uzman_D!$F$13), AH11-Uzman_D!$F$13)*0.1 + IF(AI11-Uzman_D!$G$13<0, -(AI11-Uzman_D!$G$13), AI11-Uzman_D!$G$13)*0.1 + IF(AJ11-Uzman_D!$H$13<0, -(AJ11-Uzman_D!$H$13), AJ11-Uzman_D!$H$13)*0.1 + IF(AK11-Uzman_D!$I$13<0, -(AK11-Uzman_D!$I$13), AK11-Uzman_D!$I$13)*0.1 + IF(AL11-Uzman_D!$J$13<0, -(AL11-Uzman_D!$J$13), AL11-Uzman_D!$J$13)*0.1 ) + IF(ROUND((IF(AN11-Uzman_D!$L$13<0, -(AN11-Uzman_D!$L$13), AN11-Uzman_D!$L$13)*2),0)/2 = IF(AN11-Uzman_D!$L$13<0, -(AN11-Uzman_D!$L$13), AN11-Uzman_D!$L$13), (ROUND((IF(AN11-Uzman_D!$L$13<0, -(AN11-Uzman_D!$L$13), AN11-Uzman_D!$L$13)*2),0)/1 * 0.1), 0) + IF(AO11-Uzman_D!$M$13<0, -(AO11-Uzman_D!$M$13), AO11-Uzman_D!$M$13)*1 ) -> -0.3 | BC11: =1 - ( SUM( IF(AQ11-Uzman_D!$B$14<0, -(AQ11-Uzman_D!$B$14), AQ11-Uzman_D!$B$14)*0.1 + IF(AR11-Uzman_D!$C$14<0, -(AR11-Uzman_D!$C$14), AR11-Uzman_D!$C$14)*0.1 + IF(AS11-Uzman_D!$D$14<0, -(AS11-Uzman_D!$D$14), AS11-Uzman_D!$D$14)*0.1 + IF(AT11-Uzman_D!$E$14<0, -(AT11-Uzman_D!$E$14), AT11-Uzman_D!$E$14)*0.1 + IF(AU11-Uzman_D!$F$14<0, -(AU11-Uzman_D!$F$14), AU11-Uzman_D!$F$14)*0.1 + IF(AV11-Uzman_D!$G$14<0, -(AV11-Uzman_D!$G$14), AV11-Uzman_D!$G$14)*0.1 + IF(AW11-Uzman_D!$H$14<0, -(AW11-Uzman_D!$H$14), AW11-Uzman_D!$H$14)*0.1 + IF(AX11-Uzman_D!$I$14<0, -(AX11-Uzman_D!$I$14), AX11-Uzman_D!$I$14)*0.1 + IF(AY11-Uzman_D!$J$14<0, -(AY11-Uzman_D!$J$14), AY11-Uzman_D!$J$14)*0.1 ) + IF(ROUND((IF(BA11-Uzman_D!$L$14<0, -(BA11-Uzman_D!$L$14), BA11-Uzman_D!$L$14)*2),0)/2 = IF(BA11-Uzman_D!$L$14<0, -(BA11-Uzman_D!$L$14), BA11-Uzman_D!$L$14), (ROUND((IF(BA11-Uzman_D!$L$14<0, -(BA11-Uzman_D!$L$14), BA11-Uzman_D!$L$14)*2),0)/1 * 0.1), 0) + IF(BB11-Uzman_D!$M$14<0, -(BB11-Uzman_D!$M$14), BB11-Uzman_D!$M$14)*1 ) -> -0.2 | BP11: =1 - ( SUM( IF(BD11-Uzman_D!$B$15<0, -(BD11-Uzman_D!$B$15), BD11-Uzman_D!$B$15)*0.1 + IF(BE11-Uzman_D!$C$15<0, -(BE11-Uzman_D!$C$15), BE11-Uzman_D!$C$15)*0.1 + IF(BF11-Uzman_D!$D$15<0, -(BF11-Uzman_D!$D$15), BF11-Uzman_D!$D$15)*0.1 + IF(BG11-Uzman_D!$E$15<0, -(BG11-Uzman_D!$E$15), BG11-Uzman_D!$E$15)*0.1 + IF(BH11-Uzman_D!$F$15<0, -(BH11-Uzman_D!$F$15), BH11-Uzman_D!$F$15)*0.1 + IF(BI11-Uzman_D!$G$15<0, -(BI11-Uzman_D!$G$15), BI11-Uzman_D!$G$15)*0.1 + IF(BJ11-Uzman_D!$H$15<0, -(BJ11-Uzman_D!$H$15), BJ11-Uzman_D!$H$15)*0.1 + IF(BK11-Uzman_D!$I$15<0, -(BK11-Uzman_D!$I$15), BK11-Uzman_D!$I$15)*0.1 + IF(BL11-Uzman_D!$J$15<0, -(BL11-Uzman_D!$J$15), BL11-Uzman_D!$J$15)*0.1 ) + IF(ROUND((IF(BN11-Uzman_D!$L$15<0, -(BN11-Uzman_D!$L$15), BN11-Uzman_D!$L$15)*2),0)/2 = IF(BN11-Uzman_D!$L$15<0, -(BN11-Uzman_D!$L$15), BN11-Uzman_D!$L$15), (ROUND((IF(BN11-Uzman_D!$L$15<0, -(BN11-Uzman_D!$L$15), BN11-Uzman_D!$L$15)*2),0)/1 * 0.1), 0) + IF(BO11-Uzman_D!$M$15<0, -(BO11-Uzman_D!$M$15), BO11-Uzman_D!$M$15)*1 ) -> -0.6 | BQ11: =(P11+AC11+AP11+BC11+BP11)/5 -> -0.32
A12: 9 | B12: =Hakemler!B12 -> 0 | C12: =Hakemler!C12 -> 0 | P12: =1 - ( SUM( IF(D12-Uzman_D!$B$11<0, -(D12-Uzman_D!$B$11), D12-Uzman_D!$B$11)*0.1 + IF(E12-Uzman_D!$C$11<0, -(E12-Uzman_D!$C$11), E12-Uzman_D!$C$11)*0.1 + IF(F12-Uzman_D!$D$11<0, -(F12-Uzman_D!$D$11), F12-Uzman_D!$D$11)*0.1 + IF(G12-Uzman_D!$E$11<0, -(G12-Uzman_D!$E$11), G12-Uzman_D!$E$11)*0.1 + IF(H12-Uzman_D!$F$11<0, -(H12-Uzman_D!$F$11), H12-Uzman_D!$F$11)*0.1 + IF(I12-Uzman_D!$G$11<0, -(I12-Uzman_D!$G$11), I12-Uzman_D!$G$11)*0.1 + IF(J12-Uzman_D!$H$11<0, -(J12-Uzman_D!$H$11), J12-Uzman_D!$H$11)*0.1 + IF(K12-Uzman_D!$I$11<0, -(K12-Uzman_D!$I$11), K12-Uzman_D!$I$11)*0.1 + IF(L12-Uzman_D!$J$11<0, -(L12-Uzman_D!$J$11), L12-Uzman_D!$J$11)*0.1 ) + IF(ROUND((IF(N12-Uzman_D!$L$11<0, -(N12-Uzman_D!$L$11), N12-Uzman_D!$L$11)*2),0)/2 = IF(N12-Uzman_D!$L$11<0, -(N12-Uzman_D!$L$11), N12-Uzman_D!$L$11), (ROUND((IF(N12-Uzman_D!$L$11<0, -(N12-Uzman_D!$L$11), N12-Uzman_D!$L$11)*2),0)/1 * 0.1), 0) + IF(O12-Uzman_D!$M$11<0, -(O12-Uzman_D!$M$11), O12-Uzman_D!$M$11)*1 ) -> -0.3 | AC12: =1 - ( SUM( IF(Q12-Uzman_D!$B$12<0, -(Q12-Uzman_D!$B$12), Q12-Uzman_D!$B$12)*0.1 + IF(R12-Uzman_D!$C$12<0, -(R12-Uzman_D!$C$12), R12-Uzman_D!$C$12)*0.1 + IF(S12-Uzman_D!$D$12<0, -(S12-Uzman_D!$D$12), S12-Uzman_D!$D$12)*0.1 + IF(T12-Uzman_D!$E$12<0, -(T12-Uzman_D!$E$12), T12-Uzman_D!$E$12)*0.1 + IF(U12-Uzman_D!$F$12<0, -(U12-Uzman_D!$F$12), U12-Uzman_D!$F$12)*0.1 + IF(V12-Uzman_D!$G$12<0, -(V12-Uzman_D!$G$12), V12-Uzman_D!$G$12)*0.1 + IF(W12-Uzman_D!$H$12<0, -(W12-Uzman_D!$H$12), W12-Uzman_D!$H$12)*0.1 + IF(X12-Uzman_D!$I$12<0, -(X12-Uzman_D!$I$12), X12-Uzman_D!$I$12)*0.1 + IF(Y12-Uzman_D!$J$12<0, -(Y12-Uzman_D!$J$12), Y12-Uzman_D!$J$12)*0.1 ) + IF(ROUND((IF(AA12-Uzman_D!$L$12<0, -(AA12-Uzman_D!$L$12), AA12-Uzman_D!$L$12)*2),0)/2 = IF(AA12-Uzman_D!$L$12<0, -(AA12-Uzman_D!$L$12), AA12-Uzman_D!$L$12), (ROUND((IF(AA12-Uzman_D!$L$12<0, -(AA12-Uzman_D!$L$12), AA12-Uzman_D!$L$12)*2),0)/1 * 0.1), 0) + IF(AB12-Uzman_D!$M$12<0, -(AB12-Uzman_D!$M$12), AB12-Uzman_D!$M$12)*1 ) -> -0.2 | AP12: =1 - ( SUM( IF(AD12-Uzman_D!$B$13<0, -(AD12-Uzman_D!$B$13), AD12-Uzman_D!$B$13)*0.1 + IF(AE12-Uzman_D!$C$13<0, -(AE12-Uzman_D!$C$13), AE12-Uzman_D!$C$13)*0.1 + IF(AF12-Uzman_D!$D$13<0, -(AF12-Uzman_D!$D$13), AF12-Uzman_D!$D$13)*0.1 + IF(AG12-Uzman_D!$E$13<0, -(AG12-Uzman_D!$E$13), AG12-Uzman_D!$E$13)*0.1 + IF(AH12-Uzman_D!$F$13<0, -(AH12-Uzman_D!$F$13), AH12-Uzman_D!$F$13)*0.1 + IF(AI12-Uzman_D!$G$13<0, -(AI12-Uzman_D!$G$13), AI12-Uzman_D!$G$13)*0.1 + IF(AJ12-Uzman_D!$H$13<0, -(AJ12-Uzman_D!$H$13), AJ12-Uzman_D!$H$13)*0.1 + IF(AK12-Uzman_D!$I$13<0, -(AK12-Uzman_D!$I$13), AK12-Uzman_D!$I$13)*0.1 + IF(AL12-Uzman_D!$J$13<0, -(AL12-Uzman_D!$J$13), AL12-Uzman_D!$J$13)*0.1 ) + IF(ROUND((IF(AN12-Uzman_D!$L$13<0, -(AN12-Uzman_D!$L$13), AN12-Uzman_D!$L$13)*2),0)/2 = IF(AN12-Uzman_D!$L$13<0, -(AN12-Uzman_D!$L$13), AN12-Uzman_D!$L$13), (ROUND((IF(AN12-Uzman_D!$L$13<0, -(AN12-Uzman_D!$L$13), AN12-Uzman_D!$L$13)*2),0)/1 * 0.1), 0) + IF(AO12-Uzman_D!$M$13<0, -(AO12-Uzman_D!$M$13), AO12-Uzman_D!$M$13)*1 ) -> -0.3 | BC12: =1 - ( SUM( IF(AQ12-Uzman_D!$B$14<0, -(AQ12-Uzman_D!$B$14), AQ12-Uzman_D!$B$14)*0.1 + IF(AR12-Uzman_D!$C$14<0, -(AR12-Uzman_D!$C$14), AR12-Uzman_D!$C$14)*0.1 + IF(AS12-Uzman_D!$D$14<0, -(AS12-Uzman_D!$D$14), AS12-Uzman_D!$D$14)*0.1 + IF(AT12-Uzman_D!$E$14<0, -(AT12-Uzman_D!$E$14), AT12-Uzman_D!$E$14)*0.1 + IF(AU12-Uzman_D!$F$14<0, -(AU12-Uzman_D!$F$14), AU12-Uzman_D!$F$14)*0.1 + IF(AV12-Uzman_D!$G$14<0, -(AV12-Uzman_D!$G$14), AV12-Uzman_D!$G$14)*0.1 + IF(AW12-Uzman_D!$H$14<0, -(AW12-Uzman_D!$H$14), AW12-Uzman_D!$H$14)*0.1 + IF(AX12-Uzman_D!$I$14<0, -(AX12-Uzman_D!$I$14), AX12-Uzman_D!$I$14)*0.1 + IF(AY12-Uzman_D!$J$14<0, -(AY12-Uzman_D!$J$14), AY12-Uzman_D!$J$14)*0.1 ) + IF(ROUND((IF(BA12-Uzman_D!$L$14<0, -(BA12-Uzman_D!$L$14), BA12-Uzman_D!$L$14)*2),0)/2 = IF(BA12-Uzman_D!$L$14<0, -(BA12-Uzman_D!$L$14), BA12-Uzman_D!$L$14), (ROUND((IF(BA12-Uzman_D!$L$14<0, -(BA12-Uzman_D!$L$14), BA12-Uzman_D!$L$14)*2),0)/1 * 0.1), 0) + IF(BB12-Uzman_D!$M$14<0, -(BB12-Uzman_D!$M$14), BB12-Uzman_D!$M$14)*1 ) -> -0.2 | BP12: =1 - ( SUM( IF(BD12-Uzman_D!$B$15<0, -(BD12-Uzman_D!$B$15), BD12-Uzman_D!$B$15)*0.1 + IF(BE12-Uzman_D!$C$15<0, -(BE12-Uzman_D!$C$15), BE12-Uzman_D!$C$15)*0.1 + IF(BF12-Uzman_D!$D$15<0, -(BF12-Uzman_D!$D$15), BF12-Uzman_D!$D$15)*0.1 + IF(BG12-Uzman_D!$E$15<0, -(BG12-Uzman_D!$E$15), BG12-Uzman_D!$E$15)*0.1 + IF(BH12-Uzman_D!$F$15<0, -(BH12-Uzman_D!$F$15), BH12-Uzman_D!$F$15)*0.1 + IF(BI12-Uzman_D!$G$15<0, -(BI12-Uzman_D!$G$15), BI12-Uzman_D!$G$15)*0.1 + IF(BJ12-Uzman_D!$H$15<0, -(BJ12-Uzman_D!$H$15), BJ12-Uzman_D!$H$15)*0.1 + IF(BK12-Uzman_D!$I$15<0, -(BK12-Uzman_D!$I$15), BK12-Uzman_D!$I$15)*0.1 + IF(BL12-Uzman_D!$J$15<0, -(BL12-Uzman_D!$J$15), BL12-Uzman_D!$J$15)*0.1 ) + IF(ROUND((IF(BN12-Uzman_D!$L$15<0, -(BN12-Uzman_D!$L$15), BN12-Uzman_D!$L$15)*2),0)/2 = IF(BN12-Uzman_D!$L$15<0, -(BN12-Uzman_D!$L$15), BN12-Uzman_D!$L$15), (ROUND((IF(BN12-Uzman_D!$L$15<0, -(BN12-Uzman_D!$L$15), BN12-Uzman_D!$L$15)*2),0)/1 * 0.1), 0) + IF(BO12-Uzman_D!$M$15<0, -(BO12-Uzman_D!$M$15), BO12-Uzman_D!$M$15)*1 ) -> -0.6 | BQ12: =(P12+AC12+AP12+BC12+BP12)/5 -> -0.32
A13: 10 | B13: =Hakemler!B13 -> 0 | C13: =Hakemler!C13 -> 0 | P13: =1 - ( SUM( IF(D13-Uzman_D!$B$11<0, -(D13-Uzman_D!$B$11), D13-Uzman_D!$B$11)*0.1 + IF(E13-Uzman_D!$C$11<0, -(E13-Uzman_D!$C$11), E13-Uzman_D!$C$11)*0.1 + IF(F13-Uzman_D!$D$11<0, -(F13-Uzman_D!$D$11), F13-Uzman_D!$D$11)*0.1 + IF(G13-Uzman_D!$E$11<0, -(G13-Uzman_D!$E$11), G13-Uzman_D!$E$11)*0.1 + IF(H13-Uzman_D!$F$11<0, -(H13-Uzman_D!$F$11), H13-Uzman_D!$F$11)*0.1 + IF(I13-Uzman_D!$G$11<0, -(I13-Uzman_D!$G$11), I13-Uzman_D!$G$11)*0.1 + IF(J13-Uzman_D!$H$11<0, -(J13-Uzman_D!$H$11), J13-Uzman_D!$H$11)*0.1 + IF(K13-Uzman_D!$I$11<0, -(K13-Uzman_D!$I$11), K13-Uzman_D!$I$11)*0.1 + IF(L13-Uzman_D!$J$11<0, -(L13-Uzman_D!$J$11), L13-Uzman_D!$J$11)*0.1 ) + IF(ROUND((IF(N13-Uzman_D!$L$11<0, -(N13-Uzman_D!$L$11), N13-Uzman_D!$L$11)*2),0)/2 = IF(N13-Uzman_D!$L$11<0, -(N13-Uzman_D!$L$11), N13-Uzman_D!$L$11), (ROUND((IF(N13-Uzman_D!$L$11<0, -(N13-Uzman_D!$L$11), N13-Uzman_D!$L$11)*2),0)/1 * 0.1), 0) + IF(O13-Uzman_D!$M$11<0, -(O13-Uzman_D!$M$11), O13-Uzman_D!$M$11)*1 ) -> -0.3 | AC13: =1 - ( SUM( IF(Q13-Uzman_D!$B$12<0, -(Q13-Uzman_D!$B$12), Q13-Uzman_D!$B$12)*0.1 + IF(R13-Uzman_D!$C$12<0, -(R13-Uzman_D!$C$12), R13-Uzman_D!$C$12)*0.1 + IF(S13-Uzman_D!$D$12<0, -(S13-Uzman_D!$D$12), S13-Uzman_D!$D$12)*0.1 + IF(T13-Uzman_D!$E$12<0, -(T13-Uzman_D!$E$12), T13-Uzman_D!$E$12)*0.1 + IF(U13-Uzman_D!$F$12<0, -(U13-Uzman_D!$F$12), U13-Uzman_D!$F$12)*0.1 + IF(V13-Uzman_D!$G$12<0, -(V13-Uzman_D!$G$12), V13-Uzman_D!$G$12)*0.1 + IF(W13-Uzman_D!$H$12<0, -(W13-Uzman_D!$H$12), W13-Uzman_D!$H$12)*0.1 + IF(X13-Uzman_D!$I$12<0, -(X13-Uzman_D!$I$12), X13-Uzman_D!$I$12)*0.1 + IF(Y13-Uzman_D!$J$12<0, -(Y13-Uzman_D!$J$12), Y13-Uzman_D!$J$12)*0.1 ) + IF(ROUND((IF(AA13-Uzman_D!$L$12<0, -(AA13-Uzman_D!$L$12), AA13-Uzman_D!$L$12)*2),0)/2 = IF(AA13-Uzman_D!$L$12<0, -(AA13-Uzman_D!$L$12), AA13-Uzman_D!$L$12), (ROUND((IF(AA13-Uzman_D!$L$12<0, -(AA13-Uzman_D!$L$12), AA13-Uzman_D!$L$12)*2),0)/1 * 0.1), 0) + IF(AB13-Uzman_D!$M$12<0, -(AB13-Uzman_D!$M$12), AB13-Uzman_D!$M$12)*1 ) -> -0.2 | AP13: =1 - ( SUM( IF(AD13-Uzman_D!$B$13<0, -(AD13-Uzman_D!$B$13), AD13-Uzman_D!$B$13)*0.1 + IF(AE13-Uzman_D!$C$13<0, -(AE13-Uzman_D!$C$13), AE13-Uzman_D!$C$13)*0.1 + IF(AF13-Uzman_D!$D$13<0, -(AF13-Uzman_D!$D$13), AF13-Uzman_D!$D$13)*0.1 + IF(AG13-Uzman_D!$E$13<0, -(AG13-Uzman_D!$E$13), AG13-Uzman_D!$E$13)*0.1 + IF(AH13-Uzman_D!$F$13<0, -(AH13-Uzman_D!$F$13), AH13-Uzman_D!$F$13)*0.1 + IF(AI13-Uzman_D!$G$13<0, -(AI13-Uzman_D!$G$13), AI13-Uzman_D!$G$13)*0.1 + IF(AJ13-Uzman_D!$H$13<0, -(AJ13-Uzman_D!$H$13), AJ13-Uzman_D!$H$13)*0.1 + IF(AK13-Uzman_D!$I$13<0, -(AK13-Uzman_D!$I$13), AK13-Uzman_D!$I$13)*0.1 + IF(AL13-Uzman_D!$J$13<0, -(AL13-Uzman_D!$J$13), AL13-Uzman_D!$J$13)*0.1 ) + IF(ROUND((IF(AN13-Uzman_D!$L$13<0, -(AN13-Uzman_D!$L$13), AN13-Uzman_D!$L$13)*2),0)/2 = IF(AN13-Uzman_D!$L$13<0, -(AN13-Uzman_D!$L$13), AN13-Uzman_D!$L$13), (ROUND((IF(AN13-Uzman_D!$L$13<0, -(AN13-Uzman_D!$L$13), AN13-Uzman_D!$L$13)*2),0)/1 * 0.1), 0) + IF(AO13-Uzman_D!$M$13<0, -(AO13-Uzman_D!$M$13), AO13-Uzman_D!$M$13)*1 ) -> -0.3 | BC13: =1 - ( SUM( IF(AQ13-Uzman_D!$B$14<0, -(AQ13-Uzman_D!$B$14), AQ13-Uzman_D!$B$14)*0.1 + IF(AR13-Uzman_D!$C$14<0, -(AR13-Uzman_D!$C$14), AR13-Uzman_D!$C$14)*0.1 + IF(AS13-Uzman_D!$D$14<0, -(AS13-Uzman_D!$D$14), AS13-Uzman_D!$D$14)*0.1 + IF(AT13-Uzman_D!$E$14<0, -(AT13-Uzman_D!$E$14), AT13-Uzman_D!$E$14)*0.1 + IF(AU13-Uzman_D!$F$14<0, -(AU13-Uzman_D!$F$14), AU13-Uzman_D!$F$14)*0.1 + IF(AV13-Uzman_D!$G$14<0, -(AV13-Uzman_D!$G$14), AV13-Uzman_D!$G$14)*0.1 + IF(AW13-Uzman_D!$H$14<0, -(AW13-Uzman_D!$H$14), AW13-Uzman_D!$H$14)*0.1 + IF(AX13-Uzman_D!$I$14<0, -(AX13-Uzman_D!$I$14), AX13-Uzman_D!$I$14)*0.1 + IF(AY13-Uzman_D!$J$14<0, -(AY13-Uzman_D!$J$14), AY13-Uzman_D!$J$14)*0.1 ) + IF(ROUND((IF(BA13-Uzman_D!$L$14<0, -(BA13-Uzman_D!$L$14), BA13-Uzman_D!$L$14)*2),0)/2 = IF(BA13-Uzman_D!$L$14<0, -(BA13-Uzman_D!$L$14), BA13-Uzman_D!$L$14), (ROUND((IF(BA13-Uzman_D!$L$14<0, -(BA13-Uzman_D!$L$14), BA13-Uzman_D!$L$14)*2),0)/1 * 0.1), 0) + IF(BB13-Uzman_D!$M$14<0, -(BB13-Uzman_D!$M$14), BB13-Uzman_D!$M$14)*1 ) -> -0.2 | BP13: =1 - ( SUM( IF(BD13-Uzman_D!$B$15<0, -(BD13-Uzman_D!$B$15), BD13-Uzman_D!$B$15)*0.1 + IF(BE13-Uzman_D!$C$15<0, -(BE13-Uzman_D!$C$15), BE13-Uzman_D!$C$15)*0.1 + IF(BF13-Uzman_D!$D$15<0, -(BF13-Uzman_D!$D$15), BF13-Uzman_D!$D$15)*0.1 + IF(BG13-Uzman_D!$E$15<0, -(BG13-Uzman_D!$E$15), BG13-Uzman_D!$E$15)*0.1 + IF(BH13-Uzman_D!$F$15<0, -(BH13-Uzman_D!$F$15), BH13-Uzman_D!$F$15)*0.1 + IF(BI13-Uzman_D!$G$15<0, -(BI13-Uzman_D!$G$15), BI13-Uzman_D!$G$15)*0.1 + IF(BJ13-Uzman_D!$H$15<0, -(BJ13-Uzman_D!$H$15), BJ13-Uzman_D!$H$15)*0.1 + IF(BK13-Uzman_D!$I$15<0, -(BK13-Uzman_D!$I$15), BK13-Uzman_D!$I$15)*0.1 + IF(BL13-Uzman_D!$J$15<0, -(BL13-Uzman_D!$J$15), BL13-Uzman_D!$J$15)*0.1 ) + IF(ROUND((IF(BN13-Uzman_D!$L$15<0, -(BN13-Uzman_D!$L$15), BN13-Uzman_D!$L$15)*2),0)/2 = IF(BN13-Uzman_D!$L$15<0, -(BN13-Uzman_D!$L$15), BN13-Uzman_D!$L$15), (ROUND((IF(BN13-Uzman_D!$L$15<0, -(BN13-Uzman_D!$L$15), BN13-Uzman_D!$L$15)*2),0)/1 * 0.1), 0) + IF(BO13-Uzman_D!$M$15<0, -(BO13-Uzman_D!$M$15), BO13-Uzman_D!$M$15)*1 ) -> -0.6 | BQ13: =(P13+AC13+AP13+BC13+BP13)/5 -> -0.32
A14: 11 | B14: =Hakemler!B14 -> 0 | C14: =Hakemler!C14 -> 0 | P14: =1 - ( SUM( IF(D14-Uzman_D!$B$11<0, -(D14-Uzman_D!$B$11), D14-Uzman_D!$B$11)*0.1 + IF(E14-Uzman_D!$C$11<0, -(E14-Uzman_D!$C$11), E14-Uzman_D!$C$11)*0.1 + IF(F14-Uzman_D!$D$11<0, -(F14-Uzman_D!$D$11), F14-Uzman_D!$D$11)*0.1 + IF(G14-Uzman_D!$E$11<0, -(G14-Uzman_D!$E$11), G14-Uzman_D!$E$11)*0.1 + IF(H14-Uzman_D!$F$11<0, -(H14-Uzman_D!$F$11), H14-Uzman_D!$F$11)*0.1 + IF(I14-Uzman_D!$G$11<0, -(I14-Uzman_D!$G$11), I14-Uzman_D!$G$11)*0.1 + IF(J14-Uzman_D!$H$11<0, -(J14-Uzman_D!$H$11), J14-Uzman_D!$H$11)*0.1 + IF(K14-Uzman_D!$I$11<0, -(K14-Uzman_D!$I$11), K14-Uzman_D!$I$11)*0.1 + IF(L14-Uzman_D!$J$11<0, -(L14-Uzman_D!$J$11), L14-Uzman_D!$J$11)*0.1 ) + IF(ROUND((IF(N14-Uzman_D!$L$11<0, -(N14-Uzman_D!$L$11), N14-Uzman_D!$L$11)*2),0)/2 = IF(N14-Uzman_D!$L$11<0, -(N14-Uzman_D!$L$11), N14-Uzman_D!$L$11), (ROUND((IF(N14-Uzman_D!$L$11<0, -(N14-Uzman_D!$L$11), N14-Uzman_D!$L$11)*2),0)/1 * 0.1), 0) + IF(O14-Uzman_D!$M$11<0, -(O14-Uzman_D!$M$11), O14-Uzman_D!$M$11)*1 ) -> -0.3 | AC14: =1 - ( SUM( IF(Q14-Uzman_D!$B$12<0, -(Q14-Uzman_D!$B$12), Q14-Uzman_D!$B$12)*0.1 + IF(R14-Uzman_D!$C$12<0, -(R14-Uzman_D!$C$12), R14-Uzman_D!$C$12)*0.1 + IF(S14-Uzman_D!$D$12<0, -(S14-Uzman_D!$D$12), S14-Uzman_D!$D$12)*0.1 + IF(T14-Uzman_D!$E$12<0, -(T14-Uzman_D!$E$12), T14-Uzman_D!$E$12)*0.1 + IF(U14-Uzman_D!$F$12<0, -(U14-Uzman_D!$F$12), U14-Uzman_D!$F$12)*0.1 + IF(V14-Uzman_D!$G$12<0, -(V14-Uzman_D!$G$12), V14-Uzman_D!$G$12)*0.1 + IF(W14-Uzman_D!$H$12<0, -(W14-Uzman_D!$H$12), W14-Uzman_D!$H$12)*0.1 + IF(X14-Uzman_D!$I$12<0, -(X14-Uzman_D!$I$12), X14-Uzman_D!$I$12)*0.1 + IF(Y14-Uzman_D!$J$12<0, -(Y14-Uzman_D!$J$12), Y14-Uzman_D!$J$12)*0.1 ) + IF(ROUND((IF(AA14-Uzman_D!$L$12<0, -(AA14-Uzman_D!$L$12), AA14-Uzman_D!$L$12)*2),0)/2 = IF(AA14-Uzman_D!$L$12<0, -(AA14-Uzman_D!$L$12), AA14-Uzman_D!$L$12), (ROUND((IF(AA14-Uzman_D!$L$12<0, -(AA14-Uzman_D!$L$12), AA14-Uzman_D!$L$12)*2),0)/1 * 0.1), 0) + IF(AB14-Uzman_D!$M$12<0, -(AB14-Uzman_D!$M$12), AB14-Uzman_D!$M$12)*1 ) -> -0.2 | AP14: =1 - ( SUM( IF(AD14-Uzman_D!$B$13<0, -(AD14-Uzman_D!$B$13), AD14-Uzman_D!$B$13)*0.1 + IF(AE14-Uzman_D!$C$13<0, -(AE14-Uzman_D!$C$13), AE14-Uzman_D!$C$13)*0.1 + IF(AF14-Uzman_D!$D$13<0, -(AF14-Uzman_D!$D$13), AF14-Uzman_D!$D$13)*0.1 + IF(AG14-Uzman_D!$E$13<0, -(AG14-Uzman_D!$E$13), AG14-Uzman_D!$E$13)*0.1 + IF(AH14-Uzman_D!$F$13<0, -(AH14-Uzman_D!$F$13), AH14-Uzman_D!$F$13)*0.1 + IF(AI14-Uzman_D!$G$13<0, -(AI14-Uzman_D!$G$13), AI14-Uzman_D!$G$13)*0.1 + IF(AJ14-Uzman_D!$H$13<0, -(AJ14-Uzman_D!$H$13), AJ14-Uzman_D!$H$13)*0.1 + IF(AK14-Uzman_D!$I$13<0, -(AK14-Uzman_D!$I$13), AK14-Uzman_D!$I$13)*0.1 + IF(AL14-Uzman_D!$J$13<0, -(AL14-Uzman_D!$J$13), AL14-Uzman_D!$J$13)*0.1 ) + IF(ROUND((IF(AN14-Uzman_D!$L$13<0, -(AN14-Uzman_D!$L$13), AN14-Uzman_D!$L$13)*2),0)/2 = IF(AN14-Uzman_D!$L$13<0, -(AN14-Uzman_D!$L$13), AN14-Uzman_D!$L$13), (ROUND((IF(AN14-Uzman_D!$L$13<0, -(AN14-Uzman_D!$L$13), AN14-Uzman_D!$L$13)*2),0)/1 * 0.1), 0) + IF(AO14-Uzman_D!$M$13<0, -(AO14-Uzman_D!$M$13), AO14-Uzman_D!$M$13)*1 ) -> -0.3 | BC14: =1 - ( SUM( IF(AQ14-Uzman_D!$B$14<0, -(AQ14-Uzman_D!$B$14), AQ14-Uzman_D!$B$14)*0.1 + IF(AR14-Uzman_D!$C$14<0, -(AR14-Uzman_D!$C$14), AR14-Uzman_D!$C$14)*0.1 + IF(AS14-Uzman_D!$D$14<0, -(AS14-Uzman_D!$D$14), AS14-Uzman_D!$D$14)*0.1 + IF(AT14-Uzman_D!$E$14<0, -(AT14-Uzman_D!$E$14), AT14-Uzman_D!$E$14)*0.1 + IF(AU14-Uzman_D!$F$14<0, -(AU14-Uzman_D!$F$14), AU14-Uzman_D!$F$14)*0.1 + IF(AV14-Uzman_D!$G$14<0, -(AV14-Uzman_D!$G$14), AV14-Uzman_D!$G$14)*0.1 + IF(AW14-Uzman_D!$H$14<0, -(AW14-Uzman_D!$H$14), AW14-Uzman_D!$H$14)*0.1 + IF(AX14-Uzman_D!$I$14<0, -(AX14-Uzman_D!$I$14), AX14-Uzman_D!$I$14)*0.1 + IF(AY14-Uzman_D!$J$14<0, -(AY14-Uzman_D!$J$14), AY14-Uzman_D!$J$14)*0.1 ) + IF(ROUND((IF(BA14-Uzman_D!$L$14<0, -(BA14-Uzman_D!$L$14), BA14-Uzman_D!$L$14)*2),0)/2 = IF(BA14-Uzman_D!$L$14<0, -(BA14-Uzman_D!$L$14), BA14-Uzman_D!$L$14), (ROUND((IF(BA14-Uzman_D!$L$14<0, -(BA14-Uzman_D!$L$14), BA14-Uzman_D!$L$14)*2),0)/1 * 0.1), 0) + IF(BB14-Uzman_D!$M$14<0, -(BB14-Uzman_D!$M$14), BB14-Uzman_D!$M$14)*1 ) -> -0.2 | BP14: =1 - ( SUM( IF(BD14-Uzman_D!$B$15<0, -(BD14-Uzman_D!$B$15), BD14-Uzman_D!$B$15)*0.1 + IF(BE14-Uzman_D!$C$15<0, -(BE14-Uzman_D!$C$15), BE14-Uzman_D!$C$15)*0.1 + IF(BF14-Uzman_D!$D$15<0, -(BF14-Uzman_D!$D$15), BF14-Uzman_D!$D$15)*0.1 + IF(BG14-Uzman_D!$E$15<0, -(BG14-Uzman_D!$E$15), BG14-Uzman_D!$E$15)*0.1 + IF(BH14-Uzman_D!$F$15<0, -(BH14-Uzman_D!$F$15), BH14-Uzman_D!$F$15)*0.1 + IF(BI14-Uzman_D!$G$15<0, -(BI14-Uzman_D!$G$15), BI14-Uzman_D!$G$15)*0.1 + IF(BJ14-Uzman_D!$H$15<0, -(BJ14-Uzman_D!$H$15), BJ14-Uzman_D!$H$15)*0.1 + IF(BK14-Uzman_D!$I$15<0, -(BK14-Uzman_D!$I$15), BK14-Uzman_D!$I$15)*0.1 + IF(BL14-Uzman_D!$J$15<0, -(BL14-Uzman_D!$J$15), BL14-Uzman_D!$J$15)*0.1 ) + IF(ROUND((IF(BN14-Uzman_D!$L$15<0, -(BN14-Uzman_D!$L$15), BN14-Uzman_D!$L$15)*2),0)/2 = IF(BN14-Uzman_D!$L$15<0, -(BN14-Uzman_D!$L$15), BN14-Uzman_D!$L$15), (ROUND((IF(BN14-Uzman_D!$L$15<0, -(BN14-Uzman_D!$L$15), BN14-Uzman_D!$L$15)*2),0)/1 * 0.1), 0) + IF(BO14-Uzman_D!$M$15<0, -(BO14-Uzman_D!$M$15), BO14-Uzman_D!$M$15)*1 ) -> -0.6 | BQ14: =(P14+AC14+AP14+BC14+BP14)/5 -> -0.32
