Workbook

Sheet Kurs
B2: TCF ACB Sınav Değerlendirme Sistemi (SDS) 2024
B6: Sınava Ait Bilgiler
B9: Kursu veren | C9: : | D9: Türkiye Cimnastik Federasyonu
B11: Eğitmen | C11: :
B13: Şehir | C13: : | D13: ANTALYA
B15: Tarih | C15: : | D15: 19-21.12.2024

Sheet Hakemler
A1: Hakemlere Ait Bilgiler
A3: No. | B3: Soyadı | C3: Adı | D3: Şehir | E3: 14. Dönem brövesi | F3: 15. Dönem brövesi
A4: 1 | B4: YAZICI | C4: SUZAN
A5: =A4+1 -> 2 | B5: ASLAN | C5: SEMA FİDEL
A6: =A5+1 -> 3 | B6: TUNA | C6: MUNİSE
A7: =A6+1 -> 4 | B7: ÜNAL | C7: FATMA HANIM
A8: =A7+1 -> 5 | B8: BAŞKAN PERÇİN | C8: ÖZGE
A9: =A8+1 -> 6 | B9: ŞEN İZMİRLİ | C9: SİNEM
A10: =A9+1 -> 7 | B10: YILDIRIMER | C10: BUSE
A11: =A10+1 -> 8 | B11: KESKİN | C11: ENFAL
A12: =A11+1 -> 9 | B12: ÜNAL | C12: NAZLINEHİR
A13: =A12+1 -> 10 | B13: ÜÇTAŞ ŞANLI | C13: GÖKSU
A14: =A13+1 -> 11 | B14: YÜCEL | C14: SİBEL
A15: =A14+1 -> 12 | B15: YILMAZER | C15: ZEHRA
A16: =A15+1 -> 13 | B16: ŞAHİNTEKİN | C16: MUHAMMED
... A49: =A48+1 -> 46 | B49: EDE | C49: İHSAN
A50: =A49+1 -> 47
A51: =A50+1 -> 48
A52: =A51+1 -> 49
A53: =A52+1 -> 50
A54: =A53+1 -> 51
A55: =A54+1 -> 52
A56: =A55+1 -> 53
A57: =A56+1 -> 54
A58: =A57+1 -> 55
A59: =A58+1 -> 56
A60: =A59+1 -> 57
A61: =A60+1 -> 58
... A103: =A102+1 -> 100

Sheet AtM_D
A1: ATLAMA MASASI - D Puanı
A2: No. | B2: Soyadı | C2: Adı | D2: D1 | F2: D2 | H2: D3 | J2: D4 | L2: D5 | N2: D6 | P2: D7 | R2: D8 | T2: D9 | V2: D10
D3: D1 | E3: P | F3: D2 | G3: P | H3: D3 | I3: P | J3: D4 | K3: P | L3: D5 | M3: P | N3: D5 | O3: P | P3: D5 | Q3: P | R3: D5 | S3: P | T3: D5 | U3: P | V3: D5 | W3: P | X3: Ortalama
A4: 1 | B4: =Hakemler!B4 -> YAZICI | C4: =Hakemler!C4 -> SUZAN | D4: 3.8 | E4: 1 | F4: 0 | G4: 1 | H4: 5 | I4: 1 | J4: 3.8 | K4: 1 | L4: 4.2 | M4: 1 | N4: 4.2 | O4: 1 | P4: 3.2 | Q4: 1 | R4: 5.8 | S4: 0 | T4: 4.2 | U4: 1 | V4: 4.6 | W4: 1 | X4: =(E4+G4+I4+K4+M4+O4+Q4+S4+U4+W4)/10 -> 0.9
A5: 2 | B5: =Hakemler!B5 -> ASLAN | C5: =Hakemler!C5 -> SEMA FİDEL | D5: 3.4 | E5: =IF(D5=Uzman_D!$B$24,1,0) -> 0 | F5: 0 | G5: =IF(F5=Uzman_D!$B$25,1,0) -> 1 | H5: 5 | I5: =IF(H5=Uzman_D!$B$26,1,0) -> 1 | J5: 3.8 | K5: =IF(J5=Uzman_D!$B$27,1,0) -> 1 | L5: 4.8 | M5: =IF(L5=Uzman_D!$B$28,1,0) -> 0 | N5: 4.2 | O5: =IF(N5=Uzman_D!$B$29,1,0) -> 1 | P5: 3.2 | Q5: =IF(P5=Uzman_D!$B$30,1,0) -> 1 | R5: 4.4 | S5: =IF(R5=Uzman_D!$B$31,1,0) -> 1 | T5: 4.2 | U5: =IF(T5=Uzman_D!$B$32,1,0) -> 1 | V5: 4.6 | W5: =IF(V5=Uzman_D!$B$33,1,0) -> 1 | X5: =(E5+G5+I5+K5+M5+O5+Q5+S5+U5+W5)/10 -> 0.8
A6: 3 | B6: =Hakemler!B6 -> TUNA | C6: =Hakemler!C6 -> MUNİSE | E6: =IF(D6=Uzman_D!$B$24,1,0) -> 0 | G6: =IF(F6=Uzman_D!$B$25,1,0) -> 1 | I6: =IF(H6=Uzman_D!$B$26,1,0) -> 0 | K6: =IF(J6=Uzman_D!$B$27,1,0) -> 0 | M6: =IF(L6=Uzman_D!$B$28,1,0) -> 0 | O6: =IF(N6=Uzman_D!$B$29,1,0) -> 0 | Q6: =IF(P6=Uzman_D!$B$30,1,0) -> 0 | S6: =IF(R6=Uzman_D!$B$31,1,0) -> 0 | U6: =IF(T6=Uzman_D!$B$32,1,0) -> 0 | W6: =IF(V6=Uzman_D!$B$33,1,0) -> 0 | X6: =(E6+G6+I6+K6+M6+O6+Q6+S6+U6+W6)/10 -> 0.1
A7: 4 | B7: =Hakemler!B7 -> ÜNAL | C7: =Hakemler!C7 -> FATMA HANIM | E7: =IF(D7=Uzman_D!$B$24,1,0) -> 0 | G7: =IF(F7=Uzman_D!$B$25,1,0) -> 1 | I7: =IF(H7=Uzman_D!$B$26,1,0) -> 0 | K7: =IF(J7=Uzman_D!$B$27,1,0) -> 0 | M7: =IF(L7=Uzman_D!$B$28,1,0) -> 0 | O7: =IF(N7=Uzman_D!$B$29,1,0) -> 0 | Q7: =IF(P7=Uzman_D!$B$30,1,0) -> 0 | S7: =IF(R7=Uzman_D!$B$31,1,0) -> 0 | U7: =IF(T7=Uzman_D!$B$32,1,0) -> 0 | W7: =IF(V7=Uzman_D!$B$33,1,0) -> 0 | X7: =(E7+G7+I7+K7+M7+O7+Q7+S7+U7+W7)/10 -> 0.1
A8: 5 | B8: =Hakemler!B8 -> BAŞKAN PERÇİN | C8: =Hakemler!C8 -> ÖZGE | E8: =IF(D8=Uzman_D!$B$24,1,0) -> 0 | G8: =IF(F8=Uzman_D!$B$25,1,0) -> 1 | I8: =IF(H8=Uzman_D!$B$26,1,0) -> 0 | K8: =IF(J8=Uzman_D!$B$27,1,0) -> 0 | M8: =IF(L8=Uzman_D!$B$28,1,0) -> 0 | O8: =IF(N8=Uzman_D!$B$29,1,0) -> 0 | Q8: =IF(P8=Uzman_D!$B$30,1,0) -> 0 | S8: =IF(R8=Uzman_D!$B$31,1,0) -> 0 | U8: =IF(T8=Uzman_D!$B$32,1,0) -> 0 | W8: =IF(V8=Uzman_D!$B$33,1,0) -> 0 | X8: =(E8+G8+I8+K8+M8+O8+Q8+S8+U8+W8)/10 -> 0.1
A9: 6 | B9: =Hakemler!B9 -> ŞEN İZMİRLİ | C9: =Hakemler!C9 -> SİNEM | E9: =IF(D9=Uzman_D!$B$24,1,0) -> 0 | G9: =IF(F9=Uzman_D!$B$25,1,0) -> 1 | I9: =IF(H9=Uzman_D!$B$26,1,0) -> 0 | K9: =IF(J9=Uzman_D!$B$27,1,0) -> 0 | M9: =IF(L9=Uzman_D!$B$28,1,0) -> 0 | O9: =IF(N9=Uzman_D!$B$29,1,0) -> 0 | Q9: =IF(P9=Uzman_D!$B$30,1,0) -> 0 | S9: =IF(R9=Uzman_D!$B$31,1,0) -> 0 | U9: =IF(T9=Uzman_D!$B$32,1,0) -> 0 | W9: =IF(V9=Uzman_D!$B$33,1,0) -> 0 | X9: =(E9+G9+I9+K9+M9+O9+Q9+S9+U9+W9)/10 -> 0.1
A10: 7 | B10: =Hakemler!B10 -> YILDIRIMER | C10: =Hakemler!C10 -> BUSE | E10: =IF(D10=Uzman_D!$B$24,1,0) -> 0 | G10: =IF(F10=Uzman_D!$B$25,1,0) -> 1 | I10: =IF(H10=Uzman_D!$B$26,1,0) -> 0 | K10: =IF(J10=Uzman_D!$B$27,1,0) -> 0 | M10: =IF(L10=Uzman_D!$B$28,1,0) -> 0 | O10: =IF(N10=Uzman_D!$B$29,1,0) -> 0 | Q10: =IF(P10=Uzman_D!$B$30,1,0) -> 0 | S10: =IF(R10=Uzman_D!$B$31,1,0) -> 0 | U10: =IF(T10=Uzman_D!$B$32,1,0) -> 0 | W10: =IF(V10=Uzman_D!$B$33,1,0) -> 0 | X10: =(E10+G10+I10+K10+M10+O10+Q10+S10+U10+W10)/10 -> 0.1
A11: 8 | B11: =Hakemler!B11 -> KESKİN | C11: =Hakemler!C11 -> ENFAL | E11: =IF(D11=Uzman_D!$B$24,1,0) -> 0 | G11: =IF(F11=Uzman_D!$B$25,1,0) -> 1 | I11: =IF(H11=Uzman_D!$B$26,1,0) -> 0 | K11: =IF(J11=Uzman_D!$B$27,1,0) -> 0 | M11: =IF(L11=Uzman_D!$B$28,1,0) -> 0 | O11: =IF(N11=Uzman_D!$B$29,1,0) -> 0 | Q11: =IF(P11=Uzman_D!$B$30,1,0) -> 0 | S11: =IF(R11=Uzman_D!$B$31,1,0) -> 0 | U11: =IF(T11=Uzman_D!$B$32,1,0) -> 0 | W11: =IF(V11=Uzman_D!$B$33,1,0) -> 0 | X11: =(E11+G11+I11+K11+M11+O11+Q11+S11+U11+W11)/10 -> 0.1
A12: 9 | B12: =Hakemler!B12 -> ÜNAL | C12: =Hakemler!C12 -> NAZLINEHİR | E12: =IF(D12=Uzman_D!$B$24,1,0) -> 0 | G12: =IF(F12=Uzman_D!$B$25,1,0) -> 1 | I12: =IF(H12=Uzman_D!$B$26,1,0) -> 0 | K12: =IF(J12=Uzman_D!$B$27,1,0) -> 0 | M12: =IF(L12=Uzman_D!$B$28,1,0) -> 0 | O12: =IF(N12=Uzman_D!$B$29,1,0) -> 0 | Q12: =IF(P12=Uzman_D!$B$30,1,0) -> 0 | S12: =IF(R12=Uzman_D!$B$31,1,0) -> 0 | U12: =IF(T12=Uzman_D!$B$32,1,0) -> 0 | W12: =IF(V12=Uzman_D!$B$33,1,0) -> 0 | X12: =(E12+G12+I12+K12+M12+O12+Q12+S12+U12+W12)/10 -> 0.1
A13: 10 | B13: =Hakemler!B13 -> ÜÇTAŞ ŞANLI | C13: =Hakemler!C13 -> GÖKSU | E13: =IF(D13=Uzman_D!$B$24,1,0) -> 0 | G13: =IF(F13=Uzman_D!$B$25,1,0) -> 1 | I13: =IF(H13=Uzman_D!$B$26,1,0) -> 0 | K13: =IF(J13=Uzman_D!$B$27,1,0) -> 0 | M13: =IF(L13=Uzman_D!$B$28,1,0) -> 0 | O13: =IF(N13=Uzman_D!$B$29,1,0) -> 0 | Q13: =IF(P13=Uzman_D!$B$30,1,0) -> 0 | S13: =IF(R13=Uzman_D!$B$31,1,0) -> 0 | U13: =IF(T13=Uzman_D!$B$32,1,0) -> 0 | W13: =IF(V13=Uzman_D!$B$33,1,0) -> 0 | X13: =(E13+G13+I13+K13+M13+O13+Q13+S13+U13+W13)/10 -> 0.1
A14: 11 | B14: =Hakemler!B14 -> YÜCEL | C14: =Hakemler!C14 -> SİBEL | E14: =IF(D14=Uzman_D!$B$24,1,0) -> 0 | G14: =IF(F14=Uzman_D!$B$25,1,0) -> 1 | I14: =IF(H14=Uzman_D!$B$26,1,0) -> 0 | K14: =IF(J14=Uzman_D!$B$27,1,0) -> 0 | M14: =IF(L14=Uzman_D!$B$28,1,0) -> 0 | O14: =IF(N14=Uzman_D!$B$29,1,0) -> 0 | Q14: =IF(P14=Uzman_D!$B$30,1,0) -> 0 | S14: =IF(R14=Uzman_D!$B$31,1,0) -> 0 | U14: =IF(T14=Uzman_D!$B$32,1,0) -> 0 | W14: =IF(V14=Uzman_D!$B$33,1,0) -> 0 | X14: =(E14+G14+I14+K14+M14+O14+Q14+S14+U14+W14)/10 -> 0.1
A15: 12 | B15: =Hakemler!B15 -> YILMAZER | C15: =Hakemler!C15 -> ZEHRA | E15: =IF(D15=Uzman_D!$B$24,1,0) -> 0 | G15: =IF(F15=Uzman_D!$B$25,1,0) -> 1 | I15: =IF(H15=Uzman_D!$B$26,1,0) -> 0 | K15: =IF(J15=Uzman_D!$B$27,1,0) -> 0 | M15: =IF(L15=Uzman_D!$B$28,1,0) -> 0 | O15: =IF(N15=Uzman_D!$B$29,1,0) -> 0 | Q15: =IF(P15=Uzman_D!$B$30,1,0) -> 0 | S15: =IF(R15=Uzman_D!$B$31,1,0) -> 0 | U15: =IF(T15=Uzman_D!$B$32,1,0) -> 0 | W15: =IF(V15=Uzman_D!$B$33,1,0) -> 0 | X15: =(E15+G15+I15+K15+M15+O15+Q15+S15+U15+W15)/10 -> 0.1
A16: 13 | B16: =Hakemler!B16 -> ŞAHİNTEKİN | C16: =Hakemler!C16 -> MUHAMMED | E16: =IF(D16=Uzman_D!$B$24,1,0) -> 0 | G16: =IF(F16=Uzman_D!$B$25,1,0) -> 1 | I16: =IF(H16=Uzman_D!$B$26,1,0) -> 0 | K16: =IF(J16=Uzman_D!$B$27,1,0) -> 0 | M16: =IF(L16=Uzman_D!$B$28,1,0) -> 0 | O16: =IF(N16=Uzman_D!$B$29,1,0) -> 0 | Q16: =IF(P16=Uzman_D!$B$30,1,0) -> 0 | S16: =IF(R16=Uzman_D!$B$31,1,0) -> 0 | U16: =IF(T16=Uzman_D!$B$32,1,0) -> 0 | W16: =IF(V16=Uzman_D!$B$33,1,0) -> 0 | X16: =(E16+G16+I16+K16+M16+O16+Q16+S16+U16+W16)/10 -> 0.1
A17: 14 | B17: =Hakemler!B17 -> ERKUT | C17: =Hakemler!C17 -> OYA | E17: =IF(D17=Uzman_D!$B$24,1,0) -> 0 | G17: =IF(F17=Uzman_D!$B$25,1,0) -> 1 | I17: =IF(H17=Uzman_D!$B$26,1,0) -> 0 | K17: =IF(J17=Uzman_D!$B$27,1,0) -> 0 | M17: =IF(L17=Uzman_D!$B$28,1,0) -> 0 | O17: =IF(N17=Uzman_D!$B$29,1,0) -> 0 | Q17: =IF(P17=Uzman_D!$B$30,1,0) -> 0 | S17: =IF(R17=Uzman_D!$B$31,1,0) -> 0 | U17: =IF(T17=Uzman_D!$B$32,1,0) -> 0 | W17: =IF(V17=Uzman_D!$B$33,1,0) -> 0 | X17: =(E17+G17+I17+K17+M17+O17+Q17+S17+U17+W17)/10 -> 0.1
... A23: 20 | B23: =Hakemler!B23 -> ÖNER AĞAN | C23: =Hakemler!C23 -> DERYA | E23: =IF(D23=Uzman_D!$B$24,1,0) -> 0 | G23: =IF(F23=Uzman_D!$B$25,1,0) -> 1 | I23: =IF(H23=Uzman_D!$B$26,1,0) -> 0 | K23: =IF(J23=Uzman_D!$B$27,1,0) -> 0 | M23: =IF(L23=Uzman_D!$B$28,1,0) -> 0 | O23: =IF(N23=Uzman_D!$B$29,1,0) -> 0 | Q23: =IF(P23=Uzman_D!$B$30,1,0) -> 0 | S23: =IF(R23=Uzman_D!$B$31,1,0) -> 0 | U23: =IF(T23=Uzman_D!$B$32,1,0) -> 0 | W23: =IF(V23=Uzman_D!$B$33,1,0) -> 0 | X23: =(E23+G23+I23+K23+M23+O23+Q23+S23+U23+W23)/10 -> 0.1
A24: 21 | B24: =Hakemler!B24 -> ABACI | C24: =Hakemler!C24 -> BUSE | D24: 3.4 | E24: =IF(D24=Uzman_D!$B$24,1,0) -> 0 | F24: 5 | G24: =IF(F24=Uzman_D!$B$25,1,0) -> 0 | H24: 4.2 | I24: =IF(H24=Uzman_D!$B$26,1,0) -> 0 | J24: 3.8 | K24: =IF(J24=Uzman_D!$B$27,1,0) -> 1 | L24: 4.6 | M24: =IF(L24=Uzman_D!$B$28,1,0) -> 0 | N24: 4.2 | O24: =IF(N24=Uzman_D!$B$29,1,0) -> 1 | P24: 3.2 | Q24: =IF(P24=Uzman_D!$B$30,1,0) -> 1 | R24: 4.4 | S24: =IF(R24=Uzman_D!$B$31,1,0) -> 1 | T24: 4.2 | U24: =IF(T24=Uzman_D!$B$32,1,0) -> 1 | V24: 3.8 | W24: =IF(V24=Uzman_D!$B$33,1,0) -> 0 | X24: =(E24+G24+I24+K24+M24+O24+Q24+S24+U24+W24)/10 -> 0.5
A25: 22 | B25: =Hakemler!B25 -> KARAKAŞ | C25: =Hakemler!C25 -> TAHİR | D25: 3.4 | E25: =IF(D25=Uzman_D!$B$24,1,0) -> 0 | F25: 0 | G25: =IF(F25=Uzman_D!$B$25,1,0) -> 1 | H25: 4.6 | I25: =IF(H25=Uzman_D!$B$26,1,0) -> 0 | J25: 3.8 | K25: =IF(J25=Uzman_D!$B$27,1,0) -> 1 | L25: 4.8 | M25: =IF(L25=Uzman_D!$B$28,1,0) -> 0 | N25: 4.2 | O25: =IF(N25=Uzman_D!$B$29,1,0) -> 1 | P25: 3.2 | Q25: =IF(P25=Uzman_D!$B$30,1,0) -> 1 | R25: 5 | S25: =IF(R25=Uzman_D!$B$31,1,0) -> 0 | T25: 4.4 | U25: =IF(T25=Uzman_D!$B$32,1,0) -> 0 | V25: 3.8 | W25: =IF(V25=Uzman_D!$B$33,1,0) -> 0 | X25: =(E25+G25+I25+K25+M25+O25+Q25+S25+U25+W25)/10 -> 0.4
A26: 23 | B26: =Hakemler!B26 -> SAVAŞ OK | C26: =Hakemler!C26 -> DİLAY | D26: 3.8 | E26: =IF(D26=Uzman_D!$B$24,1,0) -> 1 | F26: 4.8 | G26: =IF(F26=Uzman_D!$B$25,1,0) -> 0 | H26: 5.6 | I26: =IF(H26=Uzman_D!$B$26,1,0) -> 0 | J26: 3.8 | K26: =IF(J26=Uzman_D!$B$27,1,0) -> 1 | L26: 5.6 | M26: =IF(L26=Uzman_D!$B$28,1,0) -> 0 | N26: 4.2 | O26: =IF(N26=Uzman_D!$B$29,1,0) -> 1 | P26: 3.2 | Q26: =IF(P26=Uzman_D!$B$30,1,0) -> 1 | R26: 5.8 | S26: =IF(R26=Uzman_D!$B$31,1,0) -> 0 | T26: 4.2 | U26: =IF(T26=Uzman_D!$B$32,1,0) -> 1 | V26: 4.6 | W26: =IF(V26=Uzman_D!$B$33,1,0) -> 1 | X26: =(E26+G26+I26+K26+M26+O26+Q26+S26+U26+W26)/10 -> 0.6
A27: 24 | B27: =Hakemler!B27 -> AYDEMİR | C27: =Hakemler!C27 -> AYŞE DİLARA | D27: 5.2 | E27: =IF(D27=Uzman_D!$B$24,1,0) -> 0 | F27: 0 | G27: =IF(F27=Uzman_D!$B$25,1,0) -> 1 | H27: 5 | I27: =IF(H27=Uzman_D!$B$26,1,0) -> 1 | J27: 3.8 | K27: =IF(J27=Uzman_D!$B$27,1,0) -> 1 | L27: 5.6 | M27: =IF(L27=Uzman_D!$B$28,1,0) -> 0 | N27: 4.2 | O27: =IF(N27=Uzman_D!$B$29,1,0) -> 1 | P27: 3.2 | Q27: =IF(P27=Uzman_D!$B$30,1,0) -> 1 | R27: 4.4 | S27: =IF(R27=Uzman_D!$B$31,1,0) -> 1 | T27: 4.2 | U27: =IF(T27=Uzman_D!$B$32,1,0) -> 1 | V27: 4.6 | W27: =IF(V27=Uzman_D!$B$33,1,0) -> 1 | X27: =(E27+G27+I27+K27+M27+O27+Q27+S27+U27+W27)/10 -> 0.8
A28: 25 | B28: =Hakemler!B28 -> AKIN | C28: =Hakemler!C28 -> MANOLYA | D28: 3.4 | E28: =IF(D28=Uzman_D!$B$24,1,0) -> 0 | F28: 4.4 | G28: =IF(F28=Uzman_D!$B$25,1,0) -> 0 | H28: 4.2 | I28: =IF(H28=Uzman_D!$B$26,1,0) -> 0 | J28: 3.4 | K28: =IF(J28=Uzman_D!$B$27,1,0) -> 0 | L28: 5 | M28: =IF(L28=Uzman_D!$B$28,1,0) -> 0 | N28: 3.2 | O28: =IF(N28=Uzman_D!$B$29,1,0) -> 0 | P28: 3.2 | Q28: =IF(P28=Uzman_D!$B$30,1,0) -> 1 | R28: 4 | S28: =IF(R28=Uzman_D!$B$31,1,0) -> 0 | T28: 4.2 | U28: =IF(T28=Uzman_D!$B$32,1,0) -> 1 | V28: 5 | W28: =IF(V28=Uzman_D!$B$33,1,0) -> 0 | X28: =(E28+G28+I28+K28+M28+O28+Q28+S28+U28+W28)/10 -> 0.2
A29: 26 | B29: =Hakemler!B29 -> PINAR | C29: =Hakemler!C29 -> YELİZ | D29: 4.4 | E29: =IF(D29=Uzman_D!$B$24,1,0) -> 0 | F29: 4.6 | G29: =IF(F29=Uzman_D!$B$25,1,0) -> 0 | H29: 5 | I29: =IF(H29=Uzman_D!$B$26,1,0) -> 1 | J29: 3.8 | K29: =IF(J29=Uzman_D!$B$27,1,0) -> 1 | L29: 4.2 | M29: =IF(L29=Uzman_D!$B$28,1,0) -> 1 | N29: 4.2 | O29: =IF(N29=Uzman_D!$B$29,1,0) -> 1 | P29: 3.2 | Q29: =IF(P29=Uzman_D!$B$30,1,0) -> 1 | R29: 5 | S29: =IF(R29=Uzman_D!$B$31,1,0) -> 0 | T29: 4.2 | U29: =IF(T29=Uzman_D!$B$32,1,0) -> 1 | V29: 5 | W29: =IF(V29=Uzman_D!$B$33,1,0) -> 0 | X29: =(E29+G29+I29+K29+M29+O29+Q29+S29+U29+W29)/10 -> 0.6
A30: 27 | B30: =Hakemler!B30 -> KATRANCI | C30: =Hakemler!C30 -> AYŞEN | D30: 3.4 | E30: =IF(D30=Uzman_D!$B$24,1,0) -> 0 | F30: 0 | G30: =IF(F30=Uzman_D!$B$25,1,0) -> 1 | H30: 5 | I30: =IF(H30=Uzman_D!$B$26,1,0) -> 1 | J30: 3.8 | K30: =IF(J30=Uzman_D!$B$27,1,0) -> 1 | L30: 4.8 | M30: =IF(L30=Uzman_D!$B$28,1,0) -> 0 | N30: 4.2 | O30: =IF(N30=Uzman_D!$B$29,1,0) -> 1 | P30: 3.6 | Q30: =IF(P30=Uzman_D!$B$30,1,0) -> 0 | R30: 4.4 | S30: =IF(R30=Uzman_D!$B$31,1,0) -> 1 | T30: 4.2 | U30: =IF(T30=Uzman_D!$B$32,1,0) -> 1 | V30: 4.6 | W30: =IF(V30=Uzman_D!$B$33,1,0) -> 1 | X30: =(E30+G30+I30+K30+M30+O30+Q30+S30+U30+W30)/10 -> 0.7
A31: 28 | B31: =Hakemler!B31 -> GÜRKAN KİRAZ | C31: =Hakemler!C31 -> FULYA | D31: 3.4 | E31: =IF(D31=Uzman_D!$B$24,1,0) -> 0 | F31: 3.6 | G31: =IF(F31=Uzman_D!$B$25,1,0) -> 0 | H31: 4.2 | I31: =IF(H31=Uzman_D!$B$26,1,0) -> 0 | J31: 3.8 | K31: =IF(J31=Uzman_D!$B$27,1,0) -> 1 | L31: 4.8 | M31: =IF(L31=Uzman_D!$B$28,1,0) -> 0 | N31: 5.6 | O31: =IF(N31=Uzman_D!$B$29,1,0) -> 0 | P31: 4.2 | Q31: =IF(P31=Uzman_D!$B$30,1,0) -> 0 | R31: 5.8 | S31: =IF(R31=Uzman_D!$B$31,1,0) -> 0 | T31: 4.2 | U31: =IF(T31=Uzman_D!$B$32,1,0) -> 1 | V31: 3.6 | W31: =IF(V31=Uzman_D!$B$33,1,0) -> 0 | X31: =(E31+G31+I31+K31+M31+O31+Q31+S31+U31+W31)/10 -> 0.2
A32: 29 | B32: =Hakemler!B32 -> KILIÇ | C32: =Hakemler!C32 -> AYŞE | D32: 4.4 | E32: =IF(D32=Uzman_D!$B$24,1,0) -> 0 | F32: 3.8 | G32: =IF(F32=Uzman_D!$B$25,1,0) -> 0 | H32: 4.6 | I32: =IF(H32=Uzman_D!$B$26,1,0) -> 0 | J32: 4.6 | K32: =IF(J32=Uzman_D!$B$27,1,0) -> 0 | L32: 5.6 | M32: =IF(L32=Uzman_D!$B$28,1,0) -> 0 | N32: 4.8 | O32: =IF(N32=Uzman_D!$B$29,1,0) -> 0 | P32: 5 | Q32: =IF(P32=Uzman_D!$B$30,1,0) -> 0 | R32: 5.4 | S32: =IF(R32=Uzman_D!$B$31,1,0) -> 0 | T32: 4.4 | U32: =IF(T32=Uzman_D!$B$32,1,0) -> 0 | V32: 4.2 | W32: =IF(V32=Uzman_D!$B$33,1,0) -> 0 | X32: =(E32+G32+I32+K32+M32+O32+Q32+S32+U32+W32)/10 -> 0
A33: 30 | B33: =Hakemler!B33 -> ÖZGENLİK TATAR | C33: =Hakemler!C33 -> ARZU | D33: 3.8 | E33: =IF(D33=Uzman_D!$B$24,1,0) -> 1 | F33: 5 | G33: =IF(F33=Uzman_D!$B$25,1,0) -> 0 | H33: 5 | I33: =IF(H33=Uzman_D!$B$26,1,0) -> 1 | J33: 3.8 | K33: =IF(J33=Uzman_D!$B$27,1,0) -> 1 | L33: 5.6 | M33: =IF(L33=Uzman_D!$B$28,1,0) -> 0 | N33: 4.2 | O33: =IF(N33=Uzman_D!$B$29,1,0) -> 1 | P33: 3.2 | Q33: =IF(P33=Uzman_D!$B$30,1,0) -> 1 | R33: 5.4 | S33: =IF(R33=Uzman_D!$B$31,1,0) -> 0 | T33: 4.4 | U33: =IF(T33=Uzman_D!$B$32,1,0) -> 0 | V33: 4.6 | W33: =IF(V33=Uzman_D!$B$33,1,0) -> 1 | X33: =(E33+G33+I33+K33+M33+O33+Q33+S33+U33+W33)/10 -> 0.6
A34: 31 | B34: =Hakemler!B34 -> KARADENİZ | C34: =Hakemler!C34 -> EMEL | D34: 3.4 | E34: =IF(D34=Uzman_D!$B$24,1,0) -> 0 | F34: 4.4 | G34: =IF(F34=Uzman_D!$B$25,1,0) -> 0 | H34: 5 | I34: =IF(H34=Uzman_D!$B$26,1,0) -> 1 | J34: 3.8 | K34: =IF(J34=Uzman_D!$B$27,1,0) -> 1 | L34: 5.6 | M34: =IF(L34=Uzman_D!$B$28,1,0) -> 0 | N34: 3.6 | O34: =IF(N34=Uzman_D!$B$29,1,0) -> 0 | P34: 3.2 | Q34: =IF(P34=Uzman_D!$B$30,1,0) -> 1 | R34: 5 | S34: =IF(R34=Uzman_D!$B$31,1,0) -> 0 | T34: 3.8 | U34: =IF(T34=Uzman_D!$B$32,1,0) -> 0 | V34: 4.6 | W34: =IF(V34=Uzman_D!$B$33,1,0) -> 1 | X34: =(E34+G34+I34+K34+M34+O34+Q34+S34+U34+W34)/10 -> 0.4
A35: 32 | B35: =Hakemler!B35 -> TOYRAN | C35: =Hakemler!C35 -> SİNEM NUR | D35: 4.4 | E35: =IF(D35=Uzman_D!$B$24,1,0) -> 0 | F35: 5 | G35: =IF(F35=Uzman_D!$B$25,1,0) -> 0 | H35: 5 | I35: =IF(H35=Uzman_D!$B$26,1,0) -> 1 | J35: 4.4 | K35: =IF(J35=Uzman_D!$B$27,1,0) -> 0 | L35: 4.8 | M35: =IF(L35=Uzman_D!$B$28,1,0) -> 0 | N35: 4.2 | O35: =IF(N35=Uzman_D!$B$29,1,0) -> 1 | P35: 3.6 | Q35: =IF(P35=Uzman_D!$B$30,1,0) -> 0 | R35: 5 | S35: =IF(R35=Uzman_D!$B$31,1,0) -> 0 | T35: 4 | U35: =IF(T35=Uzman_D!$B$32,1,0) -> 0 | V35: 4.6 | W35: =IF(V35=Uzman_D!$B$33,1,0) -> 1 | X35: =(E35+G35+I35+K35+M35+O35+Q35+S35+U35+W35)/10 -> 0.3
... A49: 46 | B49: =Hakemler!B49 -> EDE | C49: =Hakemler!C49 -> İHSAN | D49: 2.5 | E49: =IF(D49=Uzman_D!$B$24,1,0) -> 0 | F49: 4.2 | G49: =IF(F49=Uzman_D!$B$25,1,0) -> 0 | H49: 3.2 | I49: =IF(H49=Uzman_D!$B$26,1,0) -> 0 | J49: 2.5 | K49: =IF(J49=Uzman_D!$B$27,1,0) -> 0 | L49: 3 | M49: =IF(L49=Uzman_D!$B$28,1,0) -> 0 | N49: 4 | O49: =IF(N49=Uzman_D!$B$29,1,0) -> 0 | P49: 2.5 | Q49: =IF(P49=Uzman_D!$B$30,1,0) -> 0 | R49: 4 | S49: =IF(R49=Uzman_D!$B$31,1,0) -> 0 | T49: 3.5 | U49: =IF(T49=Uzman_D!$B$32,1,0) -> 0 | V49: 4 | W49: =IF(V49=Uzman_D!$B$33,1,0) -> 0 | X49: =(E49+G49+I49+K49+M49+O49+Q49+S49+U49+W49)/10 -> 0
A50: 47 | B50: =Hakemler!B50 -> 0 | C50: =Hakemler!C50 -> 0 | E50: =IF(D50=Uzman_D!$B$24,1,0) -> 0 | G50: =IF(F50=Uzman_D!$B$25,1,0) -> 1 | I50: =IF(H50=Uzman_D!$B$26,1,0) -> 0 | K50: =IF(J50=Uzman_D!$B$27,1,0) -> 0 | M50: =IF(L50=Uzman_D!$B$28,1,0) -> 0 | O50: =IF(N50=Uzman_D!$B$29,1,0) -> 0 | Q50: =IF(P50=Uzman_D!$B$30,1,0) -> 0 | S50: =IF(R50=Uzman_D!$B$31,1,0) -> 0 | U50: =IF(T50=Uzman_D!$B$32,1,0) -> 0 | W50: =IF(V50=Uzman_D!$B$33,1,0) -> 0 | X50: =(E50+G50+I50+K50+M50+O50+Q50+S50+U50+W50)/10 -> 0.1
A51: 48 | B51: =Hakemler!B51 -> 0 | C51: =Hakemler!C51 -> 0 | E51: =IF(D51=Uzman_D!$B$24,1,0) -> 0 | G51: =IF(F51=Uzman_D!$B$25,1,0) -> 1 | I51: =IF(H51=Uzman_D!$B$26,1,0) -> 0 | K51: =IF(J51=Uzman_D!$B$27,1,0) -> 0 | M51: =IF(L51=Uzman_D!$B$28,1,0) -> 0 | O51: =IF(N51=Uzman_D!$B$29,1,0) -> 0 | Q51: =IF(P51=Uzman_D!$B$30,1,0) -> 0 | S51: =IF(R51=Uzman_D!$B$31,1,0) -> 0 | U51: =IF(T51=Uzman_D!$B$32,1,0) -> 0 | W51: =IF(V51=Uzman_D!$B$33,1,0) -> 0 | X51: =(E51+G51+I51+K51+M51+O51+Q51+S51+U51+W51)/10 -> 0.1
A52: 49 | B52: =Hakemler!B52 -> 0 | C52: =Hakemler!C52 -> 0 | E52: =IF(D52=Uzman_D!$B$24,1,0) -> 0 | G52: =IF(F52=Uzman_D!$B$25,1,0) -> 1 | I52: =IF(H52=Uzman_D!$B$26,1,0) -> 0 | K52: =IF(J52=Uzman_D!$B$27,1,0) -> 0 | M52: =IF(L52=Uzman_D!$B$28,1,0) -> 0 | O52: =IF(N52=Uzman_D!$B$29,1,0) -> 0 | Q52: =IF(P52=Uzman_D!$B$30,1,0) -> 0 | S52: =IF(R52=Uzman_D!$B$31,1,0) -> 0 | U52: =IF(T52=Uzman_D!$B$32,1,0) -> 0 | W52: =IF(V52=Uzman_D!$B$33,1,0) -> 0 | X52: =(E52+G52+I52+K52+M52+O52+Q52+S52+U52+W52)/10 -> 0.1
A53: 50 | B53: =Hakemler!B53 -> 0 | C53: =Hakemler!C53 -> 0 | E53: =IF(D53=Uzman_D!$B$24,1,0) -> 0 | G53: =IF(F53=Uzman_D!$B$25,1,0) -> 1 | I53: =IF(H53=Uzman_D!$B$26,1,0) -> 0 | K53: =IF(J53=Uzman_D!$B$27,1,0) -> 0 | M53: =IF(L53=Uzman_D!$B$28,1,0) -> 0 | O53: =IF(N53=Uzman_D!$B$29,1,0) -> 0 | Q53: =IF(P53=Uzman_D!$B$30,1,0) -> 0 | S53: =IF(R53=Uzman_D!$B$31,1,0) -> 0 | U53: =IF(T53=Uzman_D!$B$32,1,0) -> 0 | W53: =IF(V53=Uzman_D!$B$33,1,0) -> 0 | X53: =(E53+G53+I53+K53+M53+O53+Q53+S53+U53+W53)/10 -> 0.1
A54: 51 | B54: =Hakemler!B54 -> 0 | C54: =Hakemler!C54 -> 0 | E54: =IF(D54=Uzman_D!$B$24,1,0) -> 0 | G54: =IF(F54=Uzman_D!$B$25,1,0) -> 1 | I54: =IF(H54=Uzman_D!$B$26,1,0) -> 0 | K54: =IF(J54=Uzman_D!$B$27,1,0) -> 0 | M54: =IF(L54=Uzman_D!$B$28,1,0) -> 0 | O54: =IF(N54=Uzman_D!$B$29,1,0) -> 0 | Q54: =IF(P54=Uzman_D!$B$30,1,0) -> 0 | S54: =IF(R54=Uzman_D!$B$31,1,0) -> 0 | U54: =IF(T54=Uzman_D!$B$32,1,0) -> 0 | W54: =IF(V54=Uzman_D!$B$33,1,0) -> 0 | X54: =(E54+G54+I54+K54+M54+O54+Q54+S54+U54+W54)/10 -> 0.1
A55: 52 | B55: =Hakemler!B55 -> 0 | C55: =Hakemler!C55 -> 0 | E55: =IF(D55=Uzman_D!$B$24,1,0) -> 0 | G55: =IF(F55=Uzman_D!$B$25,1,0) -> 1 | I55: =IF(H55=Uzman_D!$B$26,1,0) -> 0 | K55: =IF(J55=Uzman_D!$B$27,1,0) -> 0 | M55: =IF(L55=Uzman_D!$B$28,1,0) -> 0 | O55: =IF(N55=Uzman_D!$B$29,1,0) -> 0 | Q55: =IF(P55=Uzman_D!$B$30,1,0) -> 0 | S55: =IF(R55=Uzman_D!$B$31,1,0) -> 0 | U55: =IF(T55=Uzman_D!$B$32,1,0) -> 0 | W55: =IF(V55=Uzman_D!$B$33,1,0) -> 0 | X55: =(E55+G55+I55+K55+M55+O55+Q55+S55+U55+W55)/10 -> 0.1
A56: 53 | B56: =Hakemler!B56 -> 0 | C56: =Hakemler!C56 -> 0 | E56: =IF(D56=Uzman_D!$B$24,1,0) -> 0 | G56: =IF(F56=Uzman_D!$B$25,1,0) -> 1 | I56: =IF(H56=Uzman_D!$B$26,1,0) -> 0 | K56: =IF(J56=Uzman_D!$B$27,1,0) -> 0 | M56: =IF(L56=Uzman_D!$B$28,1,0) -> 0 | O56: =IF(N56=Uzman_D!$B$29,1,0) -> 0 | Q56: =IF(P56=Uzman_D!$B$30,1,0) -> 0 | S56: =IF(R56=Uzman_D!$B$31,1,0) -> 0 | U56: =IF(T56=Uzman_D!$B$32,1,0) -> 0 | W56: =IF(V56=Uzman_D!$B$33,1,0) -> 0 | X56: =(E56+G56+I56+K56+M56+O56+Q56+S56+U56+W56)/10 -> 0.1
A57: 54 | B57: =Hakemler!B57 -> 0 | C57: =Hakemler!C57 -> 0 | E57: =IF(D57=Uzman_D!$B$24,1,0) -> 0 | G57: =IF(F57=Uzman_D!$B$25,1,0) -> 1 | I57: =IF(H57=Uzman_D!$B$26,1,0) -> 0 | K57: =IF(J57=Uzman_D!$B$27,1,0) -> 0 | M57: =IF(L57=Uzman_D!$B$28,1,0) -> 0 | O57: =IF(N57=Uzman_D!$B$29,1,0) -> 0 | Q57: =IF(P57=Uzman_D!$B$30,1,0) -> 0 | S57: =IF(R57=Uzman_D!$B$31,1,0) -> 0 | U57: =IF(T57=Uzman_D!$B$32,1,0) -> 0 | W57: =IF(V57=Uzman_D!$B$33,1,0) -> 0 | X57: =(E57+G57+I57+K57+M57+O57+Q57+S57+U57+W57)/10 -> 0.1
A58: 55 | B58: =Hakemler!B58 -> 0 | C58: =Hakemler!C58 -> 0 | E58: =IF(D58=Uzman_D!$B$24,1,0) -> 0 | G58: =IF(F58=Uzman_D!$B$25,1,0) -> 1 | I58: =IF(H58=Uzman_D!$B$26,1,0) -> 0 | K58: =IF(J58=Uzman_D!$B$27,1,0) -> 0 | M58: =IF(L58=Uzman_D!$B$28,1,0) -> 0 | O58: =IF(N58=Uzman_D!$B$29,1,0) -> 0 | Q58: =IF(P58=Uzman_D!$B$30,1,0) -> 0 | S58: =IF(R58=Uzman_D!$B$31,1,0) -> 0 | U58: =IF(T58=Uzman_D!$B$32,1,0) -> 0 | W58: =IF(V58=Uzman_D!$B$33,1,0) -> 0 | X58: =(E58+G58+I58+K58+M58+O58+Q58+S58+U58+W58)/10 -> 0.1
A59: 56 | B59: =Hakemler!B59 -> 0 | C59: =Hakemler!C59 -> 0 | E59: =IF(D59=Uzman_D!$B$24,1,0) -> 0 | G59: =IF(F59=Uzman_D!$B$25,1,0) -> 1 | I59: =IF(H59=Uzman_D!$B$26,1,0) -> 0 | K59: =IF(J59=Uzman_D!$B$27,1,0) -> 0 | M59: =IF(L59=Uzman_D!$B$28,1,0) -> 0 | O59: =IF(N59=Uzman_D!$B$29,1,0) -> 0 | Q59: =IF(P59=Uzman_D!$B$30,1,0) -> 0 | S59: =IF(R59=Uzman_D!$B$31,1,0) -> 0 | U59: =IF(T59=Uzman_D!$B$32,1,0) -> 0 | W59: =IF(V59=Uzman_D!$B$33,1,0) -> 0 | X59: =(E59+G59+I59+K59+M59+O59+Q59+S59+U59+W59)/10 -> 0.1
A60: 57 | B60: =Hakemler!B60 -> 0 | C60: =Hakemler!C60 -> 0 | E60: =IF(D60=Uzman_D!$B$24,1,0) -> 0 | G60: =IF(F60=Uzman_D!$B$25,1,0) -> 1 | I60: =IF(H60=Uzman_D!$B$26,1,0) -> 0 | K60: =IF(J60=Uzman_D!$B$27,1,0) -> 0 | M60: =IF(L60=Uzman_D!$B$28,1,0) -> 0 | O60: =IF(N60=Uzman_D!$B$29,1,0) -> 0 | Q60: =IF(P60=Uzman_D!$B$30,1,0) -> 0 | S60: =IF(R60=Uzman_D!$B$31,1,0) -> 0 | U60: =IF(T60=Uzman_D!$B$32,1,0) -> 0 | W60: =IF(V60=Uzman_D!$B$33,1,0) -> 0 | X60: =(E60+G60+I60+K60+M60+O60+Q60+S60+U60+W60)/10 -> 0.1
A61: 58 | B61: =Hakemler!B61 -> 0 | C61: =Hakemler!C61 -> 0 | E61: =IF(D61=Uzman_D!$B$24,1,0) -> 0 | G61: =IF(F61=Uzman_D!$B$25,1,0) -> 1 | I61: =IF(H61=Uzman_D!$B$26,1,0) -> 0 | K61: =IF(J61=Uzman_D!$B$27,1,0) -> 0 | M61: =IF(L61=Uzman_D!$B$28,1,0) -> 0 | O61: =IF(N61=Uzman_D!$B$29,1,0) -> 0 | Q61: =IF(P61=Uzman_D!$B$30,1,0) -> 0 | S61: =IF(R61=Uzman_D!$B$31,1,0) -> 0 | U61: =IF(T61=Uzman_D!$B$32,1,0) -> 0 | W61: =IF(V61=Uzman_D!$B$33,1,0) -> 0 | X61: =(E61+G61+I61+K61+M61+O61+Q61+S61+U61+W61)/10 -> 0.1
... A103: 100 | B103: =Hakemler!B103 -> 0 | C103: =Hakemler!C103 -> 0 | E103: =IF(D103=Uzman_D!$B$24,1,0) -> 0 | G103: =IF(F103=Uzman_D!$B$25,1,0) -> 1 | I103: =IF(H103=Uzman_D!$B$26,1,0) -> 0 | K103: =IF(J103=Uzman_D!$B$27,1,0) -> 0 | M103: =IF(L103=Uzman_D!$B$28,1,0) -> 0 | O103: =IF(N103=Uzman_D!$B$29,1,0) -> 0 | Q103: =IF(P103=Uzman_D!$B$30,1,0) -> 0 | S103: =IF(R103=Uzman_D!$B$31,1,0) -> 0 | U103: =IF(T103=Uzman_D!$B$32,1,0) -> 0 | W103: =IF(V103=Uzman_D!$B$33,1,0) -> 0 | X103: =(E103+G103+I103+K103+M103+O103+Q103+S103+U103+W103)/10 -> 0.1

Sheet AtM_E
A1: ATLAMA MASASI - E Puanı
A2: No. | B2: Soyadı | C2: Adı | D2: E1 | G2: E2 | J2: E3 | M2: E4 | P2: E5
D3: E1 | E3: Hata | F3: P | G3: E2 | H3: Hata | I3: P | J3: E3 | K3: Hata | L3: P | M3: E4 | N3: Hata | O3: P | P3: E5 | Q3: Hata | R3: P | S3: Ortalama
A4: 1 | B4: =Hakemler!B4 -> YAZICI | C4: =Hakemler!C4 -> SUZAN | D4: 1.6 | E4: =IF(ISBLANK(D4),0,ABS(Uzman_E!A$4-D4)) -> 0.2 | F4: =IF(ISBLANK(D4),0,INDEX(Tablo_E!$B$2:$CX$102,MATCH(ROUND(Uzman_E!A$4,1),Tablo_E!$A$2:$A$102,1),MATCH(ROUND(E4,1),Tablo_E!$B$1:$CX$1,1))) -> 1 | G4: 1.8 | H4: =IF(ISBLANK(G4),0,ABS(Uzman_E!B$4-G4)) -> 0.5 | I4: =IF(ISBLANK(G4),0,INDEX(Tablo_E!$B$2:$CX$102,MATCH(ROUND(Uzman_E!B$4,1),Tablo_E!$A$2:$A$102,1),MATCH(ROUND(H4,1),Tablo_E!$B$1:$CX$1,1))) -> 0.85 | J4: 1.3 | K4: =IF(ISBLANK(J4),0,ABS(Uzman_E!C$4-J4)) -> 0.2 | L4: =IF(ISBLANK(J4),0,INDEX(Tablo_E!$B$2:$CX$102,MATCH(ROUND(Uzman_E!C$4,1),Tablo_E!$A$2:$A$102,1),MATCH(ROUND(K4,1),Tablo_E!$B$1:$CX$1,1))) -> 1 | M4: 1 | N4: =IF(ISBLANK(M4),0,ABS(Uzman_E!D$4-M4)) -> 0.2 | O4: =IF(ISBLANK(M4),0,INDEX(Tablo_E!$B$2:$CX$102,MATCH(ROUND(Uzman_E!D$4,1),Tablo_E!$A$2:$A$102,1),MATCH(ROUND(N4,1),Tablo_E!$B$1:$CX$1,1))) -> 1 | P4: 0.8 | Q4: =IF(ISBLANK(P4),0,ABS(Uzman_E!E$4-P4)) -> 0.2 | R4: =IF(ISBLANK(P4),0,INDEX(Tablo_E!$B$2:$CX$102,MATCH(ROUND(Uzman_E!B$4,1),Tablo_E!$A$2:$A$102,1),MATCH(ROUND(Q4,1),Tablo_E!$B$1:$CX$1,1))) -> 1 | S4: =(F4+I4+L4+O4+R4)/5 -> 0.97
A5: 2 | B5: =Hakemler!B5 -> ASLAN | C5: =Hakemler!C5 -> SEMA FİDEL | D5: 1 | E5: =IF(ISBLANK(D5),0,ABS(Uzman_E!A$4-D5)) -> 0.4 | F5: =IF(ISBLANK(D5),0,INDEX(Tablo_E!$B$2:$CX$102,MATCH(ROUND(Uzman_E!A$4,1),Tablo_E!$A$2:$A$102,1),MATCH(ROUND(E5,1),Tablo_E!$B$1:$CX$1,1))) -> 0.8 | H5: =IF(ISBLANK(G5),0,ABS(Uzman_E!B$4-G5)) -> 0 | I5: =IF(ISBLANK(G5),0,INDEX(Tablo_E!$B$2:$CX$102,MATCH(ROUND(Uzman_E!B$4,1),Tablo_E!$A$2:$A$102,1),MATCH(ROUND(H5,1),Tablo_E!$B$1:$CX$1,1))) -> 0 | K5: =IF(ISBLANK(J5),0,ABS(Uzman_E!C$4-J5)) -> 0 | L5: =IF(ISBLANK(J5),0,INDEX(Tablo_E!$B$2:$CX$102,MATCH(ROUND(Uzman_E!C$4,1),Tablo_E!$A$2:$A$102,1),MATCH(ROUND(K5,1),Tablo_E!$B$1:$CX$1,1))) -> 0 | N5: =IF(ISBLANK(M5),0,ABS(Uzman_E!D$4-M5)) -> 0 | O5: =IF(ISBLANK(M5),0,INDEX(Tablo_E!$B$2:$CX$102,MATCH(ROUND(Uzman_E!D$4,1),Tablo_E!$A$2:$A$102,1),MATCH(ROUND(N5,1),Tablo_E!$B$1:$CX$1,1))) -> 0 | P5: 1 | Q5: =IF(ISBLANK(P5),0,ABS(Uzman_E!E$4-P5)) -> 0 | R5: =IF(ISBLANK(P5),0,INDEX(Tablo_E!$B$2:$CX$102,MATCH(ROUND(Uzman_E!B$4,1),Tablo_E!$A$2:$A$102,1),MATCH(ROUND(Q5,1),Tablo_E!$B$1:$CX$1,1))) -> 1 | S5: =(F5+I5+L5+O5+R5)/5 -> 0.36
A6: 3 | B6: =Hakemler!B6 -> TUNA | C6: =Hakemler!C6 -> MUNİSE | E6: =IF(ISBLANK(D6),0,ABS(Uzman_E!A$4-D6)) -> 0 | F6: =IF(ISBLANK(D6),0,INDEX(Tablo_E!$B$2:$CX$102,MATCH(ROUND(Uzman_E!A$4,1),Tablo_E!$A$2:$A$102,1),MATCH(ROUND(E6,1),Tablo_E!$B$1:$CX$1,1))) -> 0 | H6: =IF(ISBLANK(G6),0,ABS(Uzman_E!B$4-G6)) -> 0 | I6: =IF(ISBLANK(G6),0,INDEX(Tablo_E!$B$2:$CX$102,MATCH(ROUND(Uzman_E!B$4,1),Tablo_E!$A$2:$A$102,1),MATCH(ROUND(H6,1),Tablo_E!$B$1:$CX$1,1))) -> 0 | J6: 3 | K6: =IF(ISBLANK(J6),0,ABS(Uzman_E!C$4-J6)) -> 1.9 | L6: =IF(ISBLANK(J6),0,INDEX(Tablo_E!$B$2:$CX$102,MATCH(ROUND(Uzman_E!C$4,1),Tablo_E!$A$2:$A$102,1),MATCH(ROUND(K6,1),Tablo_E!$B$1:$CX$1,1))) -> 0 | N6: =IF(ISBLANK(M6),0,ABS(Uzman_E!D$4-M6)) -> 0 | O6: =IF(ISBLANK(M6),0,INDEX(Tablo_E!$B$2:$CX$102,MATCH(ROUND(Uzman_E!D$4,1),Tablo_E!$A$2:$A$102,1),MATCH(ROUND(N6,1),Tablo_E!$B$1:$CX$1,1))) -> 0 | P6: 1.2 | Q6: =IF(ISBLANK(P6),0,ABS(Uzman_E!E$4-P6)) -> 0.2 | R6: =IF(ISBLANK(P6),0,INDEX(Tablo_E!$B$2:$CX$102,MATCH(ROUND(Uzman_E!B$4,1),Tablo_E!$A$2:$A$102,1),MATCH(ROUND(Q6,1),Tablo_E!$B$1:$CX$1,1))) -> 1 | S6: =(F6+I6+L6+O6+R6)/5 -> 0.2
A7: 4 | B7: =Hakemler!B7 -> ÜNAL | C7: =Hakemler!C7 -> FATMA HANIM | E7: =IF(ISBLANK(D7),0,ABS(Uzman_E!A$4-D7)) -> 0 | F7: =IF(ISBLANK(D7),0,INDEX(Tablo_E!$B$2:$CX$102,MATCH(ROUND(Uzman_E!A$4,1),Tablo_E!$A$2:$A$102,1),MATCH(ROUND(E7,1),Tablo_E!$B$1:$CX$1,1))) -> 0 | G7: 2 | H7: =IF(ISBLANK(G7),0,ABS(Uzman_E!B$4-G7)) -> 0.3 | I7: =IF(ISBLANK(G7),0,INDEX(Tablo_E!$B$2:$CX$102,MATCH(ROUND(Uzman_E!B$4,1),Tablo_E!$A$2:$A$102,1),MATCH(ROUND(H7,1),Tablo_E!$B$1:$CX$1,1))) -> 1 | J7: 2 | K7: =IF(ISBLANK(J7),0,ABS(Uzman_E!C$4-J7)) -> 0.9 | L7: =IF(ISBLANK(J7),0,INDEX(Tablo_E!$B$2:$CX$102,MATCH(ROUND(Uzman_E!C$4,1),Tablo_E!$A$2:$A$102,1),MATCH(ROUND(K7,1),Tablo_E!$B$1:$CX$1,1))) -> 0.3 | N7: =IF(ISBLANK(M7),0,ABS(Uzman_E!D$4-M7)) -> 0 | O7: =IF(ISBLANK(M7),0,INDEX(Tablo_E!$B$2:$CX$102,MATCH(ROUND(Uzman_E!D$4,1),Tablo_E!$A$2:$A$102,1),MATCH(ROUND(N7,1),Tablo_E!$B$1:$CX$1,1))) -> 0 | P7: 1.4 | Q7: =IF(ISBLANK(P7),0,ABS(Uzman_E!E$4-P7)) -> 0.4 | R7: =IF(ISBLANK(P7),0,INDEX(Tablo_E!$B$2:$CX$102,MATCH(ROUND(Uzman_E!B$4,1),Tablo_E!$A$2:$A$102,1),MATCH(ROUND(Q7,1),Tablo_E!$B$1:$CX$1,1))) -> 0.95 | S7: =(F7+I7+L7+O7+R7)/5 -> 0.45
A8: 5 | B8: =Hakemler!B8 -> BAŞKAN PERÇİN | C8: =Hakemler!C8 -> ÖZGE | E8: =IF(ISBLANK(D8),0,ABS(Uzman_E!A$4-D8)) -> 0 | F8: =IF(ISBLANK(D8),0,INDEX(Tablo_E!$B$2:$CX$102,MATCH(ROUND(Uzman_E!A$4,1),Tablo_E!$A$2:$A$102,1),MATCH(ROUND(E8,1),Tablo_E!$B$1:$CX$1,1))) -> 0 | G8: 1.2 | H8: =IF(ISBLANK(G8),0,ABS(Uzman_E!B$4-G8)) -> 1.1 | I8: =IF(ISBLANK(G8),0,INDEX(Tablo_E!$B$2:$CX$102,MATCH(ROUND(Uzman_E!B$4,1),Tablo_E!$A$2:$A$102,1),MATCH(ROUND(H8,1),Tablo_E!$B$1:$CX$1,1))) -> 0.3 | J8: 1 | K8: =IF(ISBLANK(J8),0,ABS(Uzman_E!C$4-J8)) -> 0.1 | L8: =IF(ISBLANK(J8),0,INDEX(Tablo_E!$B$2:$CX$102,MATCH(ROUND(Uzman_E!C$4,1),Tablo_E!$A$2:$A$102,1),MATCH(ROUND(K8,1),Tablo_E!$B$1:$CX$1,1))) -> 1 | N8: =IF(ISBLANK(M8),0,ABS(Uzman_E!D$4-M8)) -> 0 | O8: =IF(ISBLANK(M8),0,INDEX(Tablo_E!$B$2:$CX$102,MATCH(ROUND(Uzman_E!D$4,1),Tablo_E!$A$2:$A$102,1),MATCH(ROUND(N8,1),Tablo_E!$B$1:$CX$1,1))) -> 0 | Q8: =IF(ISBLANK(P8),0,ABS(Uzman_E!E$4-P8)) -> 0 | R8: =IF(ISBLANK(P8),0,INDEX(Tablo_E!$B$2:$CX$102,MATCH(ROUND(Uzman_E!B$4,1),Tablo_E!$A$2:$A$102,1),MATCH(ROUND(Q8,1),Tablo_E!$B$1:$CX$1,1))) -> 0 | S8: =(F8+I8+L8+O8+R8)/5 -> 0.26
A9: 6 | B9: =Hakemler!B9 -> ŞEN İZMİRLİ | C9: =Hakemler!C9 -> SİNEM | E9: =IF(ISBLANK(D9),0,ABS(Uzman_E!A$4-D9)) -> 0 | F9: =IF(ISBLANK(D9),0,INDEX(Tablo_E!$B$2:$CX$102,MATCH(ROUND(Uzman_E!A$4,1),Tablo_E!$A$2:$A$102,1),MATCH(ROUND(E9,1),Tablo_E!$B$1:$CX$1,1))) -> 0 | G9: 1 | H9: =IF(ISBLANK(G9),0,ABS(Uzman_E!B$4-G9)) -> 1.3 | I9: =IF(ISBLANK(G9),0,INDEX(Tablo_E!$B$2:$CX$102,MATCH(ROUND(Uzman_E!B$4,1),Tablo_E!$A$2:$A$102,1),MATCH(ROUND(H9,1),Tablo_E!$B$1:$CX$1,1))) -> 0.1 | J9: 5 | K9: =IF(ISBLANK(J9),0,ABS(Uzman_E!C$4-J9)) -> 3.9 | L9: =IF(ISBLANK(J9),0,INDEX(Tablo_E!$B$2:$CX$102,MATCH(ROUND(Uzman_E!C$4,1),Tablo_E!$A$2:$A$102,1),MATCH(ROUND(K9,1),Tablo_E!$B$1:$CX$1,1))) -> 0 | N9: =IF(ISBLANK(M9),0,ABS(Uzman_E!D$4-M9)) -> 0 | O9: =IF(ISBLANK(M9),0,INDEX(Tablo_E!$B$2:$CX$102,MATCH(ROUND(Uzman_E!D$4,1),Tablo_E!$A$2:$A$102,1),MATCH(ROUND(N9,1),Tablo_E!$B$1:$CX$1,1))) -> 0 | Q9: =IF(ISBLANK(P9),0,ABS(Uzman_E!E$4-P9)) -> 0 | R9: =IF(ISBLANK(P9),0,INDEX(Tablo_E!$B$2:$CX$102,MATCH(ROUND(Uzman_E!B$4,1),Tablo_E!$A$2:$A$102,1),MATCH(ROUND(Q9,1),Tablo_E!$B$1:$CX$1,1))) -> 0 | S9: =(F9+I9+L9+O9+R9)/5 -> 0.02
A10: 7 | B10: =Hakemler!B10 -> YILDIRIMER | C10: =Hakemler!C10 -> BUSE | E10: =IF(ISBLANK(D10),0,ABS(Uzman_E!A$4-D10)) -> 0 | F10: =IF(ISBLANK(D10),0,INDEX(Tablo_E!$B$2:$CX$102,MATCH(ROUND(Uzman_E!A$4,1),Tablo_E!$A$2:$A$102,1),MATCH(ROUND(E10,1),Tablo_E!$B$1:$CX$1,1))) -> 0 | G10: 1.5 | H10: =IF(ISBLANK(G10),0,ABS(Uzman_E!B$4-G10)) -> 0.8 | I10: =IF(ISBLANK(G10),0,INDEX(Tablo_E!$B$2:$CX$102,MATCH(ROUND(Uzman_E!B$4,1),Tablo_E!$A$2:$A$102,1),MATCH(ROUND(H10,1),Tablo_E!$B$1:$CX$1,1))) -> 0.6 | J10: 4 | K10: =IF(ISBLANK(J10),0,ABS(Uzman_E!C$4-J10)) -> 2.9 | L10: =IF(ISBLANK(J10),0,INDEX(Tablo_E!$B$2:$CX$102,MATCH(ROUND(Uzman_E!C$4,1),Tablo_E!$A$2:$A$102,1),MATCH(ROUND(K10,1),Tablo_E!$B$1:$CX$1,1))) -> 0 | N10: =IF(ISBLANK(M10),0,ABS(Uzman_E!D$4-M10)) -> 0 | O10: =IF(ISBLANK(M10),0,INDEX(Tablo_E!$B$2:$CX$102,MATCH(ROUND(Uzman_E!D$4,1),Tablo_E!$A$2:$A$102,1),MATCH(ROUND(N10,1),Tablo_E!$B$1:$CX$1,1))) -> 0 | Q10: =IF(ISBLANK(P10),0,ABS(Uzman_E!E$4-P10)) -> 0 | R10: =IF(ISBLANK(P10),0,INDEX(Tablo_E!$B$2:$CX$102,MATCH(ROUND(Uzman_E!B$4,1),Tablo_E!$A$2:$A$102,1),MATCH(ROUND(Q10,1),Tablo_E!$B$1:$CX$1,1))) -> 0 | S10: =(F10+I10+L10+O10+R10)/5 -> 0.12
A11: 8 | B11: =Hakemler!B11 -> KESKİN | C11: =Hakemler!C11 -> ENFAL | E11: =IF(ISBLANK(D11),0,ABS(Uzman_E!A$4-D11)) -> 0 | F11: =IF(ISBLANK(D11),0,INDEX(Tablo_E!$B$2:$CX$102,MATCH(ROUND(Uzman_E!A$4,1),Tablo_E!$A$2:$A$102,1),MATCH(ROUND(E11,1),Tablo_E!$B$1:$CX$1,1))) -> 0 | H11: =IF(ISBLANK(G11),0,ABS(Uzman_E!B$4-G11)) -> 0 | I11: =IF(ISBLANK(G11),0,INDEX(Tablo_E!$B$2:$CX$102,MATCH(ROUND(Uzman_E!B$4,1),Tablo_E!$A$2:$A$102,1),MATCH(ROUND(H11,1),Tablo_E!$B$1:$CX$1,1))) -> 0 | K11: =IF(ISBLANK(J11),0,ABS(Uzman_E!C$4-J11)) -> 0 | L11: =IF(ISBLANK(J11),0,INDEX(Tablo_E!$B$2:$CX$102,MATCH(ROUND(Uzman_E!C$4,1),Tablo_E!$A$2:$A$102,1),MATCH(ROUND(K11,1),Tablo_E!$B$1:$CX$1,1))) -> 0 | N11: =IF(ISBLANK(M11),0,ABS(Uzman_E!D$4-M11)) -> 0 | O11: =IF(ISBLANK(M11),0,INDEX(Tablo_E!$B$2:$CX$102,MATCH(ROUND(Uzman_E!D$4,1),Tablo_E!$A$2:$A$102,1),MATCH(ROUND(N11,1),Tablo_E!$B$1:$CX$1,1))) -> 0 | Q11: =IF(ISBLANK(P11),0,ABS(Uzman_E!E$4-P11)) -> 0 | R11: =IF(ISBLANK(P11),0,INDEX(Tablo_E!$B$2:$CX$102,MATCH(ROUND(Uzman_E!B$4,1),Tablo_E!$A$2:$A$102,1),MATCH(ROUND(Q11,1),Tablo_E!$B$1:$CX$1,1))) -> 0 | S11: =(F11+I11+L11+O11+R11)/5 -> 0
A12: 9 | B12: =Hakemler!B12 -> ÜNAL | C12: =Hakemler!C12 -> NAZLINEHİR | E12: =IF(ISBLANK(D12),0,ABS(Uzman_E!A$4-D12)) -> 0 | F12: =IF(ISBLANK(D12),0,INDEX(Tablo_E!$B$2:$CX$102,MATCH(ROUND(Uzman_E!A$4,1),Tablo_E!$A$2:$A$102,1),MATCH(ROUND(E12,1),Tablo_E!$B$1:$CX$1,1))) -> 0 | H12: =IF(ISBLANK(G12),0,ABS(Uzman_E!B$4-G12)) -> 0 | I12: =IF(ISBLANK(G12),0,INDEX(Tablo_E!$B$2:$CX$102,MATCH(ROUND(Uzman_E!B$4,1),Tablo_E!$A$2:$A$102,1),MATCH(ROUND(H12,1),Tablo_E!$B$1:$CX$1,1))) -> 0 | J12: 3 | K12: =IF(ISBLANK(J12),0,ABS(Uzman_E!C$4-J12)) -> 1.9 | L12: =IF(ISBLANK(J12),0,INDEX(Tablo_E!$B$2:$CX$102,MATCH(ROUND(Uzman_E!C$4,1),Tablo_E!$A$2:$A$102,1),MATCH(ROUND(K12,1),Tablo_E!$B$1:$CX$1,1))) -> 0 | N12: =IF(ISBLANK(M12),0,ABS(Uzman_E!D$4-M12)) -> 0 | O12: =IF(ISBLANK(M12),0,INDEX(Tablo_E!$B$2:$CX$102,MATCH(ROUND(Uzman_E!D$4,1),Tablo_E!$A$2:$A$102,1),MATCH(ROUND(N12,1),Tablo_E!$B$1:$CX$1,1))) -> 0 | Q12: =IF(ISBLANK(P12),0,ABS(Uzman_E!E$4-P12)) -> 0 | R12: =IF(ISBLANK(P12),0,INDEX(Tablo_E!$B$2:$CX$102,MATCH(ROUND(Uzman_E!B$4,1),Tablo_E!$A$2:$A$102,1),MATCH(ROUND(Q12,1),Tablo_E!$B$1:$CX$1,1))) -> 0 | S12: =(F12+I12+L12+O12+R12)/5 -> 0
A13: 10 | B13: =Hakemler!B13 -> ÜÇTAŞ ŞANLI | C13: =Hakemler!C13 -> GÖKSU | E13: =IF(ISBLANK(D13),0,ABS(Uzman_E!A$4-D13)) -> 0 | F13: =IF(ISBLANK(D13),0,INDEX(Tablo_E!$B$2:$CX$102,MATCH(ROUND(Uzman_E!A$4,1),Tablo_E!$A$2:$A$102,1),MATCH(ROUND(E13,1),Tablo_E!$B$1:$CX$1,1))) -> 0 | H13: =IF(ISBLANK(G13),0,ABS(Uzman_E!B$4-G13)) -> 0 | I13: =IF(ISBLANK(G13),0,INDEX(Tablo_E!$B$2:$CX$102,MATCH(ROUND(Uzman_E!B$4,1),Tablo_E!$A$2:$A$102,1),MATCH(ROUND(H13,1),Tablo_E!$B$1:$CX$1,1))) -> 0 | J13: 1.1 | K13: =IF(ISBLANK(J13),0,ABS(Uzman_E!C$4-J13)) -> 0 | L13: =IF(ISBLANK(J13),0,INDEX(Tablo_E!$B$2:$CX$102,MATCH(ROUND(Uzman_E!C$4,1),Tablo_E!$A$2:$A$102,1),MATCH(ROUND(K13,1),Tablo_E!$B$1:$CX$1,1))) -> 1 | N13: =IF(ISBLANK(M13),0,ABS(Uzman_E!D$4-M13)) -> 0 | O13: =IF(ISBLANK(M13),0,INDEX(Tablo_E!$B$2:$CX$102,MATCH(ROUND(Uzman_E!D$4,1),Tablo_E!$A$2:$A$102,1),MATCH(ROUND(N13,1),Tablo_E!$B$1:$CX$1,1))) -> 0 | Q13: =IF(ISBLANK(P13),0,ABS(Uzman_E!E$4-P13)) -> 0 | R13: =IF(ISBLANK(P13),0,INDEX(Tablo_E!$B$2:$CX$102,MATCH(ROUND(Uzman_E!B$4,1),Tablo_E!$A$2:$A$102,1),MATCH(ROUND(Q13,1),Tablo_E!$B$1:$CX$1,1))) -> 0 | S13: =(F13+I13+L13+O13+R13)/5 -> 0.2
A14: 11 | B14: =Hakemler!B14 -> YÜCEL | C14: =Hakemler!C14 -> SİBEL | E14: =IF(ISBLANK(D14),0,ABS(Uzman_E!A$4-D14)) -> 0 | F14: =IF(ISBLANK(D14),0,INDEX(Tablo_E!$B$2:$CX$102,MATCH(ROUND(Uzman_E!A$4,1),Tablo_E!$A$2:$A$102,1),MATCH(ROUND(E14,1),Tablo_E!$B$1:$CX$1,1))) -> 0 | H14: =IF(ISBLANK(G14),0,ABS(Uzman_E!B$4-G14)) -> 0 | I14: =IF(ISBLANK(G14),0,INDEX(Tablo_E!$B$2:$CX$102,MATCH(ROUND(Uzman_E!B$4,1),Tablo_E!$A$2:$A$102,1),MATCH(ROUND(H14,1),Tablo_E!$B$1:$CX$1,1))) -> 0 | J14: 1.2 | K14: =IF(ISBLANK(J14),0,ABS(Uzman_E!C$4-J14)) -> 0.1 | L14: =IF(ISBLANK(J14),0,INDEX(Tablo_E!$B$2:$CX$102,MATCH(ROUND(Uzman_E!C$4,1),Tablo_E!$A$2:$A$102,1),MATCH(ROUND(K14,1),Tablo_E!$B$1:$CX$1,1))) -> 1 | N14: =IF(ISBLANK(M14),0,ABS(Uzman_E!D$4-M14)) -> 0 | O14: =IF(ISBLANK(M14),0,INDEX(Tablo_E!$B$2:$CX$102,MATCH(ROUND(Uzman_E!D$4,1),Tablo_E!$A$2:$A$102,1),MATCH(ROUND(N14,1),Tablo_E!$B$1:$CX$1,1))) -> 0 | Q14: =IF(ISBLANK(P14),0,ABS(Uzman_E!E$4-P14)) -> 0 | R14: =IF(ISBLANK(P14),0,INDEX(Tablo_E!$B$2:$CX$102,MATCH(ROUND(Uzman_E!B$4,1),Tablo_E!$A$2:$A$102,1),MATCH(ROUND(Q14,1),Tablo_E!$B$1:$CX$1,1))) -> 0 | S14: =(F14+I14+L14+O14+R14)/5 -> 0.2
A15: 12 | B15: =Hakemler!B15 -> YILMAZER | C15: =Hakemler!C15 -> ZEHRA | E15: =IF(ISBLANK(D15),0,ABS(Uzman_E!A$4-D15)) -> 0 | F15: =IF(ISBLANK(D15),0,INDEX(Tablo_E!$B$2:$CX$102,MATCH(ROUND(Uzman_E!A$4,1),Tablo_E!$A$2:$A$102,1),MATCH(ROUND(E15,1),Tablo_E!$B$1:$CX$1,1))) -> 0 | H15: =IF(ISBLANK(G15),0,ABS(Uzman_E!B$4-G15)) -> 0 | I15: =IF(ISBLANK(G15),0,INDEX(Tablo_E!$B$2:$CX$102,MATCH(ROUND(Uzman_E!B$4,1),Tablo_E!$A$2:$A$102,1),MATCH(ROUND(H15,1),Tablo_E!$B$1:$CX$1,1))) -> 0 | J15: 1.3 | K15: =IF(ISBLANK(J15),0,ABS(Uzman_E!C$4-J15)) -> 0.2 | L15: =IF(ISBLANK(J15),0,INDEX(Tablo_E!$B$2:$CX$102,MATCH(ROUND(Uzman_E!C$4,1),Tablo_E!$A$2:$A$102,1),MATCH(ROUND(K15,1),Tablo_E!$B$1:$CX$1,1))) -> 1 | M15: 1.6 | N15: =IF(ISBLANK(M15),0,ABS(Uzman_E!D$4-M15)) -> 0.8 | O15: =IF(ISBLANK(M15),0,INDEX(Tablo_E!$B$2:$CX$102,MATCH(ROUND(Uzman_E!D$4,1),Tablo_E!$A$2:$A$102,1),MATCH(ROUND(N15,1),Tablo_E!$B$1:$CX$1,1))) -> 0.3 | Q15: =IF(ISBLANK(P15),0,ABS(Uzman_E!E$4-P15)) -> 0 | R15: =IF(ISBLANK(P15),0,INDEX(Tablo_E!$B$2:$CX$102,MATCH(ROUND(Uzman_E!B$4,1),Tablo_E!$A$2:$A$102,1),MATCH(ROUND(Q15,1),Tablo_E!$B$1:$CX$1,1))) -> 0 | S15: =(F15+I15+L15+O15+R15)/5 -> 0.26
A16: 13 | B16: =Hakemler!B16 -> ŞAHİNTEKİN | C16: =Hakemler!C16 -> MUHAMMED | E16: =IF(ISBLANK(D16),0,ABS(Uzman_E!A$4-D16)) -> 0 | F16: =IF(ISBLANK(D16),0,INDEX(Tablo_E!$B$2:$CX$102,MATCH(ROUND(Uzman_E!A$4,1),Tablo_E!$A$2:$A$102,1),MATCH(ROUND(E16,1),Tablo_E!$B$1:$CX$1,1))) -> 0 | H16: =IF(ISBLANK(G16),0,ABS(Uzman_E!B$4-G16)) -> 0 | I16: =IF(ISBLANK(G16),0,INDEX(Tablo_E!$B$2:$CX$102,MATCH(ROUND(Uzman_E!B$4,1),Tablo_E!$A$2:$A$102,1),MATCH(ROUND(H16,1),Tablo_E!$B$1:$CX$1,1))) -> 0 | K16: =IF(ISBLANK(J16),0,ABS(Uzman_E!C$4-J16)) -> 0 | L16: =IF(ISBLANK(J16),0,INDEX(Tablo_E!$B$2:$CX$102,MATCH(ROUND(Uzman_E!C$4,1),Tablo_E!$A$2:$A$102,1),MATCH(ROUND(K16,1),Tablo_E!$B$1:$CX$1,1))) -> 0 | M16: 1.5 | N16: =IF(ISBLANK(M16),0,ABS(Uzman_E!D$4-M16)) -> 0.7 | O16: =IF(ISBLANK(M16),0,INDEX(Tablo_E!$B$2:$CX$102,MATCH(ROUND(Uzman_E!D$4,1),Tablo_E!$A$2:$A$102,1),MATCH(ROUND(N16,1),Tablo_E!$B$1:$CX$1,1))) -> 0.4 | Q16: =IF(ISBLANK(P16),0,ABS(Uzman_E!E$4-P16)) -> 0 | R16: =IF(ISBLANK(P16),0,INDEX(Tablo_E!$B$2:$CX$102,MATCH(ROUND(Uzman_E!B$4,1),Tablo_E!$A$2:$A$102,1),MATCH(ROUND(Q16,1),Tablo_E!$B$1:$CX$1,1))) -> 0 | S16: =(F16+I16+L16+O16+R16)/5 -> 0.08
A17: 14 | B17: =Hakemler!B17 -> ERKUT | C17: =Hakemler!C17 -> OYA | E17: =IF(ISBLANK(D17),0,ABS(Uzman_E!A$4-D17)) -> 0 | F17: =IF(ISBLANK(D17),0,INDEX(Tablo_E!$B$2:$CX$102,MATCH(ROUND(Uzman_E!A$4,1),Tablo_E!$A$2:$A$102,1),MATCH(ROUND(E17,1),Tablo_E!$B$1:$CX$1,1))) -> 0 | H17: =IF(ISBLANK(G17),0,ABS(Uzman_E!B$4-G17)) -> 0 | I17: =IF(ISBLANK(G17),0,INDEX(Tablo_E!$B$2:$CX$102,MATCH(ROUND(Uzman_E!B$4,1),Tablo_E!$A$2:$A$102,1),MATCH(ROUND(H17,1),Tablo_E!$B$1:$CX$1,1))) -> 0 | K17: =IF(ISBLANK(J17),0,ABS(Uzman_E!C$4-J17)) -> 0 | L17: =IF(ISBLANK(J17),0,INDEX(Tablo_E!$B$2:$CX$102,MATCH(ROUND(Uzman_E!C$4,1),Tablo_E!$A$2:$A$102,1),MATCH(ROUND(K17,1),Tablo_E!$B$1:$CX$1,1))) -> 0 | M17: 1.4 | N17: =IF(ISBLANK(M17),0,ABS(Uzman_E!D$4-M17)) -> 0.6 | O17: =IF(ISBLANK(M17),0,INDEX(Tablo_E!$B$2:$CX$102,MATCH(ROUND(Uzman_E!D$4,1),Tablo_E!$A$2:$A$102,1),MATCH(ROUND(N17,1),Tablo_E!$B$1:$CX$1,1))) -> 0.5 | Q17: =IF(ISBLANK(P17),0,ABS(Uzman_E!E$4-P17)) -> 0 | R17: =IF(ISBLANK(P17),0,INDEX(Tablo_E!$B$2:$CX$102,MATCH(ROUND(Uzman_E!B$4,1),Tablo_E!$A$2:$A$102,1),MATCH(ROUND(Q17,1),Tablo_E!$B$1:$CX$1,1))) -> 0 | S17: =(F17+I17+L17+O17+R17)/5 -> 0.1
A18: 15 | B18: =Hakemler!B18 -> GÜMÜŞLÜ | C18: =Hakemler!C18 -> AYSEL | E18: =IF(ISBLANK(D18),0,ABS(Uzman_E!A$4-D18)) -> 0 | F18: =IF(ISBLANK(D18),0,INDEX(Tablo_E!$B$2:$CX$102,MATCH(ROUND(Uzman_E!A$4,1),Tablo_E!$A$2:$A$102,1),MATCH(ROUND(E18,1),Tablo_E!$B$1:$CX$1,1))) -> 0 | H18: =IF(ISBLANK(G18),0,ABS(Uzman_E!B$4-G18)) -> 0 | I18: =IF(ISBLANK(G18),0,INDEX(Tablo_E!$B$2:$CX$102,MATCH(ROUND(Uzman_E!B$4,1),Tablo_E!$A$2:$A$102,1),MATCH(ROUND(H18,1),Tablo_E!$B$1:$CX$1,1))) -> 0 | K18: =IF(ISBLANK(J18),0,ABS(Uzman_E!C$4-J18)) -> 0 | L18: =IF(ISBLANK(J18),0,INDEX(Tablo_E!$B$2:$CX$102,MATCH(ROUND(Uzman_E!C$4,1),Tablo_E!$A$2:$A$102,1),MATCH(ROUND(K18,1),Tablo_E!$B$1:$CX$1,1))) -> 0 | M18: 1.3 | N18: =IF(ISBLANK(M18),0,ABS(Uzman_E!D$4-M18)) -> 0.5 | O18: =IF(ISBLANK(M18),0,INDEX(Tablo_E!$B$2:$CX$102,MATCH(ROUND(Uzman_E!D$4,1),Tablo_E!$A$2:$A$102,1),MATCH(ROUND(N18,1),Tablo_E!$B$1:$CX$1,1))) -> 0.6 | Q18: =IF(ISBLANK(P18),0,ABS(Uzman_E!E$4-P18)) -> 0 | R18: =IF(ISBLANK(P18),0,INDEX(Tablo_E!$B$2:$CX$102,MATCH(ROUND(Uzman_E!B$4,1),Tablo_E!$A$2:$A$102,1),MATCH(ROUND(Q18,1),Tablo_E!$B$1:$CX$1,1))) -> 0 | S18: =(F18+I18+L18+O18+R18)/5 -> 0.12
A19: 16 | B19: =Hakemler!B19 -> CURA COŞKUN | C19: =Hakemler!C19 -> MELİKE | E19: =IF(ISBLANK(D19),0,ABS(Uzman_E!A$4-D19)) -> 0 | F19: =IF(ISBLANK(D19),0,INDEX(Tablo_E!$B$2:$CX$102,MATCH(ROUND(Uzman_E!A$4,1),Tablo_E!$A$2:$A$102,1),MATCH(ROUND(E19,1),Tablo_E!$B$1:$CX$1,1))) -> 0 | H19: =IF(ISBLANK(G19),0,ABS(Uzman_E!B$4-G19)) -> 0 | I19: =IF(ISBLANK(G19),0,INDEX(Tablo_E!$B$2:$CX$102,MATCH(ROUND(Uzman_E!B$4,1),Tablo_E!$A$2:$A$102,1),MATCH(ROUND(H19,1),Tablo_E!$B$1:$CX$1,1))) -> 0 | K19: =IF(ISBLANK(J19),0,ABS(Uzman_E!C$4-J19)) -> 0 | L19: =IF(ISBLANK(J19),0,INDEX(Tablo_E!$B$2:$CX$102,MATCH(ROUND(Uzman_E!C$4,1),Tablo_E!$A$2:$A$102,1),MATCH(ROUND(K19,1),Tablo_E!$B$1:$CX$1,1))) -> 0 | M19: 1.2 | N19: =IF(ISBLANK(M19),0,ABS(Uzman_E!D$4-M19)) -> 0.4 | O19: =IF(ISBLANK(M19),0,INDEX(Tablo_E!$B$2:$CX$102,MATCH(ROUND(Uzman_E!D$4,1),Tablo_E!$A$2:$A$102,1),MATCH(ROUND(N19,1),Tablo_E!$B$1:$CX$1,1))) -> 0.7 | Q19: =IF(ISBLANK(P19),0,ABS(Uzman_E!E$4-P19)) -> 0 | R19: =IF(ISBLANK(P19),0,INDEX(Tablo_E!$B$2:$CX$102,MATCH(ROUND(Uzman_E!B$4,1),Tablo_E!$A$2:$A$102,1),MATCH(ROUND(Q19,1),Tablo_E!$B$1:$CX$1,1))) -> 0 | S19: =(F19+I19+L19+O19+R19)/5 -> 0.14
A20: 17 | B20: =Hakemler!B20 -> KENDİRCİ | C20: =Hakemler!C20 -> CEMRE | E20: =IF(ISBLANK(D20),0,ABS(Uzman_E!A$4-D20)) -> 0 | F20: =IF(ISBLANK(D20),0,INDEX(Tablo_E!$B$2:$CX$102,MATCH(ROUND(Uzman_E!A$4,1),Tablo_E!$A$2:$A$102,1),MATCH(ROUND(E20,1),Tablo_E!$B$1:$CX$1,1))) -> 0 | H20: =IF(ISBLANK(G20),0,ABS(Uzman_E!B$4-G20)) -> 0 | I20: =IF(ISBLANK(G20),0,INDEX(Tablo_E!$B$2:$CX$102,MATCH(ROUND(Uzman_E!B$4,1),Tablo_E!$A$2:$A$102,1),MATCH(ROUND(H20,1),Tablo_E!$B$1:$CX$1,1))) -> 0 | K20: =IF(ISBLANK(J20),0,ABS(Uzman_E!C$4-J20)) -> 0 | L20: =IF(ISBLANK(J20),0,INDEX(Tablo_E!$B$2:$CX$102,MATCH(ROUND(Uzman_E!C$4,1),Tablo_E!$A$2:$A$102,1),MATCH(ROUND(K20,1),Tablo_E!$B$1:$CX$1,1))) -> 0 | M20: 1.1 | N20: =IF(ISBLANK(M20),0,ABS(Uzman_E!D$4-M20)) -> 0.3 | O20: =IF(ISBLANK(M20),0,INDEX(Tablo_E!$B$2:$CX$102,MATCH(ROUND(Uzman_E!D$4,1),Tablo_E!$A$2:$A$102,1),MATCH(ROUND(N20,1),Tablo_E!$B$1:$CX$1,1))) -> 0.8 | Q20: =IF(ISBLANK(P20),0,ABS(Uzman_E!E$4-P20)) -> 0 | R20: =IF(ISBLANK(P20),0,INDEX(Tablo_E!$B$2:$CX$102,MATCH(ROUND(Uzman_E!B$4,1),Tablo_E!$A$2:$A$102,1),MATCH(ROUND(Q20,1),Tablo_E!$B$1:$CX$1,1))) -> 0 | S20: =(F20+I20+L20+O20+R20)/5 -> 0.16
A21: 18 | B21: =Hakemler!B21 -> CANATAN | C21: =Hakemler!C21 -> BEYZA | E21: =IF(ISBLANK(D21),0,ABS(Uzman_E!A$4-D21)) -> 0 | F21: =IF(ISBLANK(D21),0,INDEX(Tablo_E!$B$2:$CX$102,MATCH(ROUND(Uzman_E!A$4,1),Tablo_E!$A$2:$A$102,1),MATCH(ROUND(E21,1),Tablo_E!$B$1:$CX$1,1))) -> 0 | H21: =IF(ISBLANK(G21),0,ABS(Uzman_E!B$4-G21)) -> 0 | I21: =IF(ISBLANK(G21),0,INDEX(Tablo_E!$B$2:$CX$102,MATCH(ROUND(Uzman_E!B$4,1),Tablo_E!$A$2:$A$102,1),MATCH(ROUND(H21,1),Tablo_E!$B$1:$CX$1,1))) -> 0 | K21: =IF(ISBLANK(J21),0,ABS(Uzman_E!C$4-J21)) -> 0 | L21: =IF(ISBLANK(J21),0,INDEX(Tablo_E!$B$2:$CX$102,MATCH(ROUND(Uzman_E!C$4,1),Tablo_E!$A$2:$A$102,1),MATCH(ROUND(K21,1),Tablo_E!$B$1:$CX$1,1))) -> 0 | M21: 1 | N21: =IF(ISBLANK(M21),0,ABS(Uzman_E!D$4-M21)) -> 0.2 | O21: =IF(ISBLANK(M21),0,INDEX(Tablo_E!$B$2:$CX$102,MATCH(ROUND(Uzman_E!D$4,1),Tablo_E!$A$2:$A$102,1),MATCH(ROUND(N21,1),Tablo_E!$B$1:$CX$1,1))) -> 1 | Q21: =IF(ISBLANK(P21),0,ABS(Uzman_E!E$4-P21)) -> 0 | R21: =IF(ISBLANK(P21),0,INDEX(Tablo_E!$B$2:$CX$102,MATCH(ROUND(Uzman_E!B$4,1),Tablo_E!$A$2:$A$102,1),MATCH(ROUND(Q21,1),Tablo_E!$B$1:$CX$1,1))) -> 0 | S21: =(F21+I21+L21+O21+R21)/5 -> 0.2
A22: 19 | B22: =Hakemler!B22 -> SAYIN | C22: =Hakemler!C22 -> ZEYNEP TÜRKAN | E22: =IF(ISBLANK(D22),0,ABS(Uzman_E!A$4-D22)) -> 0 | F22: =IF(ISBLANK(D22),0,INDEX(Tablo_E!$B$2:$CX$102,MATCH(ROUND(Uzman_E!A$4,1),Tablo_E!$A$2:$A$102,1),MATCH(ROUND(E22,1),Tablo_E!$B$1:$CX$1,1))) -> 0 | H22: =IF(ISBLANK(G22),0,ABS(Uzman_E!B$4-G22)) -> 0 | I22: =IF(ISBLANK(G22),0,INDEX(Tablo_E!$B$2:$CX$102,MATCH(ROUND(Uzman_E!B$4,1),Tablo_E!$A$2:$A$102,1),MATCH(ROUND(H22,1),Tablo_E!$B$1:$CX$1,1))) -> 0 | K22: =IF(ISBLANK(J22),0,ABS(Uzman_E!C$4-J22)) -> 0 | L22: =IF(ISBLANK(J22),0,INDEX(Tablo_E!$B$2:$CX$102,MATCH(ROUND(Uzman_E!C$4,1),Tablo_E!$A$2:$A$102,1),MATCH(ROUND(K22,1),Tablo_E!$B$1:$CX$1,1))) -> 0 | N22: =IF(ISBLANK(M22),0,ABS(Uzman_E!D$4-M22)) -> 0 | O22: =IF(ISBLANK(M22),0,INDEX(Tablo_E!$B$2:$CX$102,MATCH(ROUND(Uzman_E!D$4,1),Tablo_E!$A$2:$A$102,1),MATCH(ROUND(N22,1),Tablo_E!$B$1:$CX$1,1))) -> 0 | Q22: =IF(ISBLANK(P22),0,ABS(Uzman_E!E$4-P22)) -> 0 | R22: =IF(ISBLANK(P22),0,INDEX(Tablo_E!$B$2:$CX$102,MATCH(ROUND(Uzman_E!B$4,1),Tablo_E!$A$2:$A$102,1),MATCH(ROUND(Q22,1),Tablo_E!$B$1:$CX$1,1))) -> 0 | S22: =(F22+I22+L22+O22+R22)/5 -> 0
A23: 20 | B23: =Hakemler!B23 -> ÖNER AĞAN | C23: =Hakemler!C23 -> DERYA | E23: =IF(ISBLANK(D23),0,ABS(Uzman_E!A$4-D23)) -> 0 | F23: =IF(ISBLANK(D23),0,INDEX(Tablo_E!$B$2:$CX$102,MATCH(ROUND(Uzman_E!A$4,1),Tablo_E!$A$2:$A$102,1),MATCH(ROUND(E23,1),Tablo_E!$B$1:$CX$1,1))) -> 0 | H23: =IF(ISBLANK(G23),0,ABS(Uzman_E!B$4-G23)) -> 0 | I23: =IF(ISBLANK(G23),0,INDEX(Tablo_E!$B$2:$CX$102,MATCH(ROUND(Uzman_E!B$4,1),Tablo_E!$A$2:$A$102,1),MATCH(ROUND(H23,1),Tablo_E!$B$1:$CX$1,1))) -> 0 | K23: =IF(ISBLANK(J23),0,ABS(Uzman_E!C$4-J23)) -> 0 | L23: =IF(ISBLANK(J23),0,INDEX(Tablo_E!$B$2:$CX$102,MATCH(ROUND(Uzman_E!C$4,1),Tablo_E!$A$2:$A$102,1),MATCH(ROUND(K23,1),Tablo_E!$B$1:$CX$1,1))) -> 0 | N23: =IF(ISBLANK(M23),0,ABS(Uzman_E!D$4-M23)) -> 0 | O23: =IF(ISBLANK(M23),0,INDEX(Tablo_E!$B$2:$CX$102,MATCH(ROUND(Uzman_E!D$4,1),Tablo_E!$A$2:$A$102,1),MATCH(ROUND(N23,1),Tablo_E!$B$1:$CX$1,1))) -> 0 | Q23: =IF(ISBLANK(P23),0,ABS(Uzman_E!E$4-P23)) -> 0 | R23: =IF(ISBLANK(P23),0,INDEX(Tablo_E!$B$2:$CX$102,MATCH(ROUND(Uzman_E!B$4,1),Tablo_E!$A$2:$A$102,1),MATCH(ROUND(Q23,1),Tablo_E!$B$1:$CX$1,1))) -> 0 | S23: =(F23+I23+L23+O23+R23)/5 -> 0
A24: 21 | B24: =Hakemler!B24 -> ABACI | C24: =Hakemler!C24 -> BUSE | D24: 1.2 | E24: =IF(ISBLANK(D24),0,ABS(Uzman_E!A$4-D24)) -> 0.2 | F24: =IF(ISBLANK(D24),0,INDEX(Tablo_E!$B$2:$CX$102,MATCH(ROUND(Uzman_E!A$4,1),Tablo_E!$A$2:$A$102,1),MATCH(ROUND(E24,1),Tablo_E!$B$1:$CX$1,1))) -> 1 | G24: 2.1 | H24: =IF(ISBLANK(G24),0,ABS(Uzman_E!B$4-G24)) -> 0.2 | I24: =IF(ISBLANK(G24),0,INDEX(Tablo_E!$B$2:$CX$102,MATCH(ROUND(Uzman_E!B$4,1),Tablo_E!$A$2:$A$102,1),MATCH(ROUND(H24,1),Tablo_E!$B$1:$CX$1,1))) -> 1 | J24: 0.8 | K24: =IF(ISBLANK(J24),0,ABS(Uzman_E!C$4-J24)) -> 0.3 | L24: =IF(ISBLANK(J24),0,INDEX(Tablo_E!$B$2:$CX$102,MATCH(ROUND(Uzman_E!C$4,1),Tablo_E!$A$2:$A$102,1),MATCH(ROUND(K24,1),Tablo_E!$B$1:$CX$1,1))) -> 0.9 | M24: 1.5 | N24: =IF(ISBLANK(M24),0,ABS(Uzman_E!D$4-M24)) -> 0.7 | O24: =IF(ISBLANK(M24),0,INDEX(Tablo_E!$B$2:$CX$102,MATCH(ROUND(Uzman_E!D$4,1),Tablo_E!$A$2:$A$102,1),MATCH(ROUND(N24,1),Tablo_E!$B$1:$CX$1,1))) -> 0.4 | P24: 0.5 | Q24: =IF(ISBLANK(P24),0,ABS(Uzman_E!E$4-P24)) -> 0.5 | R24: =IF(ISBLANK(P24),0,INDEX(Tablo_E!$B$2:$CX$102,MATCH(ROUND(Uzman_E!B$4,1),Tablo_E!$A$2:$A$102,1),MATCH(ROUND(Q24,1),Tablo_E!$B$1:$CX$1,1))) -> 0.85 | S24: =(F24+I24+L24+O24+R24)/5 -> 0.83
A25: 22 | B25: =Hakemler!B25 -> KARAKAŞ | C25: =Hakemler!C25 -> TAHİR | D25: 1.4 | E25: =IF(ISBLANK(D25),0,ABS(Uzman_E!A$4-D25)) -> 0 | F25: =IF(ISBLANK(D25),0,INDEX(Tablo_E!$B$2:$CX$102,MATCH(ROUND(Uzman_E!A$4,1),Tablo_E!$A$2:$A$102,1),MATCH(ROUND(E25,1),Tablo_E!$B$1:$CX$1,1))) -> 1 | G25: 2.1 | H25: =IF(ISBLANK(G25),0,ABS(Uzman_E!B$4-G25)) -> 0.2 | I25: =IF(ISBLANK(G25),0,INDEX(Tablo_E!$B$2:$CX$102,MATCH(ROUND(Uzman_E!B$4,1),Tablo_E!$A$2:$A$102,1),MATCH(ROUND(H25,1),Tablo_E!$B$1:$CX$1,1))) -> 1 | J25: 0.9 | K25: =IF(ISBLANK(J25),0,ABS(Uzman_E!C$4-J25)) -> 0.2 | L25: =IF(ISBLANK(J25),0,INDEX(Tablo_E!$B$2:$CX$102,MATCH(ROUND(Uzman_E!C$4,1),Tablo_E!$A$2:$A$102,1),MATCH(ROUND(K25,1),Tablo_E!$B$1:$CX$1,1))) -> 1 | M25: 0.7 | N25: =IF(ISBLANK(M25),0,ABS(Uzman_E!D$4-M25)) -> 0.1 | O25: =IF(ISBLANK(M25),0,INDEX(Tablo_E!$B$2:$CX$102,MATCH(ROUND(Uzman_E!D$4,1),Tablo_E!$A$2:$A$102,1),MATCH(ROUND(N25,1),Tablo_E!$B$1:$CX$1,1))) -> 1 | P25: 1.1 | Q25: =IF(ISBLANK(P25),0,ABS(Uzman_E!E$4-P25)) -> 0.1 | R25: =IF(ISBLANK(P25),0,INDEX(Tablo_E!$B$2:$CX$102,MATCH(ROUND(Uzman_E!B$4,1),Tablo_E!$A$2:$A$102,1),MATCH(ROUND(Q25,1),Tablo_E!$B$1:$CX$1,1))) -> 1 | S25: =(F25+I25+L25+O25+R25)/5 -> 1
A26: 23 | B26: =Hakemler!B26 -> SAVAŞ OK | C26: =Hakemler!C26 -> DİLAY | D26: 2 | E26: =IF(ISBLANK(D26),0,ABS(Uzman_E!A$4-D26)) -> 0.6 | F26: =IF(ISBLANK(D26),0,INDEX(Tablo_E!$B$2:$CX$102,MATCH(ROUND(Uzman_E!A$4,1),Tablo_E!$A$2:$A$102,1),MATCH(ROUND(E26,1),Tablo_E!$B$1:$CX$1,1))) -> 0.6 | G26: 3.1 | H26: =IF(ISBLANK(G26),0,ABS(Uzman_E!B$4-G26)) -> 0.8 | I26: =IF(ISBLANK(G26),0,INDEX(Tablo_E!$B$2:$CX$102,MATCH(ROUND(Uzman_E!B$4,1),Tablo_E!$A$2:$A$102,1),MATCH(ROUND(H26,1),Tablo_E!$B$1:$CX$1,1))) -> 0.6 | J26: 0.8 | K26: =IF(ISBLANK(J26),0,ABS(Uzman_E!C$4-J26)) -> 0.3 | L26: =IF(ISBLANK(J26),0,INDEX(Tablo_E!$B$2:$CX$102,MATCH(ROUND(Uzman_E!C$4,1),Tablo_E!$A$2:$A$102,1),MATCH(ROUND(K26,1),Tablo_E!$B$1:$CX$1,1))) -> 0.9 | M26: 1.1 | N26: =IF(ISBLANK(M26),0,ABS(Uzman_E!D$4-M26)) -> 0.3 | O26: =IF(ISBLANK(M26),0,INDEX(Tablo_E!$B$2:$CX$102,MATCH(ROUND(Uzman_E!D$4,1),Tablo_E!$A$2:$A$102,1),MATCH(ROUND(N26,1),Tablo_E!$B$1:$CX$1,1))) -> 0.8 | P26: 1 | Q26: =IF(ISBLANK(P26),0,ABS(Uzman_E!E$4-P26)) -> 0 | R26: =IF(ISBLANK(P26),0,INDEX(Tablo_E!$B$2:$CX$102,MATCH(ROUND(Uzman_E!B$4,1),Tablo_E!$A$2:$A$102,1),MATCH(ROUND(Q26,1),Tablo_E!$B$1:$CX$1,1))) -> 1 | S26: =(F26+I26+L26+O26+R26)/5 -> 0.78
A27: 24 | B27: =Hakemler!B27 -> AYDEMİR | C27: =Hakemler!C27 -> AYŞE DİLARA | D27: 2 | E27: =IF(ISBLANK(D27),0,ABS(Uzman_E!A$4-D27)) -> 0.6 | F27: =IF(ISBLANK(D27),0,INDEX(Tablo_E!$B$2:$CX$102,MATCH(ROUND(Uzman_E!A$4,1),Tablo_E!$A$2:$A$102,1),MATCH(ROUND(E27,1),Tablo_E!$B$1:$CX$1,1))) -> 0.6 | G27: 1.8 | H27: =IF(ISBLANK(G27),0,ABS(Uzman_E!B$4-G27)) -> 0.5 | I27: =IF(ISBLANK(G27),0,INDEX(Tablo_E!$B$2:$CX$102,MATCH(ROUND(Uzman_E!B$4,1),Tablo_E!$A$2:$A$102,1),MATCH(ROUND(H27,1),Tablo_E!$B$1:$CX$1,1))) -> 0.85 | J27: 0.5 | K27: =IF(ISBLANK(J27),0,ABS(Uzman_E!C$4-J27)) -> 0.6 | L27: =IF(ISBLANK(J27),0,INDEX(Tablo_E!$B$2:$CX$102,MATCH(ROUND(Uzman_E!C$4,1),Tablo_E!$A$2:$A$102,1),MATCH(ROUND(K27,1),Tablo_E!$B$1:$CX$1,1))) -> 0.6 | M27: 0.7 | N27: =IF(ISBLANK(M27),0,ABS(Uzman_E!D$4-M27)) -> 0.1 | O27: =IF(ISBLANK(M27),0,INDEX(Tablo_E!$B$2:$CX$102,MATCH(ROUND(Uzman_E!D$4,1),Tablo_E!$A$2:$A$102,1),MATCH(ROUND(N27,1),Tablo_E!$B$1:$CX$1,1))) -> 1 | P27: 0.8 | Q27: =IF(ISBLANK(P27),0,ABS(Uzman_E!E$4-P27)) -> 0.2 | R27: =IF(ISBLANK(P27),0,INDEX(Tablo_E!$B$2:$CX$102,MATCH(ROUND(Uzman_E!B$4,1),Tablo_E!$A$2:$A$102,1),MATCH(ROUND(Q27,1),Tablo_E!$B$1:$CX$1,1))) -> 1 | S27: =(F27+I27+L27+O27+R27)/5 -> 0.81
A28: 25 | B28: =Hakemler!B28 -> AKIN | C28: =Hakemler!C28 -> MANOLYA | D28: 1.7 | E28: =IF(ISBLANK(D28),0,ABS(Uzman_E!A$4-D28)) -> 0.3 | F28: =IF(ISBLANK(D28),0,INDEX(Tablo_E!$B$2:$CX$102,MATCH(ROUND(Uzman_E!A$4,1),Tablo_E!$A$2:$A$102,1),MATCH(ROUND(E28,1),Tablo_E!$B$1:$CX$1,1))) -> 0.9 | G28: 2.3 | H28: =IF(ISBLANK(G28),0,ABS(Uzman_E!B$4-G28)) -> 0 | I28: =IF(ISBLANK(G28),0,INDEX(Tablo_E!$B$2:$CX$102,MATCH(ROUND(Uzman_E!B$4,1),Tablo_E!$A$2:$A$102,1),MATCH(ROUND(H28,1),Tablo_E!$B$1:$CX$1,1))) -> 1 | J28: 0.9 | K28: =IF(ISBLANK(J28),0,ABS(Uzman_E!C$4-J28)) -> 0.2 | L28: =IF(ISBLANK(J28),0,INDEX(Tablo_E!$B$2:$CX$102,MATCH(ROUND(Uzman_E!C$4,1),Tablo_E!$A$2:$A$102,1),MATCH(ROUND(K28,1),Tablo_E!$B$1:$CX$1,1))) -> 1 | M28: 1 | N28: =IF(ISBLANK(M28),0,ABS(Uzman_E!D$4-M28)) -> 0.2 | O28: =IF(ISBLANK(M28),0,INDEX(Tablo_E!$B$2:$CX$102,MATCH(ROUND(Uzman_E!D$4,1),Tablo_E!$A$2:$A$102,1),MATCH(ROUND(N28,1),Tablo_E!$B$1:$CX$1,1))) -> 1 | P28: 1.2 | Q28: =IF(ISBLANK(P28),0,ABS(Uzman_E!E$4-P28)) -> 0.2 | R28: =IF(ISBLANK(P28),0,INDEX(Tablo_E!$B$2:$CX$102,MATCH(ROUND(Uzman_E!B$4,1),Tablo_E!$A$2:$A$102,1),MATCH(ROUND(Q28,1),Tablo_E!$B$1:$CX$1,1))) -> 1 | S28: =(F28+I28+L28+O28+R28)/5 -> 0.98
A29: 26 | B29: =Hakemler!B29 -> PINAR | C29: =Hakemler!C29 -> YELİZ | D29: 1.5 | E29: =IF(ISBLANK(D29),0,ABS(Uzman_E!A$4-D29)) -> 0.1 | F29: =IF(ISBLANK(D29),0,INDEX(Tablo_E!$B$2:$CX$102,MATCH(ROUND(Uzman_E!A$4,1),Tablo_E!$A$2:$A$102,1),MATCH(ROUND(E29,1),Tablo_E!$B$1:$CX$1,1))) -> 1 | G29: 1.7 | H29: =IF(ISBLANK(G29),0,ABS(Uzman_E!B$4-G29)) -> 0.6 | I29: =IF(ISBLANK(G29),0,INDEX(Tablo_E!$B$2:$CX$102,MATCH(ROUND(Uzman_E!B$4,1),Tablo_E!$A$2:$A$102,1),MATCH(ROUND(H29,1),Tablo_E!$B$1:$CX$1,1))) -> 0.8 | J29: 1 | K29: =IF(ISBLANK(J29),0,ABS(Uzman_E!C$4-J29)) -> 0.1 | L29: =IF(ISBLANK(J29),0,INDEX(Tablo_E!$B$2:$CX$102,MATCH(ROUND(Uzman_E!C$4,1),Tablo_E!$A$2:$A$102,1),MATCH(ROUND(K29,1),Tablo_E!$B$1:$CX$1,1))) -> 1 | M29: 1.1 | N29: =IF(ISBLANK(M29),0,ABS(Uzman_E!D$4-M29)) -> 0.3 | O29: =IF(ISBLANK(M29),0,INDEX(Tablo_E!$B$2:$CX$102,MATCH(ROUND(Uzman_E!D$4,1),Tablo_E!$A$2:$A$102,1),MATCH(ROUND(N29,1),Tablo_E!$B$1:$CX$1,1))) -> 0.8 | P29: 0.6 | Q29: =IF(ISBLANK(P29),0,ABS(Uzman_E!E$4-P29)) -> 0.4 | R29: =IF(ISBLANK(P29),0,INDEX(Tablo_E!$B$2:$CX$102,MATCH(ROUND(Uzman_E!B$4,1),Tablo_E!$A$2:$A$102,1),MATCH(ROUND(Q29,1),Tablo_E!$B$1:$CX$1,1))) -> 0.95 | S29: =(F29+I29+L29+O29+R29)/5 -> 0.91
A30: 27 | B30: =Hakemler!B30 -> KATRANCI | C30: =Hakemler!C30 -> AYŞEN | D30: 2 | E30: =IF(ISBLANK(D30),0,ABS(Uzman_E!A$4-D30)) -> 0.6 | F30: =IF(ISBLANK(D30),0,INDEX(Tablo_E!$B$2:$CX$102,MATCH(ROUND(Uzman_E!A$4,1),Tablo_E!$A$2:$A$102,1),MATCH(ROUND(E30,1),Tablo_E!$B$1:$CX$1,1))) -> 0.6 | G30: 2 | H30: =IF(ISBLANK(G30),0,ABS(Uzman_E!B$4-G30)) -> 0.3 | I30: =IF(ISBLANK(G30),0,INDEX(Tablo_E!$B$2:$CX$102,MATCH(ROUND(Uzman_E!B$4,1),Tablo_E!$A$2:$A$102,1),MATCH(ROUND(H30,1),Tablo_E!$B$1:$CX$1,1))) -> 1 | J30: 1 | K30: =IF(ISBLANK(J30),0,ABS(Uzman_E!C$4-J30)) -> 0.1 | L30: =IF(ISBLANK(J30),0,INDEX(Tablo_E!$B$2:$CX$102,MATCH(ROUND(Uzman_E!C$4,1),Tablo_E!$A$2:$A$102,1),MATCH(ROUND(K30,1),Tablo_E!$B$1:$CX$1,1))) -> 1 | M30: 1.2 | N30: =IF(ISBLANK(M30),0,ABS(Uzman_E!D$4-M30)) -> 0.4 | O30: =IF(ISBLANK(M30),0,INDEX(Tablo_E!$B$2:$CX$102,MATCH(ROUND(Uzman_E!D$4,1),Tablo_E!$A$2:$A$102,1),MATCH(ROUND(N30,1),Tablo_E!$B$1:$CX$1,1))) -> 0.7 | P30: 1.6 | Q30: =IF(ISBLANK(P30),0,ABS(Uzman_E!E$4-P30)) -> 0.6 | R30: =IF(ISBLANK(P30),0,INDEX(Tablo_E!$B$2:$CX$102,MATCH(ROUND(Uzman_E!B$4,1),Tablo_E!$A$2:$A$102,1),MATCH(ROUND(Q30,1),Tablo_E!$B$1:$CX$1,1))) -> 0.8 | S30: =(F30+I30+L30+O30+R30)/5 -> 0.82
A31: 28 | B31: =Hakemler!B31 -> GÜRKAN KİRAZ | C31: =Hakemler!C31 -> FULYA | D31: 1.5 | E31: =IF(ISBLANK(D31),0,ABS(Uzman_E!A$4-D31)) -> 0.1 | F31: =IF(ISBLANK(D31),0,INDEX(Tablo_E!$B$2:$CX$102,MATCH(ROUND(Uzman_E!A$4,1),Tablo_E!$A$2:$A$102,1),MATCH(ROUND(E31,1),Tablo_E!$B$1:$CX$1,1))) -> 1 | G31: 1.8 | H31: =IF(ISBLANK(G31),0,ABS(Uzman_E!B$4-G31)) -> 0.5 | I31: =IF(ISBLANK(G31),0,INDEX(Tablo_E!$B$2:$CX$102,MATCH(ROUND(Uzman_E!B$4,1),Tablo_E!$A$2:$A$102,1),MATCH(ROUND(H31,1),Tablo_E!$B$1:$CX$1,1))) -> 0.85 | J31: 1 | K31: =IF(ISBLANK(J31),0,ABS(Uzman_E!C$4-J31)) -> 0.1 | L31: =IF(ISBLANK(J31),0,INDEX(Tablo_E!$B$2:$CX$102,MATCH(ROUND(Uzman_E!C$4,1),Tablo_E!$A$2:$A$102,1),MATCH(ROUND(K31,1),Tablo_E!$B$1:$CX$1,1))) -> 1 | M31: 0.8 | N31: =IF(ISBLANK(M31),0,ABS(Uzman_E!D$4-M31)) -> 0 | O31: =IF(ISBLANK(M31),0,INDEX(Tablo_E!$B$2:$CX$102,MATCH(ROUND(Uzman_E!D$4,1),Tablo_E!$A$2:$A$102,1),MATCH(ROUND(N31,1),Tablo_E!$B$1:$CX$1,1))) -> 1 | P31: 1.2 | Q31: =IF(ISBLANK(P31),0,ABS(Uzman_E!E$4-P31)) -> 0.2 | R31: =IF(ISBLANK(P31),0,INDEX(Tablo_E!$B$2:$CX$102,MATCH(ROUND(Uzman_E!B$4,1),Tablo_E!$A$2:$A$102,1),MATCH(ROUND(Q31,1),Tablo_E!$B$1:$CX$1,1))) -> 1 | S31: =(F31+I31+L31+O31+R31)/5 -> 0.97
A32: 29 | B32: =Hakemler!B32 -> KILIÇ | C32: =Hakemler!C32 -> AYŞE | D32: 1.2 | E32: =IF(ISBLANK(D32),0,ABS(Uzman_E!A$4-D32)) -> 0.2 | F32: =IF(ISBLANK(D32),0,INDEX(Tablo_E!$B$2:$CX$102,MATCH(ROUND(Uzman_E!A$4,1),Tablo_E!$A$2:$A$102,1),MATCH(ROUND(E32,1),Tablo_E!$B$1:$CX$1,1))) -> 1 | G32: 2.5 | H32: =IF(ISBLANK(G32),0,ABS(Uzman_E!B$4-G32)) -> 0.2 | I32: =IF(ISBLANK(G32),0,INDEX(Tablo_E!$B$2:$CX$102,MATCH(ROUND(Uzman_E!B$4,1),Tablo_E!$A$2:$A$102,1),MATCH(ROUND(H32,1),Tablo_E!$B$1:$CX$1,1))) -> 1 | J32: 1 | K32: =IF(ISBLANK(J32),0,ABS(Uzman_E!C$4-J32)) -> 0.1 | L32: =IF(ISBLANK(J32),0,INDEX(Tablo_E!$B$2:$CX$102,MATCH(ROUND(Uzman_E!C$4,1),Tablo_E!$A$2:$A$102,1),MATCH(ROUND(K32,1),Tablo_E!$B$1:$CX$1,1))) -> 1 | M32: 1.1 | N32: =IF(ISBLANK(M32),0,ABS(Uzman_E!D$4-M32)) -> 0.3 | O32: =IF(ISBLANK(M32),0,INDEX(Tablo_E!$B$2:$CX$102,MATCH(ROUND(Uzman_E!D$4,1),Tablo_E!$A$2:$A$102,1),MATCH(ROUND(N32,1),Tablo_E!$B$1:$CX$1,1))) -> 0.8 | P32: 1.2 | Q32: =IF(ISBLANK(P32),0,ABS(Uzman_E!E$4-P32)) -> 0.2 | R32: =IF(ISBLANK(P32),0,INDEX(Tablo_E!$B$2:$CX$102,MATCH(ROUND(Uzman_E!B$4,1),Tablo_E!$A$2:$A$102,1),MATCH(ROUND(Q32,1),Tablo_E!$B$1:$CX$1,1))) -> 1 | S32: =(F32+I32+L32+O32+R32)/5 -> 0.96
A33: 30 | B33: =Hakemler!B33 -> ÖZGENLİK TATAR | C33: =Hakemler!C33 -> ARZU | D33: 1.2 | E33: =IF(ISBLANK(D33),0,ABS(Uzman_E!A$4-D33)) -> 0.2 | F33: =IF(ISBLANK(D33),0,INDEX(Tablo_E!$B$2:$CX$102,MATCH(ROUND(Uzman_E!A$4,1),Tablo_E!$A$2:$A$102,1),MATCH(ROUND(E33,1),Tablo_E!$B$1:$CX$1,1))) -> 1 | G33: 2.1 | H33: =IF(ISBLANK(G33),0,ABS(Uzman_E!B$4-G33)) -> 0.2 | I33: =IF(ISBLANK(G33),0,INDEX(Tablo_E!$B$2:$CX$102,MATCH(ROUND(Uzman_E!B$4,1),Tablo_E!$A$2:$A$102,1),MATCH(ROUND(H33,1),Tablo_E!$B$1:$CX$1,1))) -> 1 | J33: 1.1 | K33: =IF(ISBLANK(J33),0,ABS(Uzman_E!C$4-J33)) -> 0 | L33: =IF(ISBLANK(J33),0,INDEX(Tablo_E!$B$2:$CX$102,MATCH(ROUND(Uzman_E!C$4,1),Tablo_E!$A$2:$A$102,1),MATCH(ROUND(K33,1),Tablo_E!$B$1:$CX$1,1))) -> 1 | M33: 0.8 | N33: =IF(ISBLANK(M33),0,ABS(Uzman_E!D$4-M33)) -> 0 | O33: =IF(ISBLANK(M33),0,INDEX(Tablo_E!$B$2:$CX$102,MATCH(ROUND(Uzman_E!D$4,1),Tablo_E!$A$2:$A$102,1),MATCH(ROUND(N33,1),Tablo_E!$B$1:$CX$1,1))) -> 1 | P33: 0.9 | Q33: =IF(ISBLANK(P33),0,ABS(Uzman_E!E$4-P33)) -> 0.1 | R33: =IF(ISBLANK(P33),0,INDEX(Tablo_E!$B$2:$CX$102,MATCH(ROUND(Uzman_E!B$4,1),Tablo_E!$A$2:$A$102,1),MATCH(ROUND(Q33,1),Tablo_E!$B$1:$CX$1,1))) -> 1 | S33: =(F33+I33+L33+O33+R33)/5 -> 1
A34: 31 | B34: =Hakemler!B34 -> KARADENİZ | C34: =Hakemler!C34 -> EMEL | D34: 2.4 | E34: =IF(ISBLANK(D34),0,ABS(Uzman_E!A$4-D34)) -> 1 | F34: =IF(ISBLANK(D34),0,INDEX(Tablo_E!$B$2:$CX$102,MATCH(ROUND(Uzman_E!A$4,1),Tablo_E!$A$2:$A$102,1),MATCH(ROUND(E34,1),Tablo_E!$B$1:$CX$1,1))) -> 0.2 | G34: 3.3 | H34: =IF(ISBLANK(G34),0,ABS(Uzman_E!B$4-G34)) -> 1 | I34: =IF(ISBLANK(G34),0,INDEX(Tablo_E!$B$2:$CX$102,MATCH(ROUND(Uzman_E!B$4,1),Tablo_E!$A$2:$A$102,1),MATCH(ROUND(H34,1),Tablo_E!$B$1:$CX$1,1))) -> 0.4 | J34: 1.3 | K34: =IF(ISBLANK(J34),0,ABS(Uzman_E!C$4-J34)) -> 0.2 | L34: =IF(ISBLANK(J34),0,INDEX(Tablo_E!$B$2:$CX$102,MATCH(ROUND(Uzman_E!C$4,1),Tablo_E!$A$2:$A$102,1),MATCH(ROUND(K34,1),Tablo_E!$B$1:$CX$1,1))) -> 1 | M34: 0.8 | N34: =IF(ISBLANK(M34),0,ABS(Uzman_E!D$4-M34)) -> 0 | O34: =IF(ISBLANK(M34),0,INDEX(Tablo_E!$B$2:$CX$102,MATCH(ROUND(Uzman_E!D$4,1),Tablo_E!$A$2:$A$102,1),MATCH(ROUND(N34,1),Tablo_E!$B$1:$CX$1,1))) -> 1 | P34: 0.6 | Q34: =IF(ISBLANK(P34),0,ABS(Uzman_E!E$4-P34)) -> 0.4 | R34: =IF(ISBLANK(P34),0,INDEX(Tablo_E!$B$2:$CX$102,MATCH(ROUND(Uzman_E!B$4,1),Tablo_E!$A$2:$A$102,1),MATCH(ROUND(Q34,1),Tablo_E!$B$1:$CX$1,1))) -> 0.95 | S34: =(F34+I34+L34+O34+R34)/5 -> 0.71
A35: 32 | B35: =Hakemler!B35 -> TOYRAN | C35: =Hakemler!C35 -> SİNEM NUR | D35: 1.9 | E35: =IF(ISBLANK(D35),0,ABS(Uzman_E!A$4-D35)) -> 0.5 | F35: =IF(ISBLANK(D35),0,INDEX(Tablo_E!$B$2:$CX$102,MATCH(ROUND(Uzman_E!A$4,1),Tablo_E!$A$2:$A$102,1),MATCH(ROUND(E35,1),Tablo_E!$B$1:$CX$1,1))) -> 0.7 | G35: 2.5 | H35: =IF(ISBLANK(G35),0,ABS(Uzman_E!B$4-G35)) -> 0.2 | I35: =IF(ISBLANK(G35),0,INDEX(Tablo_E!$B$2:$CX$102,MATCH(ROUND(Uzman_E!B$4,1),Tablo_E!$A$2:$A$102,1),MATCH(ROUND(H35,1),Tablo_E!$B$1:$CX$1,1))) -> 1 | J35: 1.4 | K35: =IF(ISBLANK(J35),0,ABS(Uzman_E!C$4-J35)) -> 0.3 | L35: =IF(ISBLANK(J35),0,INDEX(Tablo_E!$B$2:$CX$102,MATCH(ROUND(Uzman_E!C$4,1),Tablo_E!$A$2:$A$102,1),MATCH(ROUND(K35,1),Tablo_E!$B$1:$CX$1,1))) -> 0.9 | M35: 0.9 | N35: =IF(ISBLANK(M35),0,ABS(Uzman_E!D$4-M35)) -> 0.1 | O35: =IF(ISBLANK(M35),0,INDEX(Tablo_E!$B$2:$CX$102,MATCH(ROUND(Uzman_E!D$4,1),Tablo_E!$A$2:$A$102,1),MATCH(ROUND(N35,1),Tablo_E!$B$1:$CX$1,1))) -> 1 | P35: 1.5 | Q35: =IF(ISBLANK(P35),0,ABS(Uzman_E!E$4-P35)) -> 0.5 | R35: =IF(ISBLANK(P35),0,INDEX(Tablo_E!$B$2:$CX$102,MATCH(ROUND(Uzman_E!B$4,1),Tablo_E!$A$2:$A$102,1),MATCH(ROUND(Q35,1),Tablo_E!$B$1:$CX$1,1))) -> 0.85 | S35: =(F35+I35+L35+O35+R35)/5 -> 0.89
... A49: 46 | B49: =Hakemler!B49 -> EDE | C49: =Hakemler!C49 -> İHSAN | D49: 1.2 | E49: =IF(ISBLANK(D49),0,ABS(Uzman_E!A$4-D49)) -> 0.2 | F49: =IF(ISBLANK(D49),0,INDEX(Tablo_E!$B$2:$CX$102,MATCH(ROUND(Uzman_E!A$4,1),Tablo_E!$A$2:$A$102,1),MATCH(ROUND(E49,1),Tablo_E!$B$1:$CX$1,1))) -> 1 | G49: 1.6 | H49: =IF(ISBLANK(G49),0,ABS(Uzman_E!B$4-G49)) -> 0.7 | I49: =IF(ISBLANK(G49),0,INDEX(Tablo_E!$B$2:$CX$102,MATCH(ROUND(Uzman_E!B$4,1),Tablo_E!$A$2:$A$102,1),MATCH(ROUND(H49,1),Tablo_E!$B$1:$CX$1,1))) -> 0.7 | J49: 0.8 | K49: =IF(ISBLANK(J49),0,ABS(Uzman_E!C$4-J49)) -> 0.3 | L49: =IF(ISBLANK(J49),0,INDEX(Tablo_E!$B$2:$CX$102,MATCH(ROUND(Uzman_E!C$4,1),Tablo_E!$A$2:$A$102,1),MATCH(ROUND(K49,1),Tablo_E!$B$1:$CX$1,1))) -> 0.9 | M49: 0.9 | N49: =IF(ISBLANK(M49),0,ABS(Uzman_E!D$4-M49)) -> 0.1 | O49: =IF(ISBLANK(M49),0,INDEX(Tablo_E!$B$2:$CX$102,MATCH(ROUND(Uzman_E!D$4,1),Tablo_E!$A$2:$A$102,1),MATCH(ROUND(N49,1),Tablo_E!$B$1:$CX$1,1))) -> 1 | P49: 0.7 | Q49: =IF(ISBLANK(P49),0,ABS(Uzman_E!E$4-P49)) -> 0.3 | R49: =IF(ISBLANK(P49),0,INDEX(Tablo_E!$B$2:$CX$102,MATCH(ROUND(Uzman_E!B$4,1),Tablo_E!$A$2:$A$102,1),MATCH(ROUND(Q49,1),Tablo_E!$B$1:$CX$1,1))) -> 1 | S49: =(F49+I49+L49+O49+R49)/5 -> 0.92
A50: 47 | B50: =Hakemler!B50 -> 0 | C50: =Hakemler!C50 -> 0 | E50: =IF(ISBLANK(D50),0,ABS(Uzman_E!A$4-D50)) -> 0 | F50: =IF(ISBLANK(D50),0,INDEX(Tablo_E!$B$2:$CX$102,MATCH(ROUND(Uzman_E!A$4,1),Tablo_E!$A$2:$A$102,1),MATCH(ROUND(E50,1),Tablo_E!$B$1:$CX$1,1))) -> 0 | H50: =IF(ISBLANK(G50),0,ABS(Uzman_E!B$4-G50)) -> 0 | I50: =IF(ISBLANK(G50),0,INDEX(Tablo_E!$B$2:$CX$102,MATCH(ROUND(Uzman_E!B$4,1),Tablo_E!$A$2:$A$102,1),MATCH(ROUND(H50,1),Tablo_E!$B$1:$CX$1,1))) -> 0 | K50: =IF(ISBLANK(J50),0,ABS(Uzman_E!C$4-J50)) -> 0 | L50: =IF(ISBLANK(J50),0,INDEX(Tablo_E!$B$2:$CX$102,MATCH(ROUND(Uzman_E!C$4,1),Tablo_E!$A$2:$A$102,1),MATCH(ROUND(K50,1),Tablo_E!$B$1:$CX$1,1))) -> 0 | N50: =IF(ISBLANK(M50),0,ABS(Uzman_E!D$4-M50)) -> 0 | O50: =IF(ISBLANK(M50),0,INDEX(Tablo_E!$B$2:$CX$102,MATCH(ROUND(Uzman_E!D$4,1),Tablo_E!$A$2:$A$102,1),MATCH(ROUND(N50,1),Tablo_E!$B$1:$CX$1,1))) -> 0 | Q50: =IF(ISBLANK(P50),0,ABS(Uzman_E!E$4-P50)) -> 0 | R50: =IF(ISBLANK(P50),0,INDEX(Tablo_E!$B$2:$CX$102,MATCH(ROUND(Uzman_E!B$4,1),Tablo_E!$A$2:$A$102,1),MATCH(ROUND(Q50,1),Tablo_E!$B$1:$CX$1,1))) -> 0 | S50: =(F50+I50+L50+O50+R50)/5 -> 0
A51: 48 | B51: =Hakemler!B51 -> 0 | C51: =Hakemler!C51 -> 0 | E51: =IF(ISBLANK(D51),0,ABS(Uzman_E!A$4-D51)) -> 0 | F51: =IF(ISBLANK(D51),0,INDEX(Tablo_E!$B$2:$CX$102,MATCH(ROUND(Uzman_E!A$4,1),Tablo_E!$A$2:$A$102,1),MATCH(ROUND(E51,1),Tablo_E!$B$1:$CX$1,1))) -> 0 | H51: =IF(ISBLANK(G51),0,ABS(Uzman_E!B$4-G51)) -> 0 | I51: =IF(ISBLANK(G51),0,INDEX(Tablo_E!$B$2:$CX$102,MATCH(ROUND(Uzman_E!B$4,1),Tablo_E!$A$2:$A$102,1),MATCH(ROUND(H51,1),Tablo_E!$B$1:$CX$1,1))) -> 0 | K51: =IF(ISBLANK(J51),0,ABS(Uzman_E!C$4-J51)) -> 0 | L51: =IF(ISBLANK(J51),0,INDEX(Tablo_E!$B$2:$CX$102,MATCH(ROUND(Uzman_E!C$4,1),Tablo_E!$A$2:$A$102,1),MATCH(ROUND(K51,1),Tablo_E!$B$1:$CX$1,1))) -> 0 | N51: =IF(ISBLANK(M51),0,ABS(Uzman_E!D$4-M51)) -> 0 | O51: =IF(ISBLANK(M51),0,INDEX(Tablo_E!$B$2:$CX$102,MATCH(ROUND(Uzman_E!D$4,1),Tablo_E!$A$2:$A$102,1),MATCH(ROUND(N51,1),Tablo_E!$B$1:$CX$1,1))) -> 0 | Q51: =IF(ISBLANK(P51),0,ABS(Uzman_E!E$4-P51)) -> 0 | R51: =IF(ISBLANK(P51),0,INDEX(Tablo_E!$B$2:$CX$102,MATCH(ROUND(Uzman_E!B$4,1),Tablo_E!$A$2:$A$102,1),MATCH(ROUND(Q51,1),Tablo_E!$B$1:$CX$1,1))) -> 0 | S51: =(F51+I51+L51+O51+R51)/5 -> 0
A52: 49 | B52: =Hakemler!B52 -> 0 | C52: =Hakemler!C52 -> 0 | E52: =IF(ISBLANK(D52),0,ABS(Uzman_E!A$4-D52)) -> 0 | F52: =IF(ISBLANK(D52),0,INDEX(Tablo_E!$B$2:$CX$102,MATCH(ROUND(Uzman_E!A$4,1),Tablo_E!$A$2:$A$102,1),MATCH(ROUND(E52,1),Tablo_E!$B$1:$CX$1,1))) -> 0 | H52: =IF(ISBLANK(G52),0,ABS(Uzman_E!B$4-G52)) -> 0 | I52: =IF(ISBLANK(G52),0,INDEX(Tablo_E!$B$2:$CX$102,MATCH(ROUND(Uzman_E!B$4,1),Tablo_E!$A$2:$A$102,1),MATCH(ROUND(H52,1),Tablo_E!$B$1:$CX$1,1))) -> 0 | K52: =IF(ISBLANK(J52),0,ABS(Uzman_E!C$4-J52)) -> 0 | L52: =IF(ISBLANK(J52),0,INDEX(Tablo_E!$B$2:$CX$102,MATCH(ROUND(Uzman_E!C$4,1),Tablo_E!$A$2:$A$102,1),MATCH(ROUND(K52,1),Tablo_E!$B$1:$CX$1,1))) -> 0 | N52: =IF(ISBLANK(M52),0,ABS(Uzman_E!D$4-M52)) -> 0 | O52: =IF(ISBLANK(M52),0,INDEX(Tablo_E!$B$2:$CX$102,MATCH(ROUND(Uzman_E!D$4,1),Tablo_E!$A$2:$A$102,1),MATCH(ROUND(N52,1),Tablo_E!$B$1:$CX$1,1))) -> 0 | Q52: =IF(ISBLANK(P52),0,ABS(Uzman_E!E$4-P52)) -> 0 | R52: =IF(ISBLANK(P52),0,INDEX(Tablo_E!$B$2:$CX$102,MATCH(ROUND(Uzman_E!B$4,1),Tablo_E!$A$2:$A$102,1),MATCH(ROUND(Q52,1),Tablo_E!$B$1:$CX$1,1))) -> 0 | S52: =(F52+I52+L52+O52+R52)/5 -> 0
A53: 50 | B53: =Hakemler!B53 -> 0 | C53: =Hakemler!C53 -> 0 | E53: =IF(ISBLANK(D53),0,ABS(Uzman_E!A$4-D53)) -> 0 | F53: =IF(ISBLANK(D53),0,INDEX(Tablo_E!$B$2:$CX$102,MATCH(ROUND(Uzman_E!A$4,1),Tablo_E!$A$2:$A$102,1),MATCH(ROUND(E53,1),Tablo_E!$B$1:$CX$1,1))) -> 0 | H53: =IF(ISBLANK(G53),0,ABS(Uzman_E!B$4-G53)) -> 0 | I53: =IF(ISBLANK(G53),0,INDEX(Tablo_E!$B$2:$CX$102,MATCH(ROUND(Uzman_E!B$4,1),Tablo_E!$A$2:$A$102,1),MATCH(ROUND(H53,1),Tablo_E!$B$1:$CX$1,1))) -> 0 | K53: =IF(ISBLANK(J53),0,ABS(Uzman_E!C$4-J53)) -> 0 | L53: =IF(ISBLANK(J53),0,INDEX(Tablo_E!$B$2:$CX$102,MATCH(ROUND(Uzman_E!C$4,1),Tablo_E!$A$2:$A$102,1),MATCH(ROUND(K53,1),Tablo_E!$B$1:$CX$1,1))) -> 0 | N53: =IF(ISBLANK(M53),0,ABS(Uzman_E!D$4-M53)) -> 0 | O53: =IF(ISBLANK(M53),0,INDEX(Tablo_E!$B$2:$CX$102,MATCH(ROUND(Uzman_E!D$4,1),Tablo_E!$A$2:$A$102,1),MATCH(ROUND(N53,1),Tablo_E!$B$1:$CX$1,1))) -> 0 | Q53: =IF(ISBLANK(P53),0,ABS(Uzman_E!E$4-P53)) -> 0 | R53: =IF(ISBLANK(P53),0,INDEX(Tablo_E!$B$2:$CX$102,MATCH(ROUND(Uzman_E!B$4,1),Tablo_E!$A$2:$A$102,1),MATCH(ROUND(Q53,1),Tablo_E!$B$1:$CX$1,1))) -> 0 | S53: =(F53+I53+L53+O53+R53)/5 -> 0
A54: 51 | B54: =Hakemler!B54 -> 0 | C54: =Hakemler!C54 -> 0 | E54: =IF(ISBLANK(D54),0,ABS(Uzman_E!A$4-D54)) -> 0 | F54: =IF(ISBLANK(D54),0,INDEX(Tablo_E!$B$2:$CX$102,MATCH(ROUND(Uzman_E!A$4,1),Tablo_E!$A$2:$A$102,1),MATCH(ROUND(E54,1),Tablo_E!$B$1:$CX$1,1))) -> 0 | H54: =IF(ISBLANK(G54),0,ABS(Uzman_E!B$4-G54)) -> 0 | I54: =IF(ISBLANK(G54),0,INDEX(Tablo_E!$B$2:$CX$102,MATCH(ROUND(Uzman_E!B$4,1),Tablo_E!$A$2:$A$102,1),MATCH(ROUND(H54,1),Tablo_E!$B$1:$CX$1,1))) -> 0 | K54: =IF(ISBLANK(J54),0,ABS(Uzman_E!C$4-J54)) -> 0 | L54: =IF(ISBLANK(J54),0,INDEX(Tablo_E!$B$2:$CX$102,MATCH(ROUND(Uzman_E!C$4,1),Tablo_E!$A$2:$A$102,1),MATCH(ROUND(K54,1),Tablo_E!$B$1:$CX$1,1))) -> 0 | N54: =IF(ISBLANK(M54),0,ABS(Uzman_E!D$4-M54)) -> 0 | O54: =IF(ISBLANK(M54),0,INDEX(Tablo_E!$B$2:$CX$102,MATCH(ROUND(Uzman_E!D$4,1),Tablo_E!$A$2:$A$102,1),MATCH(ROUND(N54,1),Tablo_E!$B$1:$CX$1,1))) -> 0 | Q54: =IF(ISBLANK(P54),0,ABS(Uzman_E!E$4-P54)) -> 0 | R54: =IF(ISBLANK(P54),0,INDEX(Tablo_E!$B$2:$CX$102,MATCH(ROUND(Uzman_E!B$4,1),Tablo_E!$A$2:$A$102,1),MATCH(ROUND(Q54,1),Tablo_E!$B$1:$CX$1,1))) -> 0 | S54: =(F54+I54+L54+O54+R54)/5 -> 0
A55: 52 | B55: =Hakemler!B55 -> 0 | C55: =Hakemler!C55 -> 0 | E55: =IF(ISBLANK(D55),0,ABS(Uzman_E!A$4-D55)) -> 0 | F55: =IF(ISBLANK(D55),0,INDEX(Tablo_E!$B$2:$CX$102,MATCH(ROUND(Uzman_E!A$4,1),Tablo_E!$A$2:$A$102,1),MATCH(ROUND(E55,1),Tablo_E!$B$1:$CX$1,1))) -> 0 | H55: =IF(ISBLANK(G55),0,ABS(Uzman_E!B$4-G55)) -> 0 | I55: =IF(ISBLANK(G55),0,INDEX(Tablo_E!$B$2:$CX$102,MATCH(ROUND(Uzman_E!B$4,1),Tablo_E!$A$2:$A$102,1),MATCH(ROUND(H55,1),Tablo_E!$B$1:$CX$1,1))) -> 0 | K55: =IF(ISBLANK(J55),0,ABS(Uzman_E!C$4-J55)) -> 0 | L55: =IF(ISBLANK(J55),0,INDEX(Tablo_E!$B$2:$CX$102,MATCH(ROUND(Uzman_E!C$4,1),Tablo_E!$A$2:$A$102,1),MATCH(ROUND(K55,1),Tablo_E!$B$1:$CX$1,1))) -> 0 | N55: =IF(ISBLANK(M55),0,ABS(Uzman_E!D$4-M55)) -> 0 | O55: =IF(ISBLANK(M55),0,INDEX(Tablo_E!$B$2:$CX$102,MATCH(ROUND(Uzman_E!D$4,1),Tablo_E!$A$2:$A$102,1),MATCH(ROUND(N55,1),Tablo_E!$B$1:$CX$1,1))) -> 0 | Q55: =IF(ISBLANK(P55),0,ABS(Uzman_E!E$4-P55)) -> 0 | R55: =IF(ISBLANK(P55),0,INDEX(Tablo_E!$B$2:$CX$102,MATCH(ROUND(Uzman_E!B$4,1),Tablo_E!$A$2:$A$102,1),MATCH(ROUND(Q55,1),Tablo_E!$B$1:$CX$1,1))) -> 0 | S55: =(F55+I55+L55+O55+R55)/5 -> 0
A56: 53 | B56: =Hakemler!B56 -> 0 | C56: =Hakemler!C56 -> 0 | E56: =IF(ISBLANK(D56),0,ABS(Uzman_E!A$4-D56)) -> 0 | F56: =IF(ISBLANK(D56),0,INDEX(Tablo_E!$B$2:$CX$102,MATCH(ROUND(Uzman_E!A$4,1),Tablo_E!$A$2:$A$102,1),MATCH(ROUND(E56,1),Tablo_E!$B$1:$CX$1,1))) -> 0 | H56: =IF(ISBLANK(G56),0,ABS(Uzman_E!B$4-G56)) -> 0 | I56: =IF(ISBLANK(G56),0,INDEX(Tablo_E!$B$2:$CX$102,MATCH(ROUND(Uzman_E!B$4,1),Tablo_E!$A$2:$A$102,1),MATCH(ROUND(H56,1),Tablo_E!$B$1:$CX$1,1))) -> 0 | K56: =IF(ISBLANK(J56),0,ABS(Uzman_E!C$4-J56)) -> 0 | L56: =IF(ISBLANK(J56),0,INDEX(Tablo_E!$B$2:$CX$102,MATCH(ROUND(Uzman_E!C$4,1),Tablo_E!$A$2:$A$102,1),MATCH(ROUND(K56,1),Tablo_E!$B$1:$CX$1,1))) -> 0 | N56: =IF(ISBLANK(M56),0,ABS(Uzman_E!D$4-M56)) -> 0 | O56: =IF(ISBLANK(M56),0,INDEX(Tablo_E!$B$2:$CX$102,MATCH(ROUND(Uzman_E!D$4,1),Tablo_E!$A$2:$A$102,1),MATCH(ROUND(N56,1),Tablo_E!$B$1:$CX$1,1))) -> 0 | Q56: =IF(ISBLANK(P56),0,ABS(Uzman_E!E$4-P56)) -> 0 | R56: =IF(ISBLANK(P56),0,INDEX(Tablo_E!$B$2:$CX$102,MATCH(ROUND(Uzman_E!B$4,1),Tablo_E!$A$2:$A$102,1),MATCH(ROUND(Q56,1),Tablo_E!$B$1:$CX$1,1))) -> 0 | S56: =(F56+I56+L56+O56+R56)/5 -> 0
A57: 54 | B57: =Hakemler!B57 -> 0 | C57: =Hakemler!C57 -> 0 | E57: =IF(ISBLANK(D57),0,ABS(Uzman_E!A$4-D57)) -> 0 | F57: =IF(ISBLANK(D57),0,INDEX(Tablo_E!$B$2:$CX$102,MATCH(ROUND(Uzman_E!A$4,1),Tablo_E!$A$2:$A$102,1),MATCH(ROUND(E57,1),Tablo_E!$B$1:$CX$1,1))) -> 0 | H57: =IF(ISBLANK(G57),0,ABS(Uzman_E!B$4-G57)) -> 0 | I57: =IF(ISBLANK(G57),0,INDEX(Tablo_E!$B$2:$CX$102,MATCH(ROUND(Uzman_E!B$4,1),Tablo_E!$A$2:$A$102,1),MATCH(ROUND(H57,1),Tablo_E!$B$1:$CX$1,1))) -> 0 | K57: =IF(ISBLANK(J57),0,ABS(Uzman_E!C$4-J57)) -> 0 | L57: =IF(ISBLANK(J57),0,INDEX(Tablo_E!$B$2:$CX$102,MATCH(ROUND(Uzman_E!C$4,1),Tablo_E!$A$2:$A$102,1),MATCH(ROUND(K57,1),Tablo_E!$B$1:$CX$1,1))) -> 0 | N57: =IF(ISBLANK(M57),0,ABS(Uzman_E!D$4-M57)) -> 0 | O57: =IF(ISBLANK(M57),0,INDEX(Tablo_E!$B$2:$CX$102,MATCH(ROUND(Uzman_E!D$4,1),Tablo_E!$A$2:$A$102,1),MATCH(ROUND(N57,1),Tablo_E!$B$1:$CX$1,1))) -> 0 | Q57: =IF(ISBLANK(P57),0,ABS(Uzman_E!E$4-P57)) -> 0 | R57: =IF(ISBLANK(P57),0,INDEX(Tablo_E!$B$2:$CX$102,MATCH(ROUND(Uzman_E!B$4,1),Tablo_E!$A$2:$A$102,1),MATCH(ROUND(Q57,1),Tablo_E!$B$1:$CX$1,1))) -> 0 | S57: =(F57+I57+L57+O57+R57)/5 -> 0
A58: 55 | B58: =Hakemler!B58 -> 0 | C58: =Hakemler!C58 -> 0 | E58: =IF(ISBLANK(D58),0,ABS(Uzman_E!A$4-D58)) -> 0 | F58: =IF(ISBLANK(D58),0,INDEX(Tablo_E!$B$2:$CX$102,MATCH(ROUND(Uzman_E!A$4,1),Tablo_E!$A$2:$A$102,1),MATCH(ROUND(E58,1),Tablo_E!$B$1:$CX$1,1))) -> 0 | H58: =IF(ISBLANK(G58),0,ABS(Uzman_E!B$4-G58)) -> 0 | I58: =IF(ISBLANK(G58),0,INDEX(Tablo_E!$B$2:$CX$102,MATCH(ROUND(Uzman_E!B$4,1),Tablo_E!$A$2:$A$102,1),MATCH(ROUND(H58,1),Tablo_E!$B$1:$CX$1,1))) -> 0 | K58: =IF(ISBLANK(J58),0,ABS(Uzman_E!C$4-J58)) -> 0 | L58: =IF(ISBLANK(J58),0,INDEX(Tablo_E!$B$2:$CX$102,MATCH(ROUND(Uzman_E!C$4,1),Tablo_E!$A$2:$A$102,1),MATCH(ROUND(K58,1),Tablo_E!$B$1:$CX$1,1))) -> 0 | N58: =IF(ISBLANK(M58),0,ABS(Uzman_E!D$4-M58)) -> 0 | O58: =IF(ISBLANK(M58),0,INDEX(Tablo_E!$B$2:$CX$102,MATCH(ROUND(Uzman_E!D$4,1),Tablo_E!$A$2:$A$102,1),MATCH(ROUND(N58,1),Tablo_E!$B$1:$CX$1,1))) -> 0 | Q58: =IF(ISBLANK(P58),0,ABS(Uzman_E!E$4-P58)) -> 0 | R58: =IF(ISBLANK(P58),0,INDEX(Tablo_E!$B$2:$CX$102,MATCH(ROUND(Uzman_E!B$4,1),Tablo_E!$A$2:$A$102,1),MATCH(ROUND(Q58,1),Tablo_E!$B$1:$CX$1,1))) -> 0 | S58: =(F58+I58+L58+O58+R58)/5 -> 0
A59: 56 | B59: =Hakemler!B59 -> 0 | C59: =Hakemler!C59 -> 0 | E59: =IF(ISBLANK(D59),0,ABS(Uzman_E!A$4-D59)) -> 0 | F59: =IF(ISBLANK(D59),0,INDEX(Tablo_E!$B$2:$CX$102,MATCH(ROUND(Uzman_E!A$4,1),Tablo_E!$A$2:$A$102,1),MATCH(ROUND(E59,1),Tablo_E!$B$1:$CX$1,1))) -> 0 | H59: =IF(ISBLANK(G59),0,ABS(Uzman_E!B$4-G59)) -> 0 | I59: =IF(ISBLANK(G59),0,INDEX(Tablo_E!$B$2:$CX$102,MATCH(ROUND(Uzman_E!B$4,1),Tablo_E!$A$2:$A$102,1),MATCH(ROUND(H59,1),Tablo_E!$B$1:$CX$1,1))) -> 0 | K59: =IF(ISBLANK(J59),0,ABS(Uzman_E!C$4-J59)) -> 0 | L59: =IF(ISBLANK(J59),0,INDEX(Tablo_E!$B$2:$CX$102,MATCH(ROUND(Uzman_E!C$4,1),Tablo_E!$A$2:$A$102,1),MATCH(ROUND(K59,1),Tablo_E!$B$1:$CX$1,1))) -> 0 | N59: =IF(ISBLANK(M59),0,ABS(Uzman_E!D$4-M59)) -> 0 | O59: =IF(ISBLANK(M59),0,INDEX(Tablo_E!$B$2:$CX$102,MATCH(ROUND(Uzman_E!D$4,1),Tablo_E!$A$2:$A$102,1),MATCH(ROUND(N59,1),Tablo_E!$B$1:$CX$1,1))) -> 0 | Q59: =IF(ISBLANK(P59),0,ABS(Uzman_E!E$4-P59)) -> 0 | R59: =IF(ISBLANK(P59),0,INDEX(Tablo_E!$B$2:$CX$102,MATCH(ROUND(Uzman_E!B$4,1),Tablo_E!$A$2:$A$102,1),MATCH(ROUND(Q59,1),Tablo_E!$B$1:$CX$1,1))) -> 0 | S59: =(F59+I59+L59+O59+R59)/5 -> 0
A60: 57 | B60: =Hakemler!B60 -> 0 | C60: =Hakemler!C60 -> 0 | E60: =IF(ISBLANK(D60),0,ABS(Uzman_E!A$4-D60)) -> 0 | F60: =IF(ISBLANK(D60),0,INDEX(Tablo_E!$B$2:$CX$102,MATCH(ROUND(Uzman_E!A$4,1),Tablo_E!$A$2:$A$102,1),MATCH(ROUND(E60,1),Tablo_E!$B$1:$CX$1,1))) -> 0 | H60: =IF(ISBLANK(G60),0,ABS(Uzman_E!B$4-G60)) -> 0 | I60: =IF(ISBLANK(G60),0,INDEX(Tablo_E!$B$2:$CX$102,MATCH(ROUND(Uzman_E!B$4,1),Tablo_E!$A$2:$A$102,1),MATCH(ROUND(H60,1),Tablo_E!$B$1:$CX$1,1))) -> 0 | K60: =IF(ISBLANK(J60),0,ABS(Uzman_E!C$4-J60)) -> 0 | L60: =IF(ISBLANK(J60),0,INDEX(Tablo_E!$B$2:$CX$102,MATCH(ROUND(Uzman_E!C$4,1),Tablo_E!$A$2:$A$102,1),MATCH(ROUND(K60,1),Tablo_E!$B$1:$CX$1,1))) -> 0 | N60: =IF(ISBLANK(M60),0,ABS(Uzman_E!D$4-M60)) -> 0 | O60: =IF(ISBLANK(M60),0,INDEX(Tablo_E!$B$2:$CX$102,MATCH(ROUND(Uzman_E!D$4,1),Tablo_E!$A$2:$A$102,1),MATCH(ROUND(N60,1),Tablo_E!$B$1:$CX$1,1))) -> 0 | Q60: =IF(ISBLANK(P60),0,ABS(Uzman_E!E$4-P60)) -> 0 | R60: =IF(ISBLANK(P60),0,INDEX(Tablo_E!$B$2:$CX$102,MATCH(ROUND(Uzman_E!B$4,1),Tablo_E!$A$2:$A$102,1),MATCH(ROUND(Q60,1),Tablo_E!$B$1:$CX$1,1))) -> 0 | S60: =(F60+I60+L60+O60+R60)/5 -> 0
A61: 58 | B61: =Hakemler!B61 -> 0 | C61: =Hakemler!C61 -> 0 | E61: =IF(ISBLANK(D61),0,ABS(Uzman_E!A$4-D61)) -> 0 | F61: =IF(ISBLANK(D61),0,INDEX(Tablo_E!$B$2:$CX$102,MATCH(ROUND(Uzman_E!A$4,1),Tablo_E!$A$2:$A$102,1),MATCH(ROUND(E61,1),Tablo_E!$B$1:$CX$1,1))) -> 0 | H61: =IF(ISBLANK(G61),0,ABS(Uzman_E!B$4-G61)) -> 0 | I61: =IF(ISBLANK(G61),0,INDEX(Tablo_E!$B$2:$CX$102,MATCH(ROUND(Uzman_E!B$4,1),Tablo_E!$A$2:$A$102,1),MATCH(ROUND(H61,1),Tablo_E!$B$1:$CX$1,1))) -> 0 | K61: =IF(ISBLANK(J61),0,ABS(Uzman_E!C$4-J61)) -> 0 | L61: =IF(ISBLANK(J61),0,INDEX(Tablo_E!$B$2:$CX$102,MATCH(ROUND(Uzman_E!C$4,1),Tablo_E!$A$2:$A$102,1),MATCH(ROUND(K61,1),Tablo_E!$B$1:$CX$1,1))) -> 0 | N61: =IF(ISBLANK(M61),0,ABS(Uzman_E!D$4-M61)) -> 0 | O61: =IF(ISBLANK(M61),0,INDEX(Tablo_E!$B$2:$CX$102,MATCH(ROUND(Uzman_E!D$4,1),Tablo_E!$A$2:$A$102,1),MATCH(ROUND(N61,1),Tablo_E!$B$1:$CX$1,1))) -> 0 | Q61: =IF(ISBLANK(P61),0,ABS(Uzman_E!E$4-P61)) -> 0 | R61: =IF(ISBLANK(P61),0,INDEX(Tablo_E!$B$2:$CX$102,MATCH(ROUND(Uzman_E!B$4,1),Tablo_E!$A$2:$A$102,1),MATCH(ROUND(Q61,1),Tablo_E!$B$1:$CX$1,1))) -> 0 | S61: =(F61+I61+L61+O61+R61)/5 -> 0
... A103: 100 | B103: =Hakemler!B103 -> 0 | C103: =Hakemler!C103 -> 0 | E103: =IF(ISBLANK(D103),0,ABS(Uzman_E!A$4-D103)) -> 0 | F103: =IF(ISBLANK(D103),0,INDEX(Tablo_E!$B$2:$CX$102,MATCH(ROUND(Uzman_E!A$4,1),Tablo_E!$A$2:$A$102,1),MATCH(ROUND(E103,1),Tablo_E!$B$1:$CX$1,1))) -> 0 | H103: =IF(ISBLANK(G103),0,ABS(Uzman_E!B$4-G103)) -> 0 | I103: =IF(ISBLANK(G103),0,INDEX(Tablo_E!$B$2:$CX$102,MATCH(ROUND(Uzman_E!B$4,1),Tablo_E!$A$2:$A$102,1),MATCH(ROUND(H103,1),Tablo_E!$B$1:$CX$1,1))) -> 0 | K103: =IF(ISBLANK(J103),0,ABS(Uzman_E!C$4-J103)) -> 0 | L103: =IF(ISBLANK(J103),0,INDEX(Tablo_E!$B$2:$CX$102,MATCH(ROUND(Uzman_E!C$4,1),Tablo_E!$A$2:$A$102,1),MATCH(ROUND(K103,1),Tablo_E!$B$1:$CX$1,1))) -> 0 | N103: =IF(ISBLANK(M103),0,ABS(Uzman_E!D$4-M103)) -> 0 | O103: =IF(ISBLANK(M103),0,INDEX(Tablo_E!$B$2:$CX$102,MATCH(ROUND(Uzman_E!D$4,1),Tablo_E!$A$2:$A$102,1),MATCH(ROUND(N103,1),Tablo_E!$B$1:$CX$1,1))) -> 0 | Q103: =IF(ISBLANK(P103),0,ABS(Uzman_E!E$4-P103)) -> 0 | R103: =IF(ISBLANK(P103),0,INDEX(Tablo_E!$B$2:$CX$102,MATCH(ROUND(Uzman_E!B$4,1),Tablo_E!$A$2:$A$102,1),MATCH(ROUND(Q103,1),Tablo_E!$B$1:$CX$1,1))) -> 0 | S103: =(F103+I103+L103+O103+R103)/5 -> 0

Sheet KP_D
A1: KIZ PARALELI - D Puanı
A2: No. | B2: Soyadı | C2: Adı | D2: D1 | Q2: D2 | AD2: D3 | AQ2: D4 | BD2: D5
D3: A | E3: B | F3: C | G3: D | H3: E | I3: F | J3: G | K3: H | L3: I | M3: J | N3: KG | O3: BD | P3: P | Q3: A | R3: B | S3: C | T3: D | U3: E | V3: F | W3: G | X3: H | Y3: I | Z3: J | AA3: KG | AB3: BD | AC3: P | AD3: A | AE3: B | AF3: C | AG3: D | AH3: E | AI3: F | AJ3: G | AK3: H | AL3: I | AM3: J | AN3: KG | AO3: BD | AP3: P | AQ3: A | AR3: B | AS3: C | AT3: D | AU3: E | AV3: F | AW3: G | AX3: H | AY3: I | AZ3: J | BA3: KG | BB3: BD | BC3: P | BD3: A | BE3: B | BF3: C | BG3: D | BH3: E | BI3: F | BJ3: G | BK3: H | BL3: I | BM3: J | BN3: KG | BO3: BD | BP3: P | BQ3: Ortalama
A4: 1 | B4: =Hakemler!B4 -> YAZICI | C4: =Hakemler!C4 -> SUZAN | D4: 1 | E4: 4 | F4: 2 | G4: 1 | H4: 0 | I4: 0 | J4: 0 | K4: 0 | L4: 0 | M4: 0 | N4: 2 | O4: 0 | P4: 1 | Q4: 0 | R4: 3 | S4: 1 | T4: 4 | U4: 0 | V4: 0 | W4: 0 | X4: 0 | Y4: 0 | Z4: 0 | AA4: 2 | AB4: 0.2 | AC4: 0.9 | AD4: 0 | AE4: 4 | AF4: 3 | AG4: 1 | AH4: 0 | AI4: 0 | AJ4: 0 | AK4: 0 | AL4: 0 | AM4: 0 | AN4: 1.5 | AO4: 0 | AP4: 0.8 | AQ4: 0 | AR4: 0 | AS4: 1 | AT4: 4 | AU4: 2 | AV4: 1 | AW4: 0 | AX4: 0 | AY4: 0 | AZ4: 0 | BA4: 2 | BB4: 0.5 | BC4: 1 | BD4: 0 | BE4: 0 | BF4: 0 | BG4: 6 | BH4: 1 | BI4: 1 | BJ4: 0 | BK4: 0 | BL4: 0 | BM4: 0 | BN4: 2 | BO4: 0.9 | BP4: 0.9 | BQ4: =(P4+AC4+AP4+BC4+BP4)/5 -> 0.92
A5: 2 | B5: =Hakemler!B5 -> ASLAN | C5: =Hakemler!C5 -> SEMA FİDEL | D5: 1 | E5: 4 | F5: 1 | G5: 2 | H5: 0 | I5: 0 | J5: 0 | K5: 0 | L5: 0 | M5: 0 | N5: 2 | O5: 0 | P5: =1-(SUM(IF(D5-Uzman_D!$B$4<0,-(D5-Uzman_D!$B$4),D5-Uzman_D!$B$4)*0.1+IF(E5-Uzman_D!$C$4<0,-(E5-Uzman_D!$C$4),E5-Uzman_D!$C$4)*0.1+IF(F5-Uzman_D!$D$4<0,-(F5-Uzman_D!$D$4),F5-Uzman_D!$D$4)*0.1+IF(G5-Uzman_D!$E$4<0,-(G5-Uzman_D!$E$4),G5-Uzman_D!$E$4)*0.1+IF(H5-Uzman_D!$F$4<0,-(H5-Uzman_D!$F$4),H5-Uzman_D!$F$4)*0.1+IF(I5-Uzman_D!$G$4<0,-(I5-Uzman_D!$G$4),I5-Uzman_D!$G$4)*0.1+IF(J5-Uzman_D!$H$4<0,-(J5-Uzman_D!$H$4),J5-Uzman_D!$H$4)*0.1+IF(K5-Uzman_D!$I$4<0,-(K5-Uzman_D!$I$4),K5-Uzman_D!$I$4)*0.1+IF(L5-Uzman_D!$J$4<0,-(L5-Uzman_D!$J$4),L5-Uzman_D!$J$4)*0.1)+IF(ROUND((IF(N5-Uzman_D!$L$4<0,-(N5-Uzman_D!$L$4),N5-Uzman_D!$L$4)*2),0)/2=IF(N5-Uzman_D!$L$4<0,-(N5-Uzman_D!$L$4),N5-Uzman_D!$L$4),(ROUND((IF(N5-Uzman_D!$L$4<0,-(N5-Uzman_D!$L$4),N5-Uzman_D!$L$4)*2),0)/1*0.1),0)+IF(O5-Uzman_D!$M$4<0,-(O5-Uzman_D!$M$4),O5-Uzman_D!$M$4)*1) -> 0.8 | Q5: 0 | R5: 3 | S5: 1 | T5: 4 | U5: 0 | V5: 0 | W5: 0 | X5: 0 | Y5: 0 | Z5: 0 | AA5: 2 | AB5: 0.2 | AC5: =1-(SUM(IF(Q5-Uzman_D!$B$5<0,-(Q5-Uzman_D!$B$5),Q5-Uzman_D!$B$5)*0.1+IF(R5-Uzman_D!$C$5<0,-(R5-Uzman_D!$C$5),R5-Uzman_D!$C$5)*0.1+IF(S5-Uzman_D!$D$5<0,-(S5-Uzman_D!$D$5),S5-Uzman_D!$D$5)*0.1+IF(T5-Uzman_D!$E$5<0,-(T5-Uzman_D!$E$5),T5-Uzman_D!$E$5)*0.1+IF(U5-Uzman_D!$F$5<0,-(U5-Uzman_D!$F$5),U5-Uzman_D!$F$5)*0.1+IF(V5-Uzman_D!$G$5<0,-(V5-Uzman_D!$G$5),V5-Uzman_D!$G$5)*0.1+IF(W5-Uzman_D!$H$5<0,-(W5-Uzman_D!$H$5),W5-Uzman_D!$H$5)*0.1+IF(X5-Uzman_D!$I$5<0,-(X5-Uzman_D!$I$5),X5-Uzman_D!$I$5)*0.1+IF(Y5-Uzman_D!$J$5<0,-(Y5-Uzman_D!$J$5),Y5-Uzman_D!$J$5)*0.1)+IF(ROUND((IF(AA5-Uzman_D!$L$5<0,-(AA5-Uzman_D!$L$5),AA5-Uzman_D!$L$5)*2),0)/2=IF(AA5-Uzman_D!$L$5<0,-(AA5-Uzman_D!$L$5),AA5-Uzman_D!$L$5),(ROUND((IF(AA5-Uzman_D!$L$5<0,-(AA5-Uzman_D!$L$5),AA5-Uzman_D!$L$5)*2),0)/1*0.1),0)+IF(AB5-Uzman_D!$M$5<0,-(AB5-Uzman_D!$M$5),AB5-Uzman_D!$M$5)*1) -> 1 | AD5: 0 | AE5: 3 | AF5: 4 | AG5: 1 | AH5: 0 | AI5: 0 | AJ5: 0 | AK5: 0 | AL5: 0 | AM5: 0 | AN5: 1.5 | AO5: 0 | AP5: =1-(SUM(IF(AD5-Uzman_D!$B$6<0,-(AD5-Uzman_D!$B$6),AD5-Uzman_D!$B$6)*0.1+IF(AE5-Uzman_D!$C$6<0,-(AE5-Uzman_D!$C$6),AE5-Uzman_D!$C$6)*0.1+IF(AF5-Uzman_D!$D$6<0,-(AF5-Uzman_D!$D$6),AF5-Uzman_D!$D$6)*0.1+IF(AG5-Uzman_D!$E$6<0,-(AG5-Uzman_D!$E$6),AG5-Uzman_D!$E$6)*0.1+IF(AH5-Uzman_D!$F$6<0,-(AH5-Uzman_D!$F$6),AH5-Uzman_D!$F$6)*0.1+IF(AI5-Uzman_D!$G$6<0,-(AI5-Uzman_D!$G$6),AI5-Uzman_D!$G$6)*0.1+IF(AJ5-Uzman_D!$H$6<0,-(AJ5-Uzman_D!$H$6),AJ5-Uzman_D!$H$6)*0.1+IF(AK5-Uzman_D!$I$6<0,-(AK5-Uzman_D!$I$6),AK5-Uzman_D!$I$6)*0.1+IF(AL5-Uzman_D!$J$6<0,-(AL5-Uzman_D!$J$6),AL5-Uzman_D!$J$6)*0.1)+IF(ROUND((IF(AN5-Uzman_D!$L$6<0,-(AN5-Uzman_D!$L$6),AN5-Uzman_D!$L$6)*2),0)/2=IF(AN5-Uzman_D!$L$6<0,-(AN5-Uzman_D!$L$6),AN5-Uzman_D!$L$6),(ROUND((IF(AN5-Uzman_D!$L$6<0,-(AN5-Uzman_D!$L$6),AN5-Uzman_D!$L$6)*2),0)/1*0.1),0)+IF(AO5-Uzman_D!$M$6<0,-(AO5-Uzman_D!$M$6),AO5-Uzman_D!$M$6)*1) -> 1 | AQ5: 0 | AR5: 0 | AS5: 1 | AT5: 4 | AU5: 2 | AV5: 1 | AW5: 0 | AX5: 0 | AY5: 0 | AZ5: 0 | BA5: 2 | BB5: 0.5 | BC5: =1-(SUM(IF(AQ5-Uzman_D!$B$7<0,-(AQ5-Uzman_D!$B$7),AQ5-Uzman_D!$B$7)*0.1+IF(AR5-Uzman_D!$C$7<0,-(AR5-Uzman_D!$C$7),AR5-Uzman_D!$C$7)*0.1+IF(AS5-Uzman_D!$D$7<0,-(AS5-Uzman_D!$D$7),AS5-Uzman_D!$D$7)*0.1+IF(AT5-Uzman_D!$E$7<0,-(AT5-Uzman_D!$E$7),AT5-Uzman_D!$E$7)*0.1+IF(AU5-Uzman_D!$F$7<0,-(AU5-Uzman_D!$F$7),AU5-Uzman_D!$F$7)*0.1+IF(AV5-Uzman_D!$G$7<0,-(AV5-Uzman_D!$G$7),AV5-Uzman_D!$G$7)*0.1+IF(AW5-Uzman_D!$H$7<0,-(AW5-Uzman_D!$H$7),AW5-Uzman_D!$H$7)*0.1+IF(AX5-Uzman_D!$I$7<0,-(AX5-Uzman_D!$I$7),AX5-Uzman_D!$I$7)*0.1+IF(AY5-Uzman_D!$J$7<0,-(AY5-Uzman_D!$J$7),AY5-Uzman_D!$J$7)*0.1)+IF(ROUND((IF(BA5-Uzman_D!$L$7<0,-(BA5-Uzman_D!$L$7),BA5-Uzman_D!$L$7)*2),0)/2=IF(BA5-Uzman_D!$L$7<0,-(BA5-Uzman_D!$L$7),BA5-Uzman_D!$L$7),(ROUND((IF(BA5-Uzman_D!$L$7<0,-(BA5-Uzman_D!$L$7),BA5-Uzman_D!$L$7)*2),0)/1*0.1),0)+IF(BB5-Uzman_D!$M$7<0,-(BB5-Uzman_D!$M$7),BB5-Uzman_D!$M$7)*1) -> 1 | BD5: 0 | BE5: 0 | BF5: 1 | BG5: 5 | BH5: 1 | BI5: 1 | BJ5: 0 | BK5: 0 | BL5: 0 | BM5: 0 | BN5: 2 | BO5: 0.7 | BP5: =1-(SUM(IF(BD5-Uzman_D!$B$8<0,-(BD5-Uzman_D!$B$8),BD5-Uzman_D!$B$8)*0.1+IF(BE5-Uzman_D!$C$8<0,-(BE5-Uzman_D!$C$8),BE5-Uzman_D!$C$8)*0.1+IF(BF5-Uzman_D!$D$8<0,-(BF5-Uzman_D!$D$8),BF5-Uzman_D!$D$8)*0.1+IF(BG5-Uzman_D!$E$8<0,-(BG5-Uzman_D!$E$8),BG5-Uzman_D!$E$8)*0.1+IF(BH5-Uzman_D!$F$8<0,-(BH5-Uzman_D!$F$8),BH5-Uzman_D!$F$8)*0.1+IF(BI5-Uzman_D!$G$8<0,-(BI5-Uzman_D!$G$8),BI5-Uzman_D!$G$8)*0.1+IF(BJ5-Uzman_D!$H$8<0,-(BJ5-Uzman_D!$H$8),BJ5-Uzman_D!$H$8)*0.1+IF(BK5-Uzman_D!$I$8<0,-(BK5-Uzman_D!$I$8),BK5-Uzman_D!$I$8)*0.1+IF(BL5-Uzman_D!$J$8<0,-(BL5-Uzman_D!$J$8),BL5-Uzman_D!$J$8)*0.1)+IF(ROUND((IF(BN5-Uzman_D!$L$8<0,-(BN5-Uzman_D!$L$8),BN5-Uzman_D!$L$8)*2),0)/2=IF(BN5-Uzman_D!$L$8<0,-(BN5-Uzman_D!$L$8),BN5-Uzman_D!$L$8),(ROUND((IF(BN5-Uzman_D!$L$8<0,-(BN5-Uzman_D!$L$8),BN5-Uzman_D!$L$8)*2),0)/1*0.1),0)+IF(BO5-Uzman_D!$M$8<0,-(BO5-Uzman_D!$M$8),BO5-Uzman_D!$M$8)*1) -> 0.7 | BQ5: =(P5+AC5+AP5+BC5+BP5)/5 -> 0.9
A6: 3 | B6: =Hakemler!B6 -> TUNA | C6: =Hakemler!C6 -> MUNİSE | P6: =1-(SUM(IF(D6-Uzman_D!$B$4<0,-(D6-Uzman_D!$B$4),D6-Uzman_D!$B$4)*0.1+IF(E6-Uzman_D!$C$4<0,-(E6-Uzman_D!$C$4),E6-Uzman_D!$C$4)*0.1+IF(F6-Uzman_D!$D$4<0,-(F6-Uzman_D!$D$4),F6-Uzman_D!$D$4)*0.1+IF(G6-Uzman_D!$E$4<0,-(G6-Uzman_D!$E$4),G6-Uzman_D!$E$4)*0.1+IF(H6-Uzman_D!$F$4<0,-(H6-Uzman_D!$F$4),H6-Uzman_D!$F$4)*0.1+IF(I6-Uzman_D!$G$4<0,-(I6-Uzman_D!$G$4),I6-Uzman_D!$G$4)*0.1+IF(J6-Uzman_D!$H$4<0,-(J6-Uzman_D!$H$4),J6-Uzman_D!$H$4)*0.1+IF(K6-Uzman_D!$I$4<0,-(K6-Uzman_D!$I$4),K6-Uzman_D!$I$4)*0.1+IF(L6-Uzman_D!$J$4<0,-(L6-Uzman_D!$J$4),L6-Uzman_D!$J$4)*0.1)+IF(ROUND((IF(N6-Uzman_D!$L$4<0,-(N6-Uzman_D!$L$4),N6-Uzman_D!$L$4)*2),0)/2=IF(N6-Uzman_D!$L$4<0,-(N6-Uzman_D!$L$4),N6-Uzman_D!$L$4),(ROUND((IF(N6-Uzman_D!$L$4<0,-(N6-Uzman_D!$L$4),N6-Uzman_D!$L$4)*2),0)/1*0.1),0)+IF(O6-Uzman_D!$M$4<0,-(O6-Uzman_D!$M$4),O6-Uzman_D!$M$4)*1) -> -0.2 | AC6: =1-(SUM(IF(Q6-Uzman_D!$B$5<0,-(Q6-Uzman_D!$B$5),Q6-Uzman_D!$B$5)*0.1+IF(R6-Uzman_D!$C$5<0,-(R6-Uzman_D!$C$5),R6-Uzman_D!$C$5)*0.1+IF(S6-Uzman_D!$D$5<0,-(S6-Uzman_D!$D$5),S6-Uzman_D!$D$5)*0.1+IF(T6-Uzman_D!$E$5<0,-(T6-Uzman_D!$E$5),T6-Uzman_D!$E$5)*0.1+IF(U6-Uzman_D!$F$5<0,-(U6-Uzman_D!$F$5),U6-Uzman_D!$F$5)*0.1+IF(V6-Uzman_D!$G$5<0,-(V6-Uzman_D!$G$5),V6-Uzman_D!$G$5)*0.1+IF(W6-Uzman_D!$H$5<0,-(W6-Uzman_D!$H$5),W6-Uzman_D!$H$5)*0.1+IF(X6-Uzman_D!$I$5<0,-(X6-Uzman_D!$I$5),X6-Uzman_D!$I$5)*0.1+IF(Y6-Uzman_D!$J$5<0,-(Y6-Uzman_D!$J$5),Y6-Uzman_D!$J$5)*0.1)+IF(ROUND((IF(AA6-Uzman_D!$L$5<0,-(AA6-Uzman_D!$L$5),AA6-Uzman_D!$L$5)*2),0)/2=IF(AA6-Uzman_D!$L$5<0,-(AA6-Uzman_D!$L$5),AA6-Uzman_D!$L$5),(ROUND((IF(AA6-Uzman_D!$L$5<0,-(AA6-Uzman_D!$L$5),AA6-Uzman_D!$L$5)*2),0)/1*0.1),0)+IF(AB6-Uzman_D!$M$5<0,-(AB6-Uzman_D!$M$5),AB6-Uzman_D!$M$5)*1) -> -0.4 | AP6: =1-(SUM(IF(AD6-Uzman_D!$B$6<0,-(AD6-Uzman_D!$B$6),AD6-Uzman_D!$B$6)*0.1+IF(AE6-Uzman_D!$C$6<0,-(AE6-Uzman_D!$C$6),AE6-Uzman_D!$C$6)*0.1+IF(AF6-Uzman_D!$D$6<0,-(AF6-Uzman_D!$D$6),AF6-Uzman_D!$D$6)*0.1+IF(AG6-Uzman_D!$E$6<0,-(AG6-Uzman_D!$E$6),AG6-Uzman_D!$E$6)*0.1+IF(AH6-Uzman_D!$F$6<0,-(AH6-Uzman_D!$F$6),AH6-Uzman_D!$F$6)*0.1+IF(AI6-Uzman_D!$G$6<0,-(AI6-Uzman_D!$G$6),AI6-Uzman_D!$G$6)*0.1+IF(AJ6-Uzman_D!$H$6<0,-(AJ6-Uzman_D!$H$6),AJ6-Uzman_D!$H$6)*0.1+IF(AK6-Uzman_D!$I$6<0,-(AK6-Uzman_D!$I$6),AK6-Uzman_D!$I$6)*0.1+IF(AL6-Uzman_D!$J$6<0,-(AL6-Uzman_D!$J$6),AL6-Uzman_D!$J$6)*0.1)+IF(ROUND((IF(AN6-Uzman_D!$L$6<0,-(AN6-Uzman_D!$L$6),AN6-Uzman_D!$L$6)*2),0)/2=IF(AN6-Uzman_D!$L$6<0,-(AN6-Uzman_D!$L$6),AN6-Uzman_D!$L$6),(ROUND((IF(AN6-Uzman_D!$L$6<0,-(AN6-Uzman_D!$L$6),AN6-Uzman_D!$L$6)*2),0)/1*0.1),0)+IF(AO6-Uzman_D!$M$6<0,-(AO6-Uzman_D!$M$6),AO6-Uzman_D!$M$6)*1) -> -0.1 | BC6: =1-(SUM(IF(AQ6-Uzman_D!$B$7<0,-(AQ6-Uzman_D!$B$7),AQ6-Uzman_D!$B$7)*0.1+IF(AR6-Uzman_D!$C$7<0,-(AR6-Uzman_D!$C$7),AR6-Uzman_D!$C$7)*0.1+IF(AS6-Uzman_D!$D$7<0,-(AS6-Uzman_D!$D$7),AS6-Uzman_D!$D$7)*0.1+IF(AT6-Uzman_D!$E$7<0,-(AT6-Uzman_D!$E$7),AT6-Uzman_D!$E$7)*0.1+IF(AU6-Uzman_D!$F$7<0,-(AU6-Uzman_D!$F$7),AU6-Uzman_D!$F$7)*0.1+IF(AV6-Uzman_D!$G$7<0,-(AV6-Uzman_D!$G$7),AV6-Uzman_D!$G$7)*0.1+IF(AW6-Uzman_D!$H$7<0,-(AW6-Uzman_D!$H$7),AW6-Uzman_D!$H$7)*0.1+IF(AX6-Uzman_D!$I$7<0,-(AX6-Uzman_D!$I$7),AX6-Uzman_D!$I$7)*0.1+IF(AY6-Uzman_D!$J$7<0,-(AY6-Uzman_D!$J$7),AY6-Uzman_D!$J$7)*0.1)+IF(ROUND((IF(BA6-Uzman_D!$L$7<0,-(BA6-Uzman_D!$L$7),BA6-Uzman_D!$L$7)*2),0)/2=IF(BA6-Uzman_D!$L$7<0,-(BA6-Uzman_D!$L$7),BA6-Uzman_D!$L$7),(ROUND((IF(BA6-Uzman_D!$L$7<0,-(BA6-Uzman_D!$L$7),BA6-Uzman_D!$L$7)*2),0)/1*0.1),0)+IF(BB6-Uzman_D!$M$7<0,-(BB6-Uzman_D!$M$7),BB6-Uzman_D!$M$7)*1) -> -0.7 | BP6: =1-(SUM(IF(BD6-Uzman_D!$B$8<0,-(BD6-Uzman_D!$B$8),BD6-Uzman_D!$B$8)*0.1+IF(BE6-Uzman_D!$C$8<0,-(BE6-Uzman_D!$C$8),BE6-Uzman_D!$C$8)*0.1+IF(BF6-Uzman_D!$D$8<0,-(BF6-Uzman_D!$D$8),BF6-Uzman_D!$D$8)*0.1+IF(BG6-Uzman_D!$E$8<0,-(BG6-Uzman_D!$E$8),BG6-Uzman_D!$E$8)*0.1+IF(BH6-Uzman_D!$F$8<0,-(BH6-Uzman_D!$F$8),BH6-Uzman_D!$F$8)*0.1+IF(BI6-Uzman_D!$G$8<0,-(BI6-Uzman_D!$G$8),BI6-Uzman_D!$G$8)*0.1+IF(BJ6-Uzman_D!$H$8<0,-(BJ6-Uzman_D!$H$8),BJ6-Uzman_D!$H$8)*0.1+IF(BK6-Uzman_D!$I$8<0,-(BK6-Uzman_D!$I$8),BK6-Uzman_D!$I$8)*0.1+IF(BL6-Uzman_D!$J$8<0,-(BL6-Uzman_D!$J$8),BL6-Uzman_D!$J$8)*0.1)+IF(ROUND((IF(BN6-Uzman_D!$L$8<0,-(BN6-Uzman_D!$L$8),BN6-Uzman_D!$L$8)*2),0)/2=IF(BN6-Uzman_D!$L$8<0,-(BN6-Uzman_D!$L$8),BN6-Uzman_D!$L$8),(ROUND((IF(BN6-Uzman_D!$L$8<0,-(BN6-Uzman_D!$L$8),BN6-Uzman_D!$L$8)*2),0)/1*0.1),0)+IF(BO6-Uzman_D!$M$8<0,-(BO6-Uzman_D!$M$8),BO6-Uzman_D!$M$8)*1) -> -1 | BQ6: =(P6+AC6+AP6+BC6+BP6)/5 -> -0.48
A7: 4 | B7: =Hakemler!B7 -> ÜNAL | C7: =Hakemler!C7 -> FATMA HANIM | P7: =1-(SUM(IF(D7-Uzman_D!$B$4<0,-(D7-Uzman_D!$B$4),D7-Uzman_D!$B$4)*0.1+IF(E7-Uzman_D!$C$4<0,-(E7-Uzman_D!$C$4),E7-Uzman_D!$C$4)*0.1+IF(F7-Uzman_D!$D$4<0,-(F7-Uzman_D!$D$4),F7-Uzman_D!$D$4)*0.1+IF(G7-Uzman_D!$E$4<0,-(G7-Uzman_D!$E$4),G7-Uzman_D!$E$4)*0.1+IF(H7-Uzman_D!$F$4<0,-(H7-Uzman_D!$F$4),H7-Uzman_D!$F$4)*0.1+IF(I7-Uzman_D!$G$4<0,-(I7-Uzman_D!$G$4),I7-Uzman_D!$G$4)*0.1+IF(J7-Uzman_D!$H$4<0,-(J7-Uzman_D!$H$4),J7-Uzman_D!$H$4)*0.1+IF(K7-Uzman_D!$I$4<0,-(K7-Uzman_D!$I$4),K7-Uzman_D!$I$4)*0.1+IF(L7-Uzman_D!$J$4<0,-(L7-Uzman_D!$J$4),L7-Uzman_D!$J$4)*0.1)+IF(ROUND((IF(N7-Uzman_D!$L$4<0,-(N7-Uzman_D!$L$4),N7-Uzman_D!$L$4)*2),0)/2=IF(N7-Uzman_D!$L$4<0,-(N7-Uzman_D!$L$4),N7-Uzman_D!$L$4),(ROUND((IF(N7-Uzman_D!$L$4<0,-(N7-Uzman_D!$L$4),N7-Uzman_D!$L$4)*2),0)/1*0.1),0)+IF(O7-Uzman_D!$M$4<0,-(O7-Uzman_D!$M$4),O7-Uzman_D!$M$4)*1) -> -0.2 | AC7: =1-(SUM(IF(Q7-Uzman_D!$B$5<0,-(Q7-Uzman_D!$B$5),Q7-Uzman_D!$B$5)*0.1+IF(R7-Uzman_D!$C$5<0,-(R7-Uzman_D!$C$5),R7-Uzman_D!$C$5)*0.1+IF(S7-Uzman_D!$D$5<0,-(S7-Uzman_D!$D$5),S7-Uzman_D!$D$5)*0.1+IF(T7-Uzman_D!$E$5<0,-(T7-Uzman_D!$E$5),T7-Uzman_D!$E$5)*0.1+IF(U7-Uzman_D!$F$5<0,-(U7-Uzman_D!$F$5),U7-Uzman_D!$F$5)*0.1+IF(V7-Uzman_D!$G$5<0,-(V7-Uzman_D!$G$5),V7-Uzman_D!$G$5)*0.1+IF(W7-Uzman_D!$H$5<0,-(W7-Uzman_D!$H$5),W7-Uzman_D!$H$5)*0.1+IF(X7-Uzman_D!$I$5<0,-(X7-Uzman_D!$I$5),X7-Uzman_D!$I$5)*0.1+IF(Y7-Uzman_D!$J$5<0,-(Y7-Uzman_D!$J$5),Y7-Uzman_D!$J$5)*0.1)+IF(ROUND((IF(AA7-Uzman_D!$L$5<0,-(AA7-Uzman_D!$L$5),AA7-Uzman_D!$L$5)*2),0)/2=IF(AA7-Uzman_D!$L$5<0,-(AA7-Uzman_D!$L$5),AA7-Uzman_D!$L$5),(ROUND((IF(AA7-Uzman_D!$L$5<0,-(AA7-Uzman_D!$L$5),AA7-Uzman_D!$L$5)*2),0)/1*0.1),0)+IF(AB7-Uzman_D!$M$5<0,-(AB7-Uzman_D!$M$5),AB7-Uzman_D!$M$5)*1) -> -0.4 | AP7: =1-(SUM(IF(AD7-Uzman_D!$B$6<0,-(AD7-Uzman_D!$B$6),AD7-Uzman_D!$B$6)*0.1+IF(AE7-Uzman_D!$C$6<0,-(AE7-Uzman_D!$C$6),AE7-Uzman_D!$C$6)*0.1+IF(AF7-Uzman_D!$D$6<0,-(AF7-Uzman_D!$D$6),AF7-Uzman_D!$D$6)*0.1+IF(AG7-Uzman_D!$E$6<0,-(AG7-Uzman_D!$E$6),AG7-Uzman_D!$E$6)*0.1+IF(AH7-Uzman_D!$F$6<0,-(AH7-Uzman_D!$F$6),AH7-Uzman_D!$F$6)*0.1+IF(AI7-Uzman_D!$G$6<0,-(AI7-Uzman_D!$G$6),AI7-Uzman_D!$G$6)*0.1+IF(AJ7-Uzman_D!$H$6<0,-(AJ7-Uzman_D!$H$6),AJ7-Uzman_D!$H$6)*0.1+IF(AK7-Uzman_D!$I$6<0,-(AK7-Uzman_D!$I$6),AK7-Uzman_D!$I$6)*0.1+IF(AL7-Uzman_D!$J$6<0,-(AL7-Uzman_D!$J$6),AL7-Uzman_D!$J$6)*0.1)+IF(ROUND((IF(AN7-Uzman_D!$L$6<0,-(AN7-Uzman_D!$L$6),AN7-Uzman_D!$L$6)*2),0)/2=IF(AN7-Uzman_D!$L$6<0,-(AN7-Uzman_D!$L$6),AN7-Uzman_D!$L$6),(ROUND((IF(AN7-Uzman_D!$L$6<0,-(AN7-Uzman_D!$L$6),AN7-Uzman_D!$L$6)*2),0)/1*0.1),0)+IF(AO7-Uzman_D!$M$6<0,-(AO7-Uzman_D!$M$6),AO7-Uzman_D!$M$6)*1) -> -0.1 | BC7: =1-(SUM(IF(AQ7-Uzman_D!$B$7<0,-(AQ7-Uzman_D!$B$7),AQ7-Uzman_D!$B$7)*0.1+IF(AR7-Uzman_D!$C$7<0,-(AR7-Uzman_D!$C$7),AR7-Uzman_D!$C$7)*0.1+IF(AS7-Uzman_D!$D$7<0,-(AS7-Uzman_D!$D$7),AS7-Uzman_D!$D$7)*0.1+IF(AT7-Uzman_D!$E$7<0,-(AT7-Uzman_D!$E$7),AT7-Uzman_D!$E$7)*0.1+IF(AU7-Uzman_D!$F$7<0,-(AU7-Uzman_D!$F$7),AU7-Uzman_D!$F$7)*0.1+IF(AV7-Uzman_D!$G$7<0,-(AV7-Uzman_D!$G$7),AV7-Uzman_D!$G$7)*0.1+IF(AW7-Uzman_D!$H$7<0,-(AW7-Uzman_D!$H$7),AW7-Uzman_D!$H$7)*0.1+IF(AX7-Uzman_D!$I$7<0,-(AX7-Uzman_D!$I$7),AX7-Uzman_D!$I$7)*0.1+IF(AY7-Uzman_D!$J$7<0,-(AY7-Uzman_D!$J$7),AY7-Uzman_D!$J$7)*0.1)+IF(ROUND((IF(BA7-Uzman_D!$L$7<0,-(BA7-Uzman_D!$L$7),BA7-Uzman_D!$L$7)*2),0)/2=IF(BA7-Uzman_D!$L$7<0,-(BA7-Uzman_D!$L$7),BA7-Uzman_D!$L$7),(ROUND((IF(BA7-Uzman_D!$L$7<0,-(BA7-Uzman_D!$L$7),BA7-Uzman_D!$L$7)*2),0)/1*0.1),0)+IF(BB7-Uzman_D!$M$7<0,-(BB7-Uzman_D!$M$7),BB7-Uzman_D!$M$7)*1) -> -0.7 | BP7: =1-(SUM(IF(BD7-Uzman_D!$B$8<0,-(BD7-Uzman_D!$B$8),BD7-Uzman_D!$B$8)*0.1+IF(BE7-Uzman_D!$C$8<0,-(BE7-Uzman_D!$C$8),BE7-Uzman_D!$C$8)*0.1+IF(BF7-Uzman_D!$D$8<0,-(BF7-Uzman_D!$D$8),BF7-Uzman_D!$D$8)*0.1+IF(BG7-Uzman_D!$E$8<0,-(BG7-Uzman_D!$E$8),BG7-Uzman_D!$E$8)*0.1+IF(BH7-Uzman_D!$F$8<0,-(BH7-Uzman_D!$F$8),BH7-Uzman_D!$F$8)*0.1+IF(BI7-Uzman_D!$G$8<0,-(BI7-Uzman_D!$G$8),BI7-Uzman_D!$G$8)*0.1+IF(BJ7-Uzman_D!$H$8<0,-(BJ7-Uzman_D!$H$8),BJ7-Uzman_D!$H$8)*0.1+IF(BK7-Uzman_D!$I$8<0,-(BK7-Uzman_D!$I$8),BK7-Uzman_D!$I$8)*0.1+IF(BL7-Uzman_D!$J$8<0,-(BL7-Uzman_D!$J$8),BL7-Uzman_D!$J$8)*0.1)+IF(ROUND((IF(BN7-Uzman_D!$L$8<0,-(BN7-Uzman_D!$L$8),BN7-Uzman_D!$L$8)*2),0)/2=IF(BN7-Uzman_D!$L$8<0,-(BN7-Uzman_D!$L$8),BN7-Uzman_D!$L$8),(ROUND((IF(BN7-Uzman_D!$L$8<0,-(BN7-Uzman_D!$L$8),BN7-Uzman_D!$L$8)*2),0)/1*0.1),0)+IF(BO7-Uzman_D!$M$8<0,-(BO7-Uzman_D!$M$8),BO7-Uzman_D!$M$8)*1) -> -1 | BQ7: =(P7+AC7+AP7+BC7+BP7)/5 -> -0.48
A8: 5 | B8: =Hakemler!B8 -> BAŞKAN PERÇİN | C8: =Hakemler!C8 -> ÖZGE | P8: =1-(SUM(IF(D8-Uzman_D!$B$4<0,-(D8-Uzman_D!$B$4),D8-Uzman_D!$B$4)*0.1+IF(E8-Uzman_D!$C$4<0,-(E8-Uzman_D!$C$4),E8-Uzman_D!$C$4)*0.1+IF(F8-Uzman_D!$D$4<0,-(F8-Uzman_D!$D$4),F8-Uzman_D!$D$4)*0.1+IF(G8-Uzman_D!$E$4<0,-(G8-Uzman_D!$E$4),G8-Uzman_D!$E$4)*0.1+IF(H8-Uzman_D!$F$4<0,-(H8-Uzman_D!$F$4),H8-Uzman_D!$F$4)*0.1+IF(I8-Uzman_D!$G$4<0,-(I8-Uzman_D!$G$4),I8-Uzman_D!$G$4)*0.1+IF(J8-Uzman_D!$H$4<0,-(J8-Uzman_D!$H$4),J8-Uzman_D!$H$4)*0.1+IF(K8-Uzman_D!$I$4<0,-(K8-Uzman_D!$I$4),K8-Uzman_D!$I$4)*0.1+IF(L8-Uzman_D!$J$4<0,-(L8-Uzman_D!$J$4),L8-Uzman_D!$J$4)*0.1)+IF(ROUND((IF(N8-Uzman_D!$L$4<0,-(N8-Uzman_D!$L$4),N8-Uzman_D!$L$4)*2),0)/2=IF(N8-Uzman_D!$L$4<0,-(N8-Uzman_D!$L$4),N8-Uzman_D!$L$4),(ROUND((IF(N8-Uzman_D!$L$4<0,-(N8-Uzman_D!$L$4),N8-Uzman_D!$L$4)*2),0)/1*0.1),0)+IF(O8-Uzman_D!$M$4<0,-(O8-Uzman_D!$M$4),O8-Uzman_D!$M$4)*1) -> -0.2 | AC8: =1-(SUM(IF(Q8-Uzman_D!$B$5<0,-(Q8-Uzman_D!$B$5),Q8-Uzman_D!$B$5)*0.1+IF(R8-Uzman_D!$C$5<0,-(R8-Uzman_D!$C$5),R8-Uzman_D!$C$5)*0.1+IF(S8-Uzman_D!$D$5<0,-(S8-Uzman_D!$D$5),S8-Uzman_D!$D$5)*0.1+IF(T8-Uzman_D!$E$5<0,-(T8-Uzman_D!$E$5),T8-Uzman_D!$E$5)*0.1+IF(U8-Uzman_D!$F$5<0,-(U8-Uzman_D!$F$5),U8-Uzman_D!$F$5)*0.1+IF(V8-Uzman_D!$G$5<0,-(V8-Uzman_D!$G$5),V8-Uzman_D!$G$5)*0.1+IF(W8-Uzman_D!$H$5<0,-(W8-Uzman_D!$H$5),W8-Uzman_D!$H$5)*0.1+IF(X8-Uzman_D!$I$5<0,-(X8-Uzman_D!$I$5),X8-Uzman_D!$I$5)*0.1+IF(Y8-Uzman_D!$J$5<0,-(Y8-Uzman_D!$J$5),Y8-Uzman_D!$J$5)*0.1)+IF(ROUND((IF(AA8-Uzman_D!$L$5<0,-(AA8-Uzman_D!$L$5),AA8-Uzman_D!$L$5)*2),0)/2=IF(AA8-Uzman_D!$L$5<0,-(AA8-Uzman_D!$L$5),AA8-Uzman_D!$L$5),(ROUND((IF(AA8-Uzman_D!$L$5<0,-(AA8-Uzman_D!$L$5),AA8-Uzman_D!$L$5)*2),0)/1*0.1),0)+IF(AB8-Uzman_D!$M$5<0,-(AB8-Uzman_D!$M$5),AB8-Uzman_D!$M$5)*1) -> -0.4 | AP8: =1-(SUM(IF(AD8-Uzman_D!$B$6<0,-(AD8-Uzman_D!$B$6),AD8-Uzman_D!$B$6)*0.1+IF(AE8-Uzman_D!$C$6<0,-(AE8-Uzman_D!$C$6),AE8-Uzman_D!$C$6)*0.1+IF(AF8-Uzman_D!$D$6<0,-(AF8-Uzman_D!$D$6),AF8-Uzman_D!$D$6)*0.1+IF(AG8-Uzman_D!$E$6<0,-(AG8-Uzman_D!$E$6),AG8-Uzman_D!$E$6)*0.1+IF(AH8-Uzman_D!$F$6<0,-(AH8-Uzman_D!$F$6),AH8-Uzman_D!$F$6)*0.1+IF(AI8-Uzman_D!$G$6<0,-(AI8-Uzman_D!$G$6),AI8-Uzman_D!$G$6)*0.1+IF(AJ8-Uzman_D!$H$6<0,-(AJ8-Uzman_D!$H$6),AJ8-Uzman_D!$H$6)*0.1+IF(AK8-Uzman_D!$I$6<0,-(AK8-Uzman_D!$I$6),AK8-Uzman_D!$I$6)*0.1+IF(AL8-Uzman_D!$J$6<0,-(AL8-Uzman_D!$J$6),AL8-Uzman_D!$J$6)*0.1)+IF(ROUND((IF(AN8-Uzman_D!$L$6<0,-(AN8-Uzman_D!$L$6),AN8-Uzman_D!$L$6)*2),0)/2=IF(AN8-Uzman_D!$L$6<0,-(AN8-Uzman_D!$L$6),AN8-Uzman_D!$L$6),(ROUND((IF(AN8-Uzman_D!$L$6<0,-(AN8-Uzman_D!$L$6),AN8-Uzman_D!$L$6)*2),0)/1*0.1),0)+IF(AO8-Uzman_D!$M$6<0,-(AO8-Uzman_D!$M$6),AO8-Uzman_D!$M$6)*1) -> -0.1 | BC8: =1-(SUM(IF(AQ8-Uzman_D!$B$7<0,-(AQ8-Uzman_D!$B$7),AQ8-Uzman_D!$B$7)*0.1+IF(AR8-Uzman_D!$C$7<0,-(AR8-Uzman_D!$C$7),AR8-Uzman_D!$C$7)*0.1+IF(AS8-Uzman_D!$D$7<0,-(AS8-Uzman_D!$D$7),AS8-Uzman_D!$D$7)*0.1+IF(AT8-Uzman_D!$E$7<0,-(AT8-Uzman_D!$E$7),AT8-Uzman_D!$E$7)*0.1+IF(AU8-Uzman_D!$F$7<0,-(AU8-Uzman_D!$F$7),AU8-Uzman_D!$F$7)*0.1+IF(AV8-Uzman_D!$G$7<0,-(AV8-Uzman_D!$G$7),AV8-Uzman_D!$G$7)*0.1+IF(AW8-Uzman_D!$H$7<0,-(AW8-Uzman_D!$H$7),AW8-Uzman_D!$H$7)*0.1+IF(AX8-Uzman_D!$I$7<0,-(AX8-Uzman_D!$I$7),AX8-Uzman_D!$I$7)*0.1+IF(AY8-Uzman_D!$J$7<0,-(AY8-Uzman_D!$J$7),AY8-Uzman_D!$J$7)*0.1)+IF(ROUND((IF(BA8-Uzman_D!$L$7<0,-(BA8-Uzman_D!$L$7),BA8-Uzman_D!$L$7)*2),0)/2=IF(BA8-Uzman_D!$L$7<0,-(BA8-Uzman_D!$L$7),BA8-Uzman_D!$L$7),(ROUND((IF(BA8-Uzman_D!$L$7<0,-(BA8-Uzman_D!$L$7),BA8-Uzman_D!$L$7)*2),0)/1*0.1),0)+IF(BB8-Uzman_D!$M$7<0,-(BB8-Uzman_D!$M$7),BB8-Uzman_D!$M$7)*1) -> -0.7 | BP8: =1-(SUM(IF(BD8-Uzman_D!$B$8<0,-(BD8-Uzman_D!$B$8),BD8-Uzman_D!$B$8)*0.1+IF(BE8-Uzman_D!$C$8<0,-(BE8-Uzman_D!$C$8),BE8-Uzman_D!$C$8)*0.1+IF(BF8-Uzman_D!$D$8<0,-(BF8-Uzman_D!$D$8),BF8-Uzman_D!$D$8)*0.1+IF(BG8-Uzman_D!$E$8<0,-(BG8-Uzman_D!$E$8),BG8-Uzman_D!$E$8)*0.1+IF(BH8-Uzman_D!$F$8<0,-(BH8-Uzman_D!$F$8),BH8-Uzman_D!$F$8)*0.1+IF(BI8-Uzman_D!$G$8<0,-(BI8-Uzman_D!$G$8),BI8-Uzman_D!$G$8)*0.1+IF(BJ8-Uzman_D!$H$8<0,-(BJ8-Uzman_D!$H$8),BJ8-Uzman_D!$H$8)*0.1+IF(BK8-Uzman_D!$I$8<0,-(BK8-Uzman_D!$I$8),BK8-Uzman_D!$I$8)*0.1+IF(BL8-Uzman_D!$J$8<0,-(BL8-Uzman_D!$J$8),BL8-Uzman_D!$J$8)*0.1)+IF(ROUND((IF(BN8-Uzman_D!$L$8<0,-(BN8-Uzman_D!$L$8),BN8-Uzman_D!$L$8)*2),0)/2=IF(BN8-Uzman_D!$L$8<0,-(BN8-Uzman_D!$L$8),BN8-Uzman_D!$L$8),(ROUND((IF(BN8-Uzman_D!$L$8<0,-(BN8-Uzman_D!$L$8),BN8-Uzman_D!$L$8)*2),0)/1*0.1),0)+IF(BO8-Uzman_D!$M$8<0,-(BO8-Uzman_D!$M$8),BO8-Uzman_D!$M$8)*1) -> -1 | BQ8: =(P8+AC8+AP8+BC8+BP8)/5 -> -0.48
A9: 6 | B9: =Hakemler!B9 -> ŞEN İZMİRLİ | C9: =Hakemler!C9 -> SİNEM | P9: =1-(SUM(IF(D9-Uzman_D!$B$4<0,-(D9-Uzman_D!$B$4),D9-Uzman_D!$B$4)*0.1+IF(E9-Uzman_D!$C$4<0,-(E9-Uzman_D!$C$4),E9-Uzman_D!$C$4)*0.1+IF(F9-Uzman_D!$D$4<0,-(F9-Uzman_D!$D$4),F9-Uzman_D!$D$4)*0.1+IF(G9-Uzman_D!$E$4<0,-(G9-Uzman_D!$E$4),G9-Uzman_D!$E$4)*0.1+IF(H9-Uzman_D!$F$4<0,-(H9-Uzman_D!$F$4),H9-Uzman_D!$F$4)*0.1+IF(I9-Uzman_D!$G$4<0,-(I9-Uzman_D!$G$4),I9-Uzman_D!$G$4)*0.1+IF(J9-Uzman_D!$H$4<0,-(J9-Uzman_D!$H$4),J9-Uzman_D!$H$4)*0.1+IF(K9-Uzman_D!$I$4<0,-(K9-Uzman_D!$I$4),K9-Uzman_D!$I$4)*0.1+IF(L9-Uzman_D!$J$4<0,-(L9-Uzman_D!$J$4),L9-Uzman_D!$J$4)*0.1)+IF(ROUND((IF(N9-Uzman_D!$L$4<0,-(N9-Uzman_D!$L$4),N9-Uzman_D!$L$4)*2),0)/2=IF(N9-Uzman_D!$L$4<0,-(N9-Uzman_D!$L$4),N9-Uzman_D!$L$4),(ROUND((IF(N9-Uzman_D!$L$4<0,-(N9-Uzman_D!$L$4),N9-Uzman_D!$L$4)*2),0)/1*0.1),0)+IF(O9-Uzman_D!$M$4<0,-(O9-Uzman_D!$M$4),O9-Uzman_D!$M$4)*1) -> -0.2 | AC9: =1-(SUM(IF(Q9-Uzman_D!$B$5<0,-(Q9-Uzman_D!$B$5),Q9-Uzman_D!$B$5)*0.1+IF(R9-Uzman_D!$C$5<0,-(R9-Uzman_D!$C$5),R9-Uzman_D!$C$5)*0.1+IF(S9-Uzman_D!$D$5<0,-(S9-Uzman_D!$D$5),S9-Uzman_D!$D$5)*0.1+IF(T9-Uzman_D!$E$5<0,-(T9-Uzman_D!$E$5),T9-Uzman_D!$E$5)*0.1+IF(U9-Uzman_D!$F$5<0,-(U9-Uzman_D!$F$5),U9-Uzman_D!$F$5)*0.1+IF(V9-Uzman_D!$G$5<0,-(V9-Uzman_D!$G$5),V9-Uzman_D!$G$5)*0.1+IF(W9-Uzman_D!$H$5<0,-(W9-Uzman_D!$H$5),W9-Uzman_D!$H$5)*0.1+IF(X9-Uzman_D!$I$5<0,-(X9-Uzman_D!$I$5),X9-Uzman_D!$I$5)*0.1+IF(Y9-Uzman_D!$J$5<0,-(Y9-Uzman_D!$J$5),Y9-Uzman_D!$J$5)*0.1)+IF(ROUND((IF(AA9-Uzman_D!$L$5<0,-(AA9-Uzman_D!$L$5),AA9-Uzman_D!$L$5)*2),0)/2=IF(AA9-Uzman_D!$L$5<0,-(AA9-Uzman_D!$L$5),AA9-Uzman_D!$L$5),(ROUND((IF(AA9-Uzman_D!$L$5<0,-(AA9-Uzman_D!$L$5),AA9-Uzman_D!$L$5)*2),0)/1*0.1),0)+IF(AB9-Uzman_D!$M$5<0,-(AB9-Uzman_D!$M$5),AB9-Uzman_D!$M$5)*1) -> -0.4 | AP9: =1-(SUM(IF(AD9-Uzman_D!$B$6<0,-(AD9-Uzman_D!$B$6),AD9-Uzman_D!$B$6)*0.1+IF(AE9-Uzman_D!$C$6<0,-(AE9-Uzman_D!$C$6),AE9-Uzman_D!$C$6)*0.1+IF(AF9-Uzman_D!$D$6<0,-(AF9-Uzman_D!$D$6),AF9-Uzman_D!$D$6)*0.1+IF(AG9-Uzman_D!$E$6<0,-(AG9-Uzman_D!$E$6),AG9-Uzman_D!$E$6)*0.1+IF(AH9-Uzman_D!$F$6<0,-(AH9-Uzman_D!$F$6),AH9-Uzman_D!$F$6)*0.1+IF(AI9-Uzman_D!$G$6<0,-(AI9-Uzman_D!$G$6),AI9-Uzman_D!$G$6)*0.1+IF(AJ9-Uzman_D!$H$6<0,-(AJ9-Uzman_D!$H$6),AJ9-Uzman_D!$H$6)*0.1+IF(AK9-Uzman_D!$I$6<0,-(AK9-Uzman_D!$I$6),AK9-Uzman_D!$I$6)*0.1+IF(AL9-Uzman_D!$J$6<0,-(AL9-Uzman_D!$J$6),AL9-Uzman_D!$J$6)*0.1)+IF(ROUND((IF(AN9-Uzman_D!$L$6<0,-(AN9-Uzman_D!$L$6),AN9-Uzman_D!$L$6)*2),0)/2=IF(AN9-Uzman_D!$L$6<0,-(AN9-Uzman_D!$L$6),AN9-Uzman_D!$L$6),(ROUND((IF(AN9-Uzman_D!$L$6<0,-(AN9-Uzman_D!$L$6),AN9-Uzman_D!$L$6)*2),0)/1*0.1),0)+IF(AO9-Uzman_D!$M$6<0,-(AO9-Uzman_D!$M$6),AO9-Uzman_D!$M$6)*1) -> -0.1 | BC9: =1-(SUM(IF(AQ9-Uzman_D!$B$7<0,-(AQ9-Uzman_D!$B$7),AQ9-Uzman_D!$B$7)*0.1+IF(AR9-Uzman_D!$C$7<0,-(AR9-Uzman_D!$C$7),AR9-Uzman_D!$C$7)*0.1+IF(AS9-Uzman_D!$D$7<0,-(AS9-Uzman_D!$D$7),AS9-Uzman_D!$D$7)*0.1+IF(AT9-Uzman_D!$E$7<0,-(AT9-Uzman_D!$E$7),AT9-Uzman_D!$E$7)*0.1+IF(AU9-Uzman_D!$F$7<0,-(AU9-Uzman_D!$F$7),AU9-Uzman_D!$F$7)*0.1+IF(AV9-Uzman_D!$G$7<0,-(AV9-Uzman_D!$G$7),AV9-Uzman_D!$G$7)*0.1+IF(AW9-Uzman_D!$H$7<0,-(AW9-Uzman_D!$H$7),AW9-Uzman_D!$H$7)*0.1+IF(AX9-Uzman_D!$I$7<0,-(AX9-Uzman_D!$I$7),AX9-Uzman_D!$I$7)*0.1+IF(AY9-Uzman_D!$J$7<0,-(AY9-Uzman_D!$J$7),AY9-Uzman_D!$J$7)*0.1)+IF(ROUND((IF(BA9-Uzman_D!$L$7<0,-(BA9-Uzman_D!$L$7),BA9-Uzman_D!$L$7)*2),0)/2=IF(BA9-Uzman_D!$L$7<0,-(BA9-Uzman_D!$L$7),BA9-Uzman_D!$L$7),(ROUND((IF(BA9-Uzman_D!$L$7<0,-(BA9-Uzman_D!$L$7),BA9-Uzman_D!$L$7)*2),0)/1*0.1),0)+IF(BB9-Uzman_D!$M$7<0,-(BB9-Uzman_D!$M$7),BB9-Uzman_D!$M$7)*1) -> -0.7 | BP9: =1-(SUM(IF(BD9-Uzman_D!$B$8<0,-(BD9-Uzman_D!$B$8),BD9-Uzman_D!$B$8)*0.1+IF(BE9-Uzman_D!$C$8<0,-(BE9-Uzman_D!$C$8),BE9-Uzman_D!$C$8)*0.1+IF(BF9-Uzman_D!$D$8<0,-(BF9-Uzman_D!$D$8),BF9-Uzman_D!$D$8)*0.1+IF(BG9-Uzman_D!$E$8<0,-(BG9-Uzman_D!$E$8),BG9-Uzman_D!$E$8)*0.1+IF(BH9-Uzman_D!$F$8<0,-(BH9-Uzman_D!$F$8),BH9-Uzman_D!$F$8)*0.1+IF(BI9-Uzman_D!$G$8<0,-(BI9-Uzman_D!$G$8),BI9-Uzman_D!$G$8)*0.1+IF(BJ9-Uzman_D!$H$8<0,-(BJ9-Uzman_D!$H$8),BJ9-Uzman_D!$H$8)*0.1+IF(BK9-Uzman_D!$I$8<0,-(BK9-Uzman_D!$I$8),BK9-Uzman_D!$I$8)*0.1+IF(BL9-Uzman_D!$J$8<0,-(BL9-Uzman_D!$J$8),BL9-Uzman_D!$J$8)*0.1)+IF(ROUND((IF(BN9-Uzman_D!$L$8<0,-(BN9-Uzman_D!$L$8),BN9-Uzman_D!$L$8)*2),0)/2=IF(BN9-Uzman_D!$L$8<0,-(BN9-Uzman_D!$L$8),BN9-Uzman_D!$L$8),(ROUND((IF(BN9-Uzman_D!$L$8<0,-(BN9-Uzman_D!$L$8),BN9-Uzman_D!$L$8)*2),0)/1*0.1),0)+IF(BO9-Uzman_D!$M$8<0,-(BO9-Uzman_D!$M$8),BO9-Uzman_D!$M$8)*1) -> -1 | BQ9: =(P9+AC9+AP9+BC9+BP9)/5 -> -0.48
A10: 7 | B10: =Hakemler!B10 -> YILDIRIMER | C10: =Hakemler!C10 -> BUSE | P10: =1-(SUM(IF(D10-Uzman_D!$B$4<0,-(D10-Uzman_D!$B$4),D10-Uzman_D!$B$4)*0.1+IF(E10-Uzman_D!$C$4<0,-(E10-Uzman_D!$C$4),E10-Uzman_D!$C$4)*0.1+IF(F10-Uzman_D!$D$4<0,-(F10-Uzman_D!$D$4),F10-Uzman_D!$D$4)*0.1+IF(G10-Uzman_D!$E$4<0,-(G10-Uzman_D!$E$4),G10-Uzman_D!$E$4)*0.1+IF(H10-Uzman_D!$F$4<0,-(H10-Uzman_D!$F$4),H10-Uzman_D!$F$4)*0.1+IF(I10-Uzman_D!$G$4<0,-(I10-Uzman_D!$G$4),I10-Uzman_D!$G$4)*0.1+IF(J10-Uzman_D!$H$4<0,-(J10-Uzman_D!$H$4),J10-Uzman_D!$H$4)*0.1+IF(K10-Uzman_D!$I$4<0,-(K10-Uzman_D!$I$4),K10-Uzman_D!$I$4)*0.1+IF(L10-Uzman_D!$J$4<0,-(L10-Uzman_D!$J$4),L10-Uzman_D!$J$4)*0.1)+IF(ROUND((IF(N10-Uzman_D!$L$4<0,-(N10-Uzman_D!$L$4),N10-Uzman_D!$L$4)*2),0)/2=IF(N10-Uzman_D!$L$4<0,-(N10-Uzman_D!$L$4),N10-Uzman_D!$L$4),(ROUND((IF(N10-Uzman_D!$L$4<0,-(N10-Uzman_D!$L$4),N10-Uzman_D!$L$4)*2),0)/1*0.1),0)+IF(O10-Uzman_D!$M$4<0,-(O10-Uzman_D!$M$4),O10-Uzman_D!$M$4)*1) -> -0.2 | AC10: =1-(SUM(IF(Q10-Uzman_D!$B$5<0,-(Q10-Uzman_D!$B$5),Q10-Uzman_D!$B$5)*0.1+IF(R10-Uzman_D!$C$5<0,-(R10-Uzman_D!$C$5),R10-Uzman_D!$C$5)*0.1+IF(S10-Uzman_D!$D$5<0,-(S10-Uzman_D!$D$5),S10-Uzman_D!$D$5)*0.1+IF(T10-Uzman_D!$E$5<0,-(T10-Uzman_D!$E$5),T10-Uzman_D!$E$5)*0.1+IF(U10-Uzman_D!$F$5<0,-(U10-Uzman_D!$F$5),U10-Uzman_D!$F$5)*0.1+IF(V10-Uzman_D!$G$5<0,-(V10-Uzman_D!$G$5),V10-Uzman_D!$G$5)*0.1+IF(W10-Uzman_D!$H$5<0,-(W10-Uzman_D!$H$5),W10-Uzman_D!$H$5)*0.1+IF(X10-Uzman_D!$I$5<0,-(X10-Uzman_D!$I$5),X10-Uzman_D!$I$5)*0.1+IF(Y10-Uzman_D!$J$5<0,-(Y10-Uzman_D!$J$5),Y10-Uzman_D!$J$5)*0.1)+IF(ROUND((IF(AA10-Uzman_D!$L$5<0,-(AA10-Uzman_D!$L$5),AA10-Uzman_D!$L$5)*2),0)/2=IF(AA10-Uzman_D!$L$5<0,-(AA10-Uzman_D!$L$5),AA10-Uzman_D!$L$5),(ROUND((IF(AA10-Uzman_D!$L$5<0,-(AA10-Uzman_D!$L$5),AA10-Uzman_D!$L$5)*2),0)/1*0.1),0)+IF(AB10-Uzman_D!$M$5<0,-(AB10-Uzman_D!$M$5),AB10-Uzman_D!$M$5)*1) -> -0.4 | AP10: =1-(SUM(IF(AD10-Uzman_D!$B$6<0,-(AD10-Uzman_D!$B$6),AD10-Uzman_D!$B$6)*0.1+IF(AE10-Uzman_D!$C$6<0,-(AE10-Uzman_D!$C$6),AE10-Uzman_D!$C$6)*0.1+IF(AF10-Uzman_D!$D$6<0,-(AF10-Uzman_D!$D$6),AF10-Uzman_D!$D$6)*0.1+IF(AG10-Uzman_D!$E$6<0,-(AG10-Uzman_D!$E$6),AG10-Uzman_D!$E$6)*0.1+IF(AH10-Uzman_D!$F$6<0,-(AH10-Uzman_D!$F$6),AH10-Uzman_D!$F$6)*0.1+IF(AI10-Uzman_D!$G$6<0,-(AI10-Uzman_D!$G$6),AI10-Uzman_D!$G$6)*0.1+IF(AJ10-Uzman_D!$H$6<0,-(AJ10-Uzman_D!$H$6),AJ10-Uzman_D!$H$6)*0.1+IF(AK10-Uzman_D!$I$6<0,-(AK10-Uzman_D!$I$6),AK10-Uzman_D!$I$6)*0.1+IF(AL10-Uzman_D!$J$6<0,-(AL10-Uzman_D!$J$6),AL10-Uzman_D!$J$6)*0.1)+IF(ROUND((IF(AN10-Uzman_D!$L$6<0,-(AN10-Uzman_D!$L$6),AN10-Uzman_D!$L$6)*2),0)/2=IF(AN10-Uzman_D!$L$6<0,-(AN10-Uzman_D!$L$6),AN10-Uzman_D!$L$6),(ROUND((IF(AN10-Uzman_D!$L$6<0,-(AN10-Uzman_D!$L$6),AN10-Uzman_D!$L$6)*2),0)/1*0.1),0)+IF(AO10-Uzman_D!$M$6<0,-(AO10-Uzman_D!$M$6),AO10-Uzman_D!$M$6)*1) -> -0.1 | BC10: =1-(SUM(IF(AQ10-Uzman_D!$B$7<0,-(AQ10-Uzman_D!$B$7),AQ10-Uzman_D!$B$7)*0.1+IF(AR10-Uzman_D!$C$7<0,-(AR10-Uzman_D!$C$7),AR10-Uzman_D!$C$7)*0.1+IF(AS10-Uzman_D!$D$7<0,-(AS10-Uzman_D!$D$7),AS10-Uzman_D!$D$7)*0.1+IF(AT10-Uzman_D!$E$7<0,-(AT10-Uzman_D!$E$7),AT10-Uzman_D!$E$7)*0.1+IF(AU10-Uzman_D!$F$7<0,-(AU10-Uzman_D!$F$7),AU10-Uzman_D!$F$7)*0.1+IF(AV10-Uzman_D!$G$7<0,-(AV10-Uzman_D!$G$7),AV10-Uzman_D!$G$7)*0.1+IF(AW10-Uzman_D!$H$7<0,-(AW10-Uzman_D!$H$7),AW10-Uzman_D!$H$7)*0.1+IF(AX10-Uzman_D!$I$7<0,-(AX10-Uzman_D!$I$7),AX10-Uzman_D!$I$7)*0.1+IF(AY10-Uzman_D!$J$7<0,-(AY10-Uzman_D!$J$7),AY10-Uzman_D!$J$7)*0.1)+IF(ROUND((IF(BA10-Uzman_D!$L$7<0,-(BA10-Uzman_D!$L$7),BA10-Uzman_D!$L$7)*2),0)/2=IF(BA10-Uzman_D!$L$7<0,-(BA10-Uzman_D!$L$7),BA10-Uzman_D!$L$7),(ROUND((IF(BA10-Uzman_D!$L$7<0,-(BA10-Uzman_D!$L$7),BA10-Uzman_D!$L$7)*2),0)/1*0.1),0)+IF(BB10-Uzman_D!$M$7<0,-(BB10-Uzman_D!$M$7),BB10-Uzman_D!$M$7)*1) -> -0.7 | BP10: =1-(SUM(IF(BD10-Uzman_D!$B$8<0,-(BD10-Uzman_D!$B$8),BD10-Uzman_D!$B$8)*0.1+IF(BE10-Uzman_D!$C$8<0,-(BE10-Uzman_D!$C$8),BE10-Uzman_D!$C$8)*0.1+IF(BF10-Uzman_D!$D$8<0,-(BF10-Uzman_D!$D$8),BF10-Uzman_D!$D$8)*0.1+IF(BG10-Uzman_D!$E$8<0,-(BG10-Uzman_D!$E$8),BG10-Uzman_D!$E$8)*0.1+IF(BH10-Uzman_D!$F$8<0,-(BH10-Uzman_D!$F$8),BH10-Uzman_D!$F$8)*0.1+IF(BI10-Uzman_D!$G$8<0,-(BI10-Uzman_D!$G$8),BI10-Uzman_D!$G$8)*0.1+IF(BJ10-Uzman_D!$H$8<0,-(BJ10-Uzman_D!$H$8),BJ10-Uzman_D!$H$8)*0.1+IF(BK10-Uzman_D!$I$8<0,-(BK10-Uzman_D!$I$8),BK10-Uzman_D!$I$8)*0.1+IF(BL10-Uzman_D!$J$8<0,-(BL10-Uzman_D!$J$8),BL10-Uzman_D!$J$8)*0.1)+IF(ROUND((IF(BN10-Uzman_D!$L$8<0,-(BN10-Uzman_D!$L$8),BN10-Uzman_D!$L$8)*2),0)/2=IF(BN10-Uzman_D!$L$8<0,-(BN10-Uzman_D!$L$8),BN10-Uzman_D!$L$8),(ROUND((IF(BN10-Uzman_D!$L$8<0,-(BN10-Uzman_D!$L$8),BN10-Uzman_D!$L$8)*2),0)/1*0.1),0)+IF(BO10-Uzman_D!$M$8<0,-(BO10-Uzman_D!$M$8),BO10-Uzman_D!$M$8)*1) -> -1 | BQ10: =(P10+AC10+AP10+BC10+BP10)/5 -> -0.48
A11: 8 | B11: =Hakemler!B11 -> KESKİN | C11: =Hakemler!C11 -> ENFAL | P11: =1-(SUM(IF(D11-Uzman_D!$B$4<0,-(D11-Uzman_D!$B$4),D11-Uzman_D!$B$4)*0.1+IF(E11-Uzman_D!$C$4<0,-(E11-Uzman_D!$C$4),E11-Uzman_D!$C$4)*0.1+IF(F11-Uzman_D!$D$4<0,-(F11-Uzman_D!$D$4),F11-Uzman_D!$D$4)*0.1+IF(G11-Uzman_D!$E$4<0,-(G11-Uzman_D!$E$4),G11-Uzman_D!$E$4)*0.1+IF(H11-Uzman_D!$F$4<0,-(H11-Uzman_D!$F$4),H11-Uzman_D!$F$4)*0.1+IF(I11-Uzman_D!$G$4<0,-(I11-Uzman_D!$G$4),I11-Uzman_D!$G$4)*0.1+IF(J11-Uzman_D!$H$4<0,-(J11-Uzman_D!$H$4),J11-Uzman_D!$H$4)*0.1+IF(K11-Uzman_D!$I$4<0,-(K11-Uzman_D!$I$4),K11-Uzman_D!$I$4)*0.1+IF(L11-Uzman_D!$J$4<0,-(L11-Uzman_D!$J$4),L11-Uzman_D!$J$4)*0.1)+IF(ROUND((IF(N11-Uzman_D!$L$4<0,-(N11-Uzman_D!$L$4),N11-Uzman_D!$L$4)*2),0)/2=IF(N11-Uzman_D!$L$4<0,-(N11-Uzman_D!$L$4),N11-Uzman_D!$L$4),(ROUND((IF(N11-Uzman_D!$L$4<0,-(N11-Uzman_D!$L$4),N11-Uzman_D!$L$4)*2),0)/1*0.1),0)+IF(O11-Uzman_D!$M$4<0,-(O11-Uzman_D!$M$4),O11-Uzman_D!$M$4)*1) -> -0.2 | AC11: =1-(SUM(IF(Q11-Uzman_D!$B$5<0,-(Q11-Uzman_D!$B$5),Q11-Uzman_D!$B$5)*0.1+IF(R11-Uzman_D!$C$5<0,-(R11-Uzman_D!$C$5),R11-Uzman_D!$C$5)*0.1+IF(S11-Uzman_D!$D$5<0,-(S11-Uzman_D!$D$5),S11-Uzman_D!$D$5)*0.1+IF(T11-Uzman_D!$E$5<0,-(T11-Uzman_D!$E$5),T11-Uzman_D!$E$5)*0.1+IF(U11-Uzman_D!$F$5<0,-(U11-Uzman_D!$F$5),U11-Uzman_D!$F$5)*0.1+IF(V11-Uzman_D!$G$5<0,-(V11-Uzman_D!$G$5),V11-Uzman_D!$G$5)*0.1+IF(W11-Uzman_D!$H$5<0,-(W11-Uzman_D!$H$5),W11-Uzman_D!$H$5)*0.1+IF(X11-Uzman_D!$I$5<0,-(X11-Uzman_D!$I$5),X11-Uzman_D!$I$5)*0.1+IF(Y11-Uzman_D!$J$5<0,-(Y11-Uzman_D!$J$5),Y11-Uzman_D!$J$5)*0.1)+IF(ROUND((IF(AA11-Uzman_D!$L$5<0,-(AA11-Uzman_D!$L$5),AA11-Uzman_D!$L$5)*2),0)/2=IF(AA11-Uzman_D!$L$5<0,-(AA11-Uzman_D!$L$5),AA11-Uzman_D!$L$5),(ROUND((IF(AA11-Uzman_D!$L$5<0,-(AA11-Uzman_D!$L$5),AA11-Uzman_D!$L$5)*2),0)/1*0.1),0)+IF(AB11-Uzman_D!$M$5<0,-(AB11-Uzman_D!$M$5),AB11-Uzman_D!$M$5)*1) -> -0.4 | AP11: =1-(SUM(IF(AD11-Uzman_D!$B$6<0,-(AD11-Uzman_D!$B$6),AD11-Uzman_D!$B$6)*0.1+IF(AE11-Uzman_D!$C$6<0,-(AE11-Uzman_D!$C$6),AE11-Uzman_D!$C$6)*0.1+IF(AF11-Uzman_D!$D$6<0,-(AF11-Uzman_D!$D$6),AF11-Uzman_D!$D$6)*0.1+IF(AG11-Uzman_D!$E$6<0,-(AG11-Uzman_D!$E$6),AG11-Uzman_D!$E$6)*0.1+IF(AH11-Uzman_D!$F$6<0,-(AH11-Uzman_D!$F$6),AH11-Uzman_D!$F$6)*0.1+IF(AI11-Uzman_D!$G$6<0,-(AI11-Uzman_D!$G$6),AI11-Uzman_D!$G$6)*0.1+IF(AJ11-Uzman_D!$H$6<0,-(AJ11-Uzman_D!$H$6),AJ11-Uzman_D!$H$6)*0.1+IF(AK11-Uzman_D!$I$6<0,-(AK11-Uzman_D!$I$6),AK11-Uzman_D!$I$6)*0.1+IF(AL11-Uzman_D!$J$6<0,-(AL11-Uzman_D!$J$6),AL11-Uzman_D!$J$6)*0.1)+IF(ROUND((IF(AN11-Uzman_D!$L$6<0,-(AN11-Uzman_D!$L$6),AN11-Uzman_D!$L$6)*2),0)/2=IF(AN11-Uzman_D!$L$6<0,-(AN11-Uzman_D!$L$6),AN11-Uzman_D!$L$6),(ROUND((IF(AN11-Uzman_D!$L$6<0,-(AN11-Uzman_D!$L$6),AN11-Uzman_D!$L$6)*2),0)/1*0.1),0)+IF(AO11-Uzman_D!$M$6<0,-(AO11-Uzman_D!$M$6),AO11-Uzman_D!$M$6)*1) -> -0.1 | BC11: =1-(SUM(IF(AQ11-Uzman_D!$B$7<0,-(AQ11-Uzman_D!$B$7),AQ11-Uzman_D!$B$7)*0.1+IF(AR11-Uzman_D!$C$7<0,-(AR11-Uzman_D!$C$7),AR11-Uzman_D!$C$7)*0.1+IF(AS11-Uzman_D!$D$7<0,-(AS11-Uzman_D!$D$7),AS11-Uzman_D!$D$7)*0.1+IF(AT11-Uzman_D!$E$7<0,-(AT11-Uzman_D!$E$7),AT11-Uzman_D!$E$7)*0.1+IF(AU11-Uzman_D!$F$7<0,-(AU11-Uzman_D!$F$7),AU11-Uzman_D!$F$7)*0.1+IF(AV11-Uzman_D!$G$7<0,-(AV11-Uzman_D!$G$7),AV11-Uzman_D!$G$7)*0.1+IF(AW11-Uzman_D!$H$7<0,-(AW11-Uzman_D!$H$7),AW11-Uzman_D!$H$7)*0.1+IF(AX11-Uzman_D!$I$7<0,-(AX11-Uzman_D!$I$7),AX11-Uzman_D!$I$7)*0.1+IF(AY11-Uzman_D!$J$7<0,-(AY11-Uzman_D!$J$7),AY11-Uzman_D!$J$7)*0.1)+IF(ROUND((IF(BA11-Uzman_D!$L$7<0,-(BA11-Uzman_D!$L$7),BA11-Uzman_D!$L$7)*2),0)/2=IF(BA11-Uzman_D!$L$7<0,-(BA11-Uzman_D!$L$7),BA11-Uzman_D!$L$7),(ROUND((IF(BA11-Uzman_D!$L$7<0,-(BA11-Uzman_D!$L$7),BA11-Uzman_D!$L$7)*2),0)/1*0.1),0)+IF(BB11-Uzman_D!$M$7<0,-(BB11-Uzman_D!$M$7),BB11-Uzman_D!$M$7)*1) -> -0.7 | BP11: =1-(SUM(IF(BD11-Uzman_D!$B$8<0,-(BD11-Uzman_D!$B$8),BD11-Uzman_D!$B$8)*0.1+IF(BE11-Uzman_D!$C$8<0,-(BE11-Uzman_D!$C$8),BE11-Uzman_D!$C$8)*0.1+IF(BF11-Uzman_D!$D$8<0,-(BF11-Uzman_D!$D$8),BF11-Uzman_D!$D$8)*0.1+IF(BG11-Uzman_D!$E$8<0,-(BG11-Uzman_D!$E$8),BG11-Uzman_D!$E$8)*0.1+IF(BH11-Uzman_D!$F$8<0,-(BH11-Uzman_D!$F$8),BH11-Uzman_D!$F$8)*0.1+IF(BI11-Uzman_D!$G$8<0,-(BI11-Uzman_D!$G$8),BI11-Uzman_D!$G$8)*0.1+IF(BJ11-Uzman_D!$H$8<0,-(BJ11-Uzman_D!$H$8),BJ11-Uzman_D!$H$8)*0.1+IF(BK11-Uzman_D!$I$8<0,-(BK11-Uzman_D!$I$8),BK11-Uzman_D!$I$8)*0.1+IF(BL11-Uzman_D!$J$8<0,-(BL11-Uzman_D!$J$8),BL11-Uzman_D!$J$8)*0.1)+IF(ROUND((IF(BN11-Uzman_D!$L$8<0,-(BN11-Uzman_D!$L$8),BN11-Uzman_D!$L$8)*2),0)/2=IF(BN11-Uzman_D!$L$8<0,-(BN11-Uzman_D!$L$8),BN11-Uzman_D!$L$8),(ROUND((IF(BN11-Uzman_D!$L$8<0,-(BN11-Uzman_D!$L$8),BN11-Uzman_D!$L$8)*2),0)/1*0.1),0)+IF(BO11-Uzman_D!$M$8<0,-(BO11-Uzman_D!$M$8),BO11-Uzman_D!$M$8)*1) -> -1 | BQ11: =(P11+AC11+AP11+BC11+BP11)/5 -> -0.48
A12: 9 | B12: =Hakemler!B12 -> ÜNAL | C12: =Hakemler!C12 -> NAZLINEHİR | P12: =1-(SUM(IF(D12-Uzman_D!$B$4<0,-(D12-Uzman_D!$B$4),D12-Uzman_D!$B$4)*0.1+IF(E12-Uzman_D!$C$4<0,-(E12-Uzman_D!$C$4),E12-Uzman_D!$C$4)*0.1+IF(F12-Uzman_D!$D$4<0,-(F12-Uzman_D!$D$4),F12-Uzman_D!$D$4)*0.1+IF(G12-Uzman_D!$E$4<0,-(G12-Uzman_D!$E$4),G12-Uzman_D!$E$4)*0.1+IF(H12-Uzman_D!$F$4<0,-(H12-Uzman_D!$F$4),H12-Uzman_D!$F$4)*0.1+IF(I12-Uzman_D!$G$4<0,-(I12-Uzman_D!$G$4),I12-Uzman_D!$G$4)*0.1+IF(J12-Uzman_D!$H$4<0,-(J12-Uzman_D!$H$4),J12-Uzman_D!$H$4)*0.1+IF(K12-Uzman_D!$I$4<0,-(K12-Uzman_D!$I$4),K12-Uzman_D!$I$4)*0.1+IF(L12-Uzman_D!$J$4<0,-(L12-Uzman_D!$J$4),L12-Uzman_D!$J$4)*0.1)+IF(ROUND((IF(N12-Uzman_D!$L$4<0,-(N12-Uzman_D!$L$4),N12-Uzman_D!$L$4)*2),0)/2=IF(N12-Uzman_D!$L$4<0,-(N12-Uzman_D!$L$4),N12-Uzman_D!$L$4),(ROUND((IF(N12-Uzman_D!$L$4<0,-(N12-Uzman_D!$L$4),N12-Uzman_D!$L$4)*2),0)/1*0.1),0)+IF(O12-Uzman_D!$M$4<0,-(O12-Uzman_D!$M$4),O12-Uzman_D!$M$4)*1) -> -0.2 | AC12: =1-(SUM(IF(Q12-Uzman_D!$B$5<0,-(Q12-Uzman_D!$B$5),Q12-Uzman_D!$B$5)*0.1+IF(R12-Uzman_D!$C$5<0,-(R12-Uzman_D!$C$5),R12-Uzman_D!$C$5)*0.1+IF(S12-Uzman_D!$D$5<0,-(S12-Uzman_D!$D$5),S12-Uzman_D!$D$5)*0.1+IF(T12-Uzman_D!$E$5<0,-(T12-Uzman_D!$E$5),T12-Uzman_D!$E$5)*0.1+IF(U12-Uzman_D!$F$5<0,-(U12-Uzman_D!$F$5),U12-Uzman_D!$F$5)*0.1+IF(V12-Uzman_D!$G$5<0,-(V12-Uzman_D!$G$5),V12-Uzman_D!$G$5)*0.1+IF(W12-Uzman_D!$H$5<0,-(W12-Uzman_D!$H$5),W12-Uzman_D!$H$5)*0.1+IF(X12-Uzman_D!$I$5<0,-(X12-Uzman_D!$I$5),X12-Uzman_D!$I$5)*0.1+IF(Y12-Uzman_D!$J$5<0,-(Y12-Uzman_D!$J$5),Y12-Uzman_D!$J$5)*0.1)+IF(ROUND((IF(AA12-Uzman_D!$L$5<0,-(AA12-Uzman_D!$L$5),AA12-Uzman_D!$L$5)*2),0)/2=IF(AA12-Uzman_D!$L$5<0,-(AA12-Uzman_D!$L$5),AA12-Uzman_D!$L$5),(ROUND((IF(AA12-Uzman_D!$L$5<0,-(AA12-Uzman_D!$L$5),AA12-Uzman_D!$L$5)*2),0)/1*0.1),0)+IF(AB12-Uzman_D!$M$5<0,-(AB12-Uzman_D!$M$5),AB12-Uzman_D!$M$5)*1) -> -0.4 | AP12: =1-(SUM(IF(AD12-Uzman_D!$B$6<0,-(AD12-Uzman_D!$B$6),AD12-Uzman_D!$B$6)*0.1+IF(AE12-Uzman_D!$C$6<0,-(AE12-Uzman_D!$C$6),AE12-Uzman_D!$C$6)*0.1+IF(AF12-Uzman_D!$D$6<0,-(AF12-Uzman_D!$D$6),AF12-Uzman_D!$D$6)*0.1+IF(AG12-Uzman_D!$E$6<0,-(AG12-Uzman_D!$E$6),AG12-Uzman_D!$E$6)*0.1+IF(AH12-Uzman_D!$F$6<0,-(AH12-Uzman_D!$F$6),AH12-Uzman_D!$F$6)*0.1+IF(AI12-Uzman_D!$G$6<0,-(AI12-Uzman_D!$G$6),AI12-Uzman_D!$G$6)*0.1+IF(AJ12-Uzman_D!$H$6<0,-(AJ12-Uzman_D!$H$6),AJ12-Uzman_D!$H$6)*0.1+IF(AK12-Uzman_D!$I$6<0,-(AK12-Uzman_D!$I$6),AK12-Uzman_D!$I$6)*0.1+IF(AL12-Uzman_D!$J$6<0,-(AL12-Uzman_D!$J$6),AL12-Uzman_D!$J$6)*0.1)+IF(ROUND((IF(AN12-Uzman_D!$L$6<0,-(AN12-Uzman_D!$L$6),AN12-Uzman_D!$L$6)*2),0)/2=IF(AN12-Uzman_D!$L$6<0,-(AN12-Uzman_D!$L$6),AN12-Uzman_D!$L$6),(ROUND((IF(AN12-Uzman_D!$L$6<0,-(AN12-Uzman_D!$L$6),AN12-Uzman_D!$L$6)*2),0)/1*0.1),0)+IF(AO12-Uzman_D!$M$6<0,-(AO12-Uzman_D!$M$6),AO12-Uzman_D!$M$6)*1) -> -0.1 | BC12: =1-(SUM(IF(AQ12-Uzman_D!$B$7<0,-(AQ12-Uzman_D!$B$7),AQ12-Uzman_D!$B$7)*0.1+IF(AR12-Uzman_D!$C$7<0,-(AR12-Uzman_D!$C$7),AR12-Uzman_D!$C$7)*0.1+IF(AS12-Uzman_D!$D$7<0,-(AS12-Uzman_D!$D$7),AS12-Uzman_D!$D$7)*0.1+IF(AT12-Uzman_D!$E$7<0,-(AT12-Uzman_D!$E$7),AT12-Uzman_D!$E$7)*0.1+IF(AU12-Uzman_D!$F$7<0,-(AU12-Uzman_D!$F$7),AU12-Uzman_D!$F$7)*0.1+IF(AV12-Uzman_D!$G$7<0,-(AV12-Uzman_D!$G$7),AV12-Uzman_D!$G$7)*0.1+IF(AW12-Uzman_D!$H$7<0,-(AW12-Uzman_D!$H$7),AW12-Uzman_D!$H$7)*0.1+IF(AX12-Uzman_D!$I$7<0,-(AX12-Uzman_D!$I$7),AX12-Uzman_D!$I$7)*0.1+IF(AY12-Uzman_D!$J$7<0,-(AY12-Uzman_D!$J$7),AY12-Uzman_D!$J$7)*0.1)+IF(ROUND((IF(BA12-Uzman_D!$L$7<0,-(BA12-Uzman_D!$L$7),BA12-Uzman_D!$L$7)*2),0)/2=IF(BA12-Uzman_D!$L$7<0,-(BA12-Uzman_D!$L$7),BA12-Uzman_D!$L$7),(ROUND((IF(BA12-Uzman_D!$L$7<0,-(BA12-Uzman_D!$L$7),BA12-Uzman_D!$L$7)*2),0)/1*0.1),0)+IF(BB12-Uzman_D!$M$7<0,-(BB12-Uzman_D!$M$7),BB12-Uzman_D!$M$7)*1) -> -0.7 | BP12: =1-(SUM(IF(BD12-Uzman_D!$B$8<0,-(BD12-Uzman_D!$B$8),BD12-Uzman_D!$B$8)*0.1+IF(BE12-Uzman_D!$C$8<0,-(BE12-Uzman_D!$C$8),BE12-Uzman_D!$C$8)*0.1+IF(BF12-Uzman_D!$D$8<0,-(BF12-Uzman_D!$D$8),BF12-Uzman_D!$D$8)*0.1+IF(BG12-Uzman_D!$E$8<0,-(BG12-Uzman_D!$E$8),BG12-Uzman_D!$E$8)*0.1+IF(BH12-Uzman_D!$F$8<0,-(BH12-Uzman_D!$F$8),BH12-Uzman_D!$F$8)*0.1+IF(BI12-Uzman_D!$G$8<0,-(BI12-Uzman_D!$G$8),BI12-Uzman_D!$G$8)*0.1+IF(BJ12-Uzman_D!$H$8<0,-(BJ12-Uzman_D!$H$8),BJ12-Uzman_D!$H$8)*0.1+IF(BK12-Uzman_D!$I$8<0,-(BK12-Uzman_D!$I$8),BK12-Uzman_D!$I$8)*0.1+IF(BL12-Uzman_D!$J$8<0,-(BL12-Uzman_D!$J$8),BL12-Uzman_D!$J$8)*0.1)+IF(ROUND((IF(BN12-Uzman_D!$L$8<0,-(BN12-Uzman_D!$L$8),BN12-Uzman_D!$L$8)*2),0)/2=IF(BN12-Uzman_D!$L$8<0,-(BN12-Uzman_D!$L$8),BN12-Uzman_D!$L$8),(ROUND((IF(BN12-Uzman_D!$L$8<0,-(BN12-Uzman_D!$L$8),BN12-Uzman_D!$L$8)*2),0)/1*0.1),0)+IF(BO12-Uzman_D!$M$8<0,-(BO12-Uzman_D!$M$8),BO12-Uzman_D!$M$8)*1) -> -1 | BQ12: =(P12+AC12+AP12+BC12+BP12)/5 -> -0.48
A13: 10 | B13: =Hakemler!B13 -> ÜÇTAŞ ŞANLI | C13: =Hakemler!C13 -> GÖKSU | P13: =1-(SUM(IF(D13-Uzman_D!$B$4<0,-(D13-Uzman_D!$B$4),D13-Uzman_D!$B$4)*0.1+IF(E13-Uzman_D!$C$4<0,-(E13-Uzman_D!$C$4),E13-Uzman_D!$C$4)*0.1+IF(F13-Uzman_D!$D$4<0,-(F13-Uzman_D!$D$4),F13-Uzman_D!$D$4)*0.1+IF(G13-Uzman_D!$E$4<0,-(G13-Uzman_D!$E$4),G13-Uzman_D!$E$4)*0.1+IF(H13-Uzman_D!$F$4<0,-(H13-Uzman_D!$F$4),H13-Uzman_D!$F$4)*0.1+IF(I13-Uzman_D!$G$4<0,-(I13-Uzman_D!$G$4),I13-Uzman_D!$G$4)*0.1+IF(J13-Uzman_D!$H$4<0,-(J13-Uzman_D!$H$4),J13-Uzman_D!$H$4)*0.1+IF(K13-Uzman_D!$I$4<0,-(K13-Uzman_D!$I$4),K13-Uzman_D!$I$4)*0.1+IF(L13-Uzman_D!$J$4<0,-(L13-Uzman_D!$J$4),L13-Uzman_D!$J$4)*0.1)+IF(ROUND((IF(N13-Uzman_D!$L$4<0,-(N13-Uzman_D!$L$4),N13-Uzman_D!$L$4)*2),0)/2=IF(N13-Uzman_D!$L$4<0,-(N13-Uzman_D!$L$4),N13-Uzman_D!$L$4),(ROUND((IF(N13-Uzman_D!$L$4<0,-(N13-Uzman_D!$L$4),N13-Uzman_D!$L$4)*2),0)/1*0.1),0)+IF(O13-Uzman_D!$M$4<0,-(O13-Uzman_D!$M$4),O13-Uzman_D!$M$4)*1) -> -0.2 | AC13: =1-(SUM(IF(Q13-Uzman_D!$B$5<0,-(Q13-Uzman_D!$B$5),Q13-Uzman_D!$B$5)*0.1+IF(R13-Uzman_D!$C$5<0,-(R13-Uzman_D!$C$5),R13-Uzman_D!$C$5)*0.1+IF(S13-Uzman_D!$D$5<0,-(S13-Uzman_D!$D$5),S13-Uzman_D!$D$5)*0.1+IF(T13-Uzman_D!$E$5<0,-(T13-Uzman_D!$E$5),T13-Uzman_D!$E$5)*0.1+IF(U13-Uzman_D!$F$5<0,-(U13-Uzman_D!$F$5),U13-Uzman_D!$F$5)*0.1+IF(V13-Uzman_D!$G$5<0,-(V13-Uzman_D!$G$5),V13-Uzman_D!$G$5)*0.1+IF(W13-Uzman_D!$H$5<0,-(W13-Uzman_D!$H$5),W13-Uzman_D!$H$5)*0.1+IF(X13-Uzman_D!$I$5<0,-(X13-Uzman_D!$I$5),X13-Uzman_D!$I$5)*0.1+IF(Y13-Uzman_D!$J$5<0,-(Y13-Uzman_D!$J$5),Y13-Uzman_D!$J$5)*0.1)+IF(ROUND((IF(AA13-Uzman_D!$L$5<0,-(AA13-Uzman_D!$L$5),AA13-Uzman_D!$L$5)*2),0)/2=IF(AA13-Uzman_D!$L$5<0,-(AA13-Uzman_D!$L$5),AA13-Uzman_D!$L$5),(ROUND((IF(AA13-Uzman_D!$L$5<0,-(AA13-Uzman_D!$L$5),AA13-Uzman_D!$L$5)*2),0)/1*0.1),0)+IF(AB13-Uzman_D!$M$5<0,-(AB13-Uzman_D!$M$5),AB13-Uzman_D!$M$5)*1) -> -0.4 | AP13: =1-(SUM(IF(AD13-Uzman_D!$B$6<0,-(AD13-Uzman_D!$B$6),AD13-Uzman_D!$B$6)*0.1+IF(AE13-Uzman_D!$C$6<0,-(AE13-Uzman_D!$C$6),AE13-Uzman_D!$C$6)*0.1+IF(AF13-Uzman_D!$D$6<0,-(AF13-Uzman_D!$D$6),AF13-Uzman_D!$D$6)*0.1+IF(AG13-Uzman_D!$E$6<0,-(AG13-Uzman_D!$E$6),AG13-Uzman_D!$E$6)*0.1+IF(AH13-Uzman_D!$F$6<0,-(AH13-Uzman_D!$F$6),AH13-Uzman_D!$F$6)*0.1+IF(AI13-Uzman_D!$G$6<0,-(AI13-Uzman_D!$G$6),AI13-Uzman_D!$G$6)*0.1+IF(AJ13-Uzman_D!$H$6<0,-(AJ13-Uzman_D!$H$6),AJ13-Uzman_D!$H$6)*0.1+IF(AK13-Uzman_D!$I$6<0,-(AK13-Uzman_D!$I$6),AK13-Uzman_D!$I$6)*0.1+IF(AL13-Uzman_D!$J$6<0,-(AL13-Uzman_D!$J$6),AL13-Uzman_D!$J$6)*0.1)+IF(ROUND((IF(AN13-Uzman_D!$L$6<0,-(AN13-Uzman_D!$L$6),AN13-Uzman_D!$L$6)*2),0)/2=IF(AN13-Uzman_D!$L$6<0,-(AN13-Uzman_D!$L$6),AN13-Uzman_D!$L$6),(ROUND((IF(AN13-Uzman_D!$L$6<0,-(AN13-Uzman_D!$L$6),AN13-Uzman_D!$L$6)*2),0)/1*0.1),0)+IF(AO13-Uzman_D!$M$6<0,-(AO13-Uzman_D!$M$6),AO13-Uzman_D!$M$6)*1) -> -0.1 | BC13: =1-(SUM(IF(AQ13-Uzman_D!$B$7<0,-(AQ13-Uzman_D!$B$7),AQ13-Uzman_D!$B$7)*0.1+IF(AR13-Uzman_D!$C$7<0,-(AR13-Uzman_D!$C$7),AR13-Uzman_D!$C$7)*0.1+IF(AS13-Uzman_D!$D$7<0,-(AS13-Uzman_D!$D$7),AS13-Uzman_D!$D$7)*0.1+IF(AT13-Uzman_D!$E$7<0,-(AT13-Uzman_D!$E$7),AT13-Uzman_D!$E$7)*0.1+IF(AU13-Uzman_D!$F$7<0,-(AU13-Uzman_D!$F$7),AU13-Uzman_D!$F$7)*0.1+IF(AV13-Uzman_D!$G$7<0,-(AV13-Uzman_D!$G$7),AV13-Uzman_D!$G$7)*0.1+IF(AW13-Uzman_D!$H$7<0,-(AW13-Uzman_D!$H$7),AW13-Uzman_D!$H$7)*0.1+IF(AX13-Uzman_D!$I$7<0,-(AX13-Uzman_D!$I$7),AX13-Uzman_D!$I$7)*0.1+IF(AY13-Uzman_D!$J$7<0,-(AY13-Uzman_D!$J$7),AY13-Uzman_D!$J$7)*0.1)+IF(ROUND((IF(BA13-Uzman_D!$L$7<0,-(BA13-Uzman_D!$L$7),BA13-Uzman_D!$L$7)*2),0)/2=IF(BA13-Uzman_D!$L$7<0,-(BA13-Uzman_D!$L$7),BA13-Uzman_D!$L$7),(ROUND((IF(BA13-Uzman_D!$L$7<0,-(BA13-Uzman_D!$L$7),BA13-Uzman_D!$L$7)*2),0)/1*0.1),0)+IF(BB13-Uzman_D!$M$7<0,-(BB13-Uzman_D!$M$7),BB13-Uzman_D!$M$7)*1) -> -0.7 | BP13: =1-(SUM(IF(BD13-Uzman_D!$B$8<0,-(BD13-Uzman_D!$B$8),BD13-Uzman_D!$B$8)*0.1+IF(BE13-Uzman_D!$C$8<0,-(BE13-Uzman_D!$C$8),BE13-Uzman_D!$C$8)*0.1+IF(BF13-Uzman_D!$D$8<0,-(BF13-Uzman_D!$D$8),BF13-Uzman_D!$D$8)*0.1+IF(BG13-Uzman_D!$E$8<0,-(BG13-Uzman_D!$E$8),BG13-Uzman_D!$E$8)*0.1+IF(BH13-Uzman_D!$F$8<0,-(BH13-Uzman_D!$F$8),BH13-Uzman_D!$F$8)*0.1+IF(BI13-Uzman_D!$G$8<0,-(BI13-Uzman_D!$G$8),BI13-Uzman_D!$G$8)*0.1+IF(BJ13-Uzman_D!$H$8<0,-(BJ13-Uzman_D!$H$8),BJ13-Uzman_D!$H$8)*0.1+IF(BK13-Uzman_D!$I$8<0,-(BK13-Uzman_D!$I$8),BK13-Uzman_D!$I$8)*0.1+IF(BL13-Uzman_D!$J$8<0,-(BL13-Uzman_D!$J$8),BL13-Uzman_D!$J$8)*0.1)+IF(ROUND((IF(BN13-Uzman_D!$L$8<0,-(BN13-Uzman_D!$L$8),BN13-Uzman_D!$L$8)*2),0)/2=IF(BN13-Uzman_D!$L$8<0,-(BN13-Uzman_D!$L$8),BN13-Uzman_D!$L$8),(ROUND((IF(BN13-Uzman_D!$L$8<0,-(BN13-Uzman_D!$L$8),BN13-Uzman_D!$L$8)*2),0)/1*0.1),0)+IF(BO13-Uzman_D!$M$8<0,-(BO13-Uzman_D!$M$8),BO13-Uzman_D!$M$8)*1) -> -1 | BQ13: =(P13+AC13+AP13+BC13+BP13)/5 -> -0.48
A14: 11 | B14: =Hakemler!B14 -> YÜCEL | C14: =Hakemler!C14 -> SİBEL | P14: =1-(SUM(IF(D14-Uzman_D!$B$4<0,-(D14-Uzman_D!$B$4),D14-Uzman_D!$B$4)*0.1+IF(E14-Uzman_D!$C$4<0,-(E14-Uzman_D!$C$4),E14-Uzman_D!$C$4)*0.1+IF(F14-Uzman_D!$D$4<0,-(F14-Uzman_D!$D$4),F14-Uzman_D!$D$4)*0.1+IF(G14-Uzman_D!$E$4<0,-(G14-Uzman_D!$E$4),G14-Uzman_D!$E$4)*0.1+IF(H14-Uzman_D!$F$4<0,-(H14-Uzman_D!$F$4),H14-Uzman_D!$F$4)*0.1+IF(I14-Uzman_D!$G$4<0,-(I14-Uzman_D!$G$4),I14-Uzman_D!$G$4)*0.1+IF(J14-Uzman_D!$H$4<0,-(J14-Uzman_D!$H$4),J14-Uzman_D!$H$4)*0.1+IF(K14-Uzman_D!$I$4<0,-(K14-Uzman_D!$I$4),K14-Uzman_D!$I$4)*0.1+IF(L14-Uzman_D!$J$4<0,-(L14-Uzman_D!$J$4),L14-Uzman_D!$J$4)*0.1)+IF(ROUND((IF(N14-Uzman_D!$L$4<0,-(N14-Uzman_D!$L$4),N14-Uzman_D!$L$4)*2),0)/2=IF(N14-Uzman_D!$L$4<0,-(N14-Uzman_D!$L$4),N14-Uzman_D!$L$4),(ROUND((IF(N14-Uzman_D!$L$4<0,-(N14-Uzman_D!$L$4),N14-Uzman_D!$L$4)*2),0)/1*0.1),0)+IF(O14-Uzman_D!$M$4<0,-(O14-Uzman_D!$M$4),O14-Uzman_D!$M$4)*1) -> -0.2 | AC14: =1-(SUM(IF(Q14-Uzman_D!$B$5<0,-(Q14-Uzman_D!$B$5),Q14-Uzman_D!$B$5)*0.1+IF(R14-Uzman_D!$C$5<0,-(R14-Uzman_D!$C$5),R14-Uzman_D!$C$5)*0.1+IF(S14-Uzman_D!$D$5<0,-(S14-Uzman_D!$D$5),S14-Uzman_D!$D$5)*0.1+IF(T14-Uzman_D!$E$5<0,-(T14-Uzman_D!$E$5),T14-Uzman_D!$E$5)*0.1+IF(U14-Uzman_D!$F$5<0,-(U14-Uzman_D!$F$5),U14-Uzman_D!$F$5)*0.1+IF(V14-Uzman_D!$G$5<0,-(V14-Uzman_D!$G$5),V14-Uzman_D!$G$5)*0.1+IF(W14-Uzman_D!$H$5<0,-(W14-Uzman_D!$H$5),W14-Uzman_D!$H$5)*0.1+IF(X14-Uzman_D!$I$5<0,-(X14-Uzman_D!$I$5),X14-Uzman_D!$I$5)*0.1+IF(Y14-Uzman_D!$J$5<0,-(Y14-Uzman_D!$J$5),Y14-Uzman_D!$J$5)*0.1)+IF(ROUND((IF(AA14-Uzman_D!$L$5<0,-(AA14-Uzman_D!$L$5),AA14-Uzman_D!$L$5)*2),0)/2=IF(AA14-Uzman_D!$L$5<0,-(AA14-Uzman_D!$L$5),AA14-Uzman_D!$L$5),(ROUND((IF(AA14-Uzman_D!$L$5<0,-(AA14-Uzman_D!$L$5),AA14-Uzman_D!$L$5)*2),0)/1*0.1),0)+IF(AB14-Uzman_D!$M$5<0,-(AB14-Uzman_D!$M$5),AB14-Uzman_D!$M$5)*1) -> -0.4 | AP14: =1-(SUM(IF(AD14-Uzman_D!$B$6<0,-(AD14-Uzman_D!$B$6),AD14-Uzman_D!$B$6)*0.1+IF(AE14-Uzman_D!$C$6<0,-(AE14-Uzman_D!$C$6),AE14-Uzman_D!$C$6)*0.1+IF(AF14-Uzman_D!$D$6<0,-(AF14-Uzman_D!$D$6),AF14-Uzman_D!$D$6)*0.1+IF(AG14-Uzman_D!$E$6<0,-(AG14-Uzman_D!$E$6),AG14-Uzman_D!$E$6)*0.1+IF(AH14-Uzman_D!$F$6<0,-(AH14-Uzman_D!$F$6),AH14-Uzman_D!$F$6)*0.1+IF(AI14-Uzman_D!$G$6<0,-(AI14-Uzman_D!$G$6),AI14-Uzman_D!$G$6)*0.1+IF(AJ14-Uzman_D!$H$6<0,-(AJ14-Uzman_D!$H$6),AJ14-Uzman_D!$H$6)*0.1+IF(AK14-Uzman_D!$I$6<0,-(AK14-Uzman_D!$I$6),AK14-Uzman_D!$I$6)*0.1+IF(AL14-Uzman_D!$J$6<0,-(AL14-Uzman_D!$J$6),AL14-Uzman_D!$J$6)*0.1)+IF(ROUND((IF(AN14-Uzman_D!$L$6<0,-(AN14-Uzman_D!$L$6),AN14-Uzman_D!$L$6)*2),0)/2=IF(AN14-Uzman_D!$L$6<0,-(AN14-Uzman_D!$L$6),AN14-Uzman_D!$L$6),(ROUND((IF(AN14-Uzman_D!$L$6<0,-(AN14-Uzman_D!$L$6),AN14-Uzman_D!$L$6)*2),0)/1*0.1),0)+IF(AO14-Uzman_D!$M$6<0,-(AO14-Uzman_D!$M$6),AO14-Uzman_D!$M$6)*1) -> -0.1 | BC14: =1-(SUM(IF(AQ14-Uzman_D!$B$7<0,-(AQ14-Uzman_D!$B$7),AQ14-Uzman_D!$B$7)*0.1+IF(AR14-Uzman_D!$C$7<0,-(AR14-Uzman_D!$C$7),AR14-Uzman_D!$C$7)*0.1+IF(AS14-Uzman_D!$D$7<0,-(AS14-Uzman_D!$D$7),AS14-Uzman_D!$D$7)*0.1+IF(AT14-Uzman_D!$E$7<0,-(AT14-Uzman_D!$E$7),AT14-Uzman_D!$E$7)*0.1+IF(AU14-Uzman_D!$F$7<0,-(AU14-Uzman_D!$F$7),AU14-Uzman_D!$F$7)*0.1+IF(AV14-Uzman_D!$G$7<0,-(AV14-Uzman_D!$G$7),AV14-Uzman_D!$G$7)*0.1+IF(AW14-Uzman_D!$H$7<0,-(AW14-Uzman_D!$H$7),AW14-Uzman_D!$H$7)*0.1+IF(AX14-Uzman_D!$I$7<0,-(AX14-Uzman_D!$I$7),AX14-Uzman_D!$I$7)*0.1+IF(AY14-Uzman_D!$J$7<0,-(AY14-Uzman_D!$J$7),AY14-Uzman_D!$J$7)*0.1)+IF(ROUND((IF(BA14-Uzman_D!$L$7<0,-(BA14-Uzman_D!$L$7),BA14-Uzman_D!$L$7)*2),0)/2=IF(BA14-Uzman_D!$L$7<0,-(BA14-Uzman_D!$L$7),BA14-Uzman_D!$L$7),(ROUND((IF(BA14-Uzman_D!$L$7<0,-(BA14-Uzman_D!$L$7),BA14-Uzman_D!$L$7)*2),0)/1*0.1),0)+IF(BB14-Uzman_D!$M$7<0,-(BB14-Uzman_D!$M$7),BB14-Uzman_D!$M$7)*1) -> -0.7 | BP14: =1-(SUM(IF(BD14-Uzman_D!$B$8<0,-(BD14-Uzman_D!$B$8),BD14-Uzman_D!$B$8)*0.1+IF(BE14-Uzman_D!$C$8<0,-(BE14-Uzman_D!$C$8),BE14-Uzman_D!$C$8)*0.1+IF(BF14-Uzman_D!$D$8<0,-(BF14-Uzman_D!$D$8),BF14-Uzman_D!$D$8)*0.1+IF(BG14-Uzman_D!$E$8<0,-(BG14-Uzman_D!$E$8),BG14-Uzman_D!$E$8)*0.1+IF(BH14-Uzman_D!$F$8<0,-(BH14-Uzman_D!$F$8),BH14-Uzman_D!$F$8)*0.1+IF(BI14-Uzman_D!$G$8<0,-(BI14-Uzman_D!$G$8),BI14-Uzman_D!$G$8)*0.1+IF(BJ14-Uzman_D!$H$8<0,-(BJ14-Uzman_D!$H$8),BJ14-Uzman_D!$H$8)*0.1+IF(BK14-Uzman_D!$I$8<0,-(BK14-Uzman_D!$I$8),BK14-Uzman_D!$I$8)*0.1+IF(BL14-Uzman_D!$J$8<0,-(BL14-Uzman_D!$J$8),BL14-Uzman_D!$J$8)*0.1)+IF(ROUND((IF(BN14-Uzman_D!$L$8<0,-(BN14-Uzman_D!$L$8),BN14-Uzman_D!$L$8)*2),0)/2=IF(BN14-Uzman_D!$L$8<0,-(BN14-Uzman_D!$L$8),BN14-Uzman_D!$L$8),(ROUND((IF(BN14-Uzman_D!$L$8<0,-(BN14-Uzman_D!$L$8),BN14-Uzman_D!$L$8)*2),0)/1*0.1),0)+IF(BO14-Uzman_D!$M$8<0,-(BO14-Uzman_D!$M$8),BO14-Uzman_D!$M$8)*1) -> -1 | BQ14: =(P14+AC14+AP14+BC14+BP14)/5 -> -0.48
A15: 12 | B15: =Hakemler!B15 -> YILMAZER | C15: =Hakemler!C15 -> ZEHRA | P15: =1-(SUM(IF(D15-Uzman_D!$B$4<0,-(D15-Uzman_D!$B$4),D15-Uzman_D!$B$4)*0.1+IF(E15-Uzman_D!$C$4<0,-(E15-Uzman_D!$C$4),E15-Uzman_D!$C$4)*0.1+IF(F15-Uzman_D!$D$4<0,-(F15-Uzman_D!$D$4),F15-Uzman_D!$D$4)*0.1+IF(G15-Uzman_D!$E$4<0,-(G15-Uzman_D!$E$4),G15-Uzman_D!$E$4)*0.1+IF(H15-Uzman_D!$F$4<0,-(H15-Uzman_D!$F$4),H15-Uzman_D!$F$4)*0.1+IF(I15-Uzman_D!$G$4<0,-(I15-Uzman_D!$G$4),I15-Uzman_D!$G$4)*0.1+IF(J15-Uzman_D!$H$4<0,-(J15-Uzman_D!$H$4),J15-Uzman_D!$H$4)*0.1+IF(K15-Uzman_D!$I$4<0,-(K15-Uzman_D!$I$4),K15-Uzman_D!$I$4)*0.1+IF(L15-Uzman_D!$J$4<0,-(L15-Uzman_D!$J$4),L15-Uzman_D!$J$4)*0.1)+IF(ROUND((IF(N15-Uzman_D!$L$4<0,-(N15-Uzman_D!$L$4),N15-Uzman_D!$L$4)*2),0)/2=IF(N15-Uzman_D!$L$4<0,-(N15-Uzman_D!$L$4),N15-Uzman_D!$L$4),(ROUND((IF(N15-Uzman_D!$L$4<0,-(N15-Uzman_D!$L$4),N15-Uzman_D!$L$4)*2),0)/1*0.1),0)+IF(O15-Uzman_D!$M$4<0,-(O15-Uzman_D!$M$4),O15-Uzman_D!$M$4)*1) -> -0.2 | AC15: =1-(SUM(IF(Q15-Uzman_D!$B$5<0,-(Q15-Uzman_D!$B$5),Q15-Uzman_D!$B$5)*0.1+IF(R15-Uzman_D!$C$5<0,-(R15-Uzman_D!$C$5),R15-Uzman_D!$C$5)*0.1+IF(S15-Uzman_D!$D$5<0,-(S15-Uzman_D!$D$5),S15-Uzman_D!$D$5)*0.1+IF(T15-Uzman_D!$E$5<0,-(T15-Uzman_D!$E$5),T15-Uzman_D!$E$5)*0.1+IF(U15-Uzman_D!$F$5<0,-(U15-Uzman_D!$F$5),U15-Uzman_D!$F$5)*0.1+IF(V15-Uzman_D!$G$5<0,-(V15-Uzman_D!$G$5),V15-Uzman_D!$G$5)*0.1+IF(W15-Uzman_D!$H$5<0,-(W15-Uzman_D!$H$5),W15-Uzman_D!$H$5)*0.1+IF(X15-Uzman_D!$I$5<0,-(X15-Uzman_D!$I$5),X15-Uzman_D!$I$5)*0.1+IF(Y15-Uzman_D!$J$5<0,-(Y15-Uzman_D!$J$5),Y15-Uzman_D!$J$5)*0.1)+IF(ROUND((IF(AA15-Uzman_D!$L$5<0,-(AA15-Uzman_D!$L$5),AA15-Uzman_D!$L$5)*2),0)/2=IF(AA15-Uzman_D!$L$5<0,-(AA15-Uzman_D!$L$5),AA15-Uzman_D!$L$5),(ROUND((IF(AA15-Uzman_D!$L$5<0,-(AA15-Uzman_D!$L$5),AA15-Uzman_D!$L$5)*2),0)/1*0.1),0)+IF(AB15-Uzman_D!$M$5<0,-(AB15-Uzman_D!$M$5),AB15-Uzman_D!$M$5)*1) -> -0.4 | AP15: =1-(SUM(IF(AD15-Uzman_D!$B$6<0,-(AD15-Uzman_D!$B$6),AD15-Uzman_D!$B$6)*0.1+IF(AE15-Uzman_D!$C$6<0,-(AE15-Uzman_D!$C$6),AE15-Uzman_D!$C$6)*0.1+IF(AF15-Uzman_D!$D$6<0,-(AF15-Uzman_D!$D$6),AF15-Uzman_D!$D$6)*0.1+IF(AG15-Uzman_D!$E$6<0,-(AG15-Uzman_D!$E$6),AG15-Uzman_D!$E$6)*0.1+IF(AH15-Uzman_D!$F$6<0,-(AH15-Uzman_D!$F$6),AH15-Uzman_D!$F$6)*0.1+IF(AI15-Uzman_D!$G$6<0,-(AI15-Uzman_D!$G$6),AI15-Uzman_D!$G$6)*0.1+IF(AJ15-Uzman_D!$H$6<0,-(AJ15-Uzman_D!$H$6),AJ15-Uzman_D!$H$6)*0.1+IF(AK15-Uzman_D!$I$6<0,-(AK15-Uzman_D!$I$6),AK15-Uzman_D!$I$6)*0.1+IF(AL15-Uzman_D!$J$6<0,-(AL15-Uzman_D!$J$6),AL15-Uzman_D!$J$6)*0.1)+IF(ROUND((IF(AN15-Uzman_D!$L$6<0,-(AN15-Uzman_D!$L$6),AN15-Uzman_D!$L$6)*2),0)/2=IF(AN15-Uzman_D!$L$6<0,-(AN15-Uzman_D!$L$6),AN15-Uzman_D!$L$6),(ROUND((IF(AN15-Uzman_D!$L$6<0,-(AN15-Uzman_D!$L$6),AN15-Uzman_D!$L$6)*2),0)/1*0.1),0)+IF(AO15-Uzman_D!$M$6<0,-(AO15-Uzman_D!$M$6),AO15-Uzman_D!$M$6)*1) -> -0.1 | BC15: =1-(SUM(IF(AQ15-Uzman_D!$B$7<0,-(AQ15-Uzman_D!$B$7),AQ15-Uzman_D!$B$7)*0.1+IF(AR15-Uzman_D!$C$7<0,-(AR15-Uzman_D!$C$7),AR15-Uzman_D!$C$7)*0.1+IF(AS15-Uzman_D!$D$7<0,-(AS15-Uzman_D!$D$7),AS15-Uzman_D!$D$7)*0.1+IF(AT15-Uzman_D!$E$7<0,-(AT15-Uzman_D!$E$7),AT15-Uzman_D!$E$7)*0.1+IF(AU15-Uzman_D!$F$7<0,-(AU15-Uzman_D!$F$7),AU15-Uzman_D!$F$7)*0.1+IF(AV15-Uzman_D!$G$7<0,-(AV15-Uzman_D!$G$7),AV15-Uzman_D!$G$7)*0.1+IF(AW15-Uzman_D!$H$7<0,-(AW15-Uzman_D!$H$7),AW15-Uzman_D!$H$7)*0.1+IF(AX15-Uzman_D!$I$7<0,-(AX15-Uzman_D!$I$7),AX15-Uzman_D!$I$7)*0.1+IF(AY15-Uzman_D!$J$7<0,-(AY15-Uzman_D!$J$7),AY15-Uzman_D!$J$7)*0.1)+IF(ROUND((IF(BA15-Uzman_D!$L$7<0,-(BA15-Uzman_D!$L$7),BA15-Uzman_D!$L$7)*2),0)/2=IF(BA15-Uzman_D!$L$7<0,-(BA15-Uzman_D!$L$7),BA15-Uzman_D!$L$7),(ROUND((IF(BA15-Uzman_D!$L$7<0,-(BA15-Uzman_D!$L$7),BA15-Uzman_D!$L$7)*2),0)/1*0.1),0)+IF(BB15-Uzman_D!$M$7<0,-(BB15-Uzman_D!$M$7),BB15-Uzman_D!$M$7)*1) -> -0.7 | BP15: =1-(SUM(IF(BD15-Uzman_D!$B$8<0,-(BD15-Uzman_D!$B$8),BD15-Uzman_D!$B$8)*0.1+IF(BE15-Uzman_D!$C$8<0,-(BE15-Uzman_D!$C$8),BE15-Uzman_D!$C$8)*0.1+IF(BF15-Uzman_D!$D$8<0,-(BF15-Uzman_D!$D$8),BF15-Uzman_D!$D$8)*0.1+IF(BG15-Uzman_D!$E$8<0,-(BG15-Uzman_D!$E$8),BG15-Uzman_D!$E$8)*0.1+IF(BH15-Uzman_D!$F$8<0,-(BH15-Uzman_D!$F$8),BH15-Uzman_D!$F$8)*0.1+IF(BI15-Uzman_D!$G$8<0,-(BI15-Uzman_D!$G$8),BI15-Uzman_D!$G$8)*0.1+IF(BJ15-Uzman_D!$H$8<0,-(BJ15-Uzman_D!$H$8),BJ15-Uzman_D!$H$8)*0.1+IF(BK15-Uzman_D!$I$8<0,-(BK15-Uzman_D!$I$8),BK15-Uzman_D!$I$8)*0.1+IF(BL15-Uzman_D!$J$8<0,-(BL15-Uzman_D!$J$8),BL15-Uzman_D!$J$8)*0.1)+IF(ROUND((IF(BN15-Uzman_D!$L$8<0,-(BN15-Uzman_D!$L$8),BN15-Uzman_D!$L$8)*2),0)/2=IF(BN15-Uzman_D!$L$8<0,-(BN15-Uzman_D!$L$8),BN15-Uzman_D!$L$8),(ROUND((IF(BN15-Uzman_D!$L$8<0,-(BN15-Uzman_D!$L$8),BN15-Uzman_D!$L$8)*2),0)/1*0.1),0)+IF(BO15-Uzman_D!$M$8<0,-(BO15-Uzman_D!$M$8),BO15-Uzman_D!$M$8)*1) -> -1 | BQ15: =(P15+AC15+AP15+BC15+BP15)/5 -> -0.48
A16: 13 | B16: =Hakemler!B16 -> ŞAHİNTEKİN | C16: =Hakemler!C16 -> MUHAMMED | P16: =1-(SUM(IF(D16-Uzman_D!$B$4<0,-(D16-Uzman_D!$B$4),D16-Uzman_D!$B$4)*0.1+IF(E16-Uzman_D!$C$4<0,-(E16-Uzman_D!$C$4),E16-Uzman_D!$C$4)*0.1+IF(F16-Uzman_D!$D$4<0,-(F16-Uzman_D!$D$4),F16-Uzman_D!$D$4)*0.1+IF(G16-Uzman_D!$E$4<0,-(G16-Uzman_D!$E$4),G16-Uzman_D!$E$4)*0.1+IF(H16-Uzman_D!$F$4<0,-(H16-Uzman_D!$F$4),H16-Uzman_D!$F$4)*0.1+IF(I16-Uzman_D!$G$4<0,-(I16-Uzman_D!$G$4),I16-Uzman_D!$G$4)*0.1+IF(J16-Uzman_D!$H$4<0,-(J16-Uzman_D!$H$4),J16-Uzman_D!$H$4)*0.1+IF(K16-Uzman_D!$I$4<0,-(K16-Uzman_D!$I$4),K16-Uzman_D!$I$4)*0.1+IF(L16-Uzman_D!$J$4<0,-(L16-Uzman_D!$J$4),L16-Uzman_D!$J$4)*0.1)+IF(ROUND((IF(N16-Uzman_D!$L$4<0,-(N16-Uzman_D!$L$4),N16-Uzman_D!$L$4)*2),0)/2=IF(N16-Uzman_D!$L$4<0,-(N16-Uzman_D!$L$4),N16-Uzman_D!$L$4),(ROUND((IF(N16-Uzman_D!$L$4<0,-(N16-Uzman_D!$L$4),N16-Uzman_D!$L$4)*2),0)/1*0.1),0)+IF(O16-Uzman_D!$M$4<0,-(O16-Uzman_D!$M$4),O16-Uzman_D!$M$4)*1) -> -0.2 | AC16: =1-(SUM(IF(Q16-Uzman_D!$B$5<0,-(Q16-Uzman_D!$B$5),Q16-Uzman_D!$B$5)*0.1+IF(R16-Uzman_D!$C$5<0,-(R16-Uzman_D!$C$5),R16-Uzman_D!$C$5)*0.1+IF(S16-Uzman_D!$D$5<0,-(S16-Uzman_D!$D$5),S16-Uzman_D!$D$5)*0.1+IF(T16-Uzman_D!$E$5<0,-(T16-Uzman_D!$E$5),T16-Uzman_D!$E$5)*0.1+IF(U16-Uzman_D!$F$5<0,-(U16-Uzman_D!$F$5),U16-Uzman_D!$F$5)*0.1+IF(V16-Uzman_D!$G$5<0,-(V16-Uzman_D!$G$5),V16-Uzman_D!$G$5)*0.1+IF(W16-Uzman_D!$H$5<0,-(W16-Uzman_D!$H$5),W16-Uzman_D!$H$5)*0.1+IF(X16-Uzman_D!$I$5<0,-(X16-Uzman_D!$I$5),X16-Uzman_D!$I$5)*0.1+IF(Y16-Uzman_D!$J$5<0,-(Y16-Uzman_D!$J$5),Y16-Uzman_D!$J$5)*0.1)+IF(ROUND((IF(AA16-Uzman_D!$L$5<0,-(AA16-Uzman_D!$L$5),AA16-Uzman_D!$L$5)*2),0)/2=IF(AA16-Uzman_D!$L$5<0,-(AA16-Uzman_D!$L$5),AA16-Uzman_D!$L$5),(ROUND((IF(AA16-Uzman_D!$L$5<0,-(AA16-Uzman_D!$L$5),AA16-Uzman_D!$L$5)*2),0)/1*0.1),0)+IF(AB16-Uzman_D!$M$5<0,-(AB16-Uzman_D!$M$5),AB16-Uzman_D!$M$5)*1) -> -0.4 | AP16: =1-(SUM(IF(AD16-Uzman_D!$B$6<0,-(AD16-Uzman_D!$B$6),AD16-Uzman_D!$B$6)*0.1+IF(AE16-Uzman_D!$C$6<0,-(AE16-Uzman_D!$C$6),AE16-Uzman_D!$C$6)*0.1+IF(AF16-Uzman_D!$D$6<0,-(AF16-Uzman_D!$D$6),AF16-Uzman_D!$D$6)*0.1+IF(AG16-Uzman_D!$E$6<0,-(AG16-Uzman_D!$E$6),AG16-Uzman_D!$E$6)*0.1+IF(AH16-Uzman_D!$F$6<0,-(AH16-Uzman_D!$F$6),AH16-Uzman_D!$F$6)*0.1+IF(AI16-Uzman_D!$G$6<0,-(AI16-Uzman_D!$G$6),AI16-Uzman_D!$G$6)*0.1+IF(AJ16-Uzman_D!$H$6<0,-(AJ16-Uzman_D!$H$6),AJ16-Uzman_D!$H$6)*0.1+IF(AK16-Uzman_D!$I$6<0,-(AK16-Uzman_D!$I$6),AK16-Uzman_D!$I$6)*0.1+IF(AL16-Uzman_D!$J$6<0,-(AL16-Uzman_D!$J$6),AL16-Uzman_D!$J$6)*0.1)+IF(ROUND((IF(AN16-Uzman_D!$L$6<0,-(AN16-Uzman_D!$L$6),AN16-Uzman_D!$L$6)*2),0)/2=IF(AN16-Uzman_D!$L$6<0,-(AN16-Uzman_D!$L$6),AN16-Uzman_D!$L$6),(ROUND((IF(AN16-Uzman_D!$L$6<0,-(AN16-Uzman_D!$L$6),AN16-Uzman_D!$L$6)*2),0)/1*0.1),0)+IF(AO16-Uzman_D!$M$6<0,-(AO16-Uzman_D!$M$6),AO16-Uzman_D!$M$6)*1) -> -0.1 | BC16: =1-(SUM(IF(AQ16-Uzman_D!$B$7<0,-(AQ16-Uzman_D!$B$7),AQ16-Uzman_D!$B$7)*0.1+IF(AR16-Uzman_D!$C$7<0,-(AR16-Uzman_D!$C$7),AR16-Uzman_D!$C$7)*0.1+IF(AS16-Uzman_D!$D$7<0,-(AS16-Uzman_D!$D$7),AS16-Uzman_D!$D$7)*0.1+IF(AT16-Uzman_D!$E$7<0,-(AT16-Uzman_D!$E$7),AT16-Uzman_D!$E$7)*0.1+IF(AU16-Uzman_D!$F$7<0,-(AU16-Uzman_D!$F$7),AU16-Uzman_D!$F$7)*0.1+IF(AV16-Uzman_D!$G$7<0,-(AV16-Uzman_D!$G$7),AV16-Uzman_D!$G$7)*0.1+IF(AW16-Uzman_D!$H$7<0,-(AW16-Uzman_D!$H$7),AW16-Uzman_D!$H$7)*0.1+IF(AX16-Uzman_D!$I$7<0,-(AX16-Uzman_D!$I$7),AX16-Uzman_D!$I$7)*0.1+IF(AY16-Uzman_D!$J$7<0,-(AY16-Uzman_D!$J$7),AY16-Uzman_D!$J$7)*0.1)+IF(ROUND((IF(BA16-Uzman_D!$L$7<0,-(BA16-Uzman_D!$L$7),BA16-Uzman_D!$L$7)*2),0)/2=IF(BA16-Uzman_D!$L$7<0,-(BA16-Uzman_D!$L$7),BA16-Uzman_D!$L$7),(ROUND((IF(BA16-Uzman_D!$L$7<0,-(BA16-Uzman_D!$L$7),BA16-Uzman_D!$L$7)*2),0)/1*0.1),0)+IF(BB16-Uzman_D!$M$7<0,-(BB16-Uzman_D!$M$7),BB16-Uzman_D!$M$7)*1) -> -0.7 | BP16: =1-(SUM(IF(BD16-Uzman_D!$B$8<0,-(BD16-Uzman_D!$B$8),BD16-Uzman_D!$B$8)*0.1+IF(BE16-Uzman_D!$C$8<0,-(BE16-Uzman_D!$C$8),BE16-Uzman_D!$C$8)*0.1+IF(BF16-Uzman_D!$D$8<0,-(BF16-Uzman_D!$D$8),BF16-Uzman_D!$D$8)*0.1+IF(BG16-Uzman_D!$E$8<0,-(BG16-Uzman_D!$E$8),BG16-Uzman_D!$E$8)*0.1+IF(BH16-Uzman_D!$F$8<0,-(BH16-Uzman_D!$F$8),BH16-Uzman_D!$F$8)*0.1+IF(BI16-Uzman_D!$G$8<0,-(BI16-Uzman_D!$G$8),BI16-Uzman_D!$G$8)*0.1+IF(BJ16-Uzman_D!$H$8<0,-(BJ16-Uzman_D!$H$8),BJ16-Uzman_D!$H$8)*0.1+IF(BK16-Uzman_D!$I$8<0,-(BK16-Uzman_D!$I$8),BK16-Uzman_D!$I$8)*0.1+IF(BL16-Uzman_D!$J$8<0,-(BL16-Uzman_D!$J$8),BL16-Uzman_D!$J$8)*0.1)+IF(ROUND((IF(BN16-Uzman_D!$L$8<0,-(BN16-Uzman_D!$L$8),BN16-Uzman_D!$L$8)*2),0)/2=IF(BN16-Uzman_D!$L$8<0,-(BN16-Uzman_D!$L$8),BN16-Uzman_D!$L$8),(ROUND((IF(BN16-Uzman_D!$L$8<0,-(BN16-Uzman_D!$L$8),BN16-Uzman_D!$L$8)*2),0)/1*0.1),0)+IF(BO16-Uzman_D!$M$8<0,-(BO16-Uzman_D!$M$8),BO16-Uzman_D!$M$8)*1) -> -1 | BQ16: =(P16+AC16+AP16+BC16+BP16)/5 -> -0.48
A17: 14 | B17: =Hakemler!B17 -> ERKUT | C17: =Hakemler!C17 -> OYA | P17: =1-(SUM(IF(D17-Uzman_D!$B$4<0,-(D17-Uzman_D!$B$4),D17-Uzman_D!$B$4)*0.1+IF(E17-Uzman_D!$C$4<0,-(E17-Uzman_D!$C$4),E17-Uzman_D!$C$4)*0.1+IF(F17-Uzman_D!$D$4<0,-(F17-Uzman_D!$D$4),F17-Uzman_D!$D$4)*0.1+IF(G17-Uzman_D!$E$4<0,-(G17-Uzman_D!$E$4),G17-Uzman_D!$E$4)*0.1+IF(H17-Uzman_D!$F$4<0,-(H17-Uzman_D!$F$4),H17-Uzman_D!$F$4)*0.1+IF(I17-Uzman_D!$G$4<0,-(I17-Uzman_D!$G$4),I17-Uzman_D!$G$4)*0.1+IF(J17-Uzman_D!$H$4<0,-(J17-Uzman_D!$H$4),J17-Uzman_D!$H$4)*0.1+IF(K17-Uzman_D!$I$4<0,-(K17-Uzman_D!$I$4),K17-Uzman_D!$I$4)*0.1+IF(L17-Uzman_D!$J$4<0,-(L17-Uzman_D!$J$4),L17-Uzman_D!$J$4)*0.1)+IF(ROUND((IF(N17-Uzman_D!$L$4<0,-(N17-Uzman_D!$L$4),N17-Uzman_D!$L$4)*2),0)/2=IF(N17-Uzman_D!$L$4<0,-(N17-Uzman_D!$L$4),N17-Uzman_D!$L$4),(ROUND((IF(N17-Uzman_D!$L$4<0,-(N17-Uzman_D!$L$4),N17-Uzman_D!$L$4)*2),0)/1*0.1),0)+IF(O17-Uzman_D!$M$4<0,-(O17-Uzman_D!$M$4),O17-Uzman_D!$M$4)*1) -> -0.2 | AC17: =1-(SUM(IF(Q17-Uzman_D!$B$5<0,-(Q17-Uzman_D!$B$5),Q17-Uzman_D!$B$5)*0.1+IF(R17-Uzman_D!$C$5<0,-(R17-Uzman_D!$C$5),R17-Uzman_D!$C$5)*0.1+IF(S17-Uzman_D!$D$5<0,-(S17-Uzman_D!$D$5),S17-Uzman_D!$D$5)*0.1+IF(T17-Uzman_D!$E$5<0,-(T17-Uzman_D!$E$5),T17-Uzman_D!$E$5)*0.1+IF(U17-Uzman_D!$F$5<0,-(U17-Uzman_D!$F$5),U17-Uzman_D!$F$5)*0.1+IF(V17-Uzman_D!$G$5<0,-(V17-Uzman_D!$G$5),V17-Uzman_D!$G$5)*0.1+IF(W17-Uzman_D!$H$5<0,-(W17-Uzman_D!$H$5),W17-Uzman_D!$H$5)*0.1+IF(X17-Uzman_D!$I$5<0,-(X17-Uzman_D!$I$5),X17-Uzman_D!$I$5)*0.1+IF(Y17-Uzman_D!$J$5<0,-(Y17-Uzman_D!$J$5),Y17-Uzman_D!$J$5)*0.1)+IF(ROUND((IF(AA17-Uzman_D!$L$5<0,-(AA17-Uzman_D!$L$5),AA17-Uzman_D!$L$5)*2),0)/2=IF(AA17-Uzman_D!$L$5<0,-(AA17-Uzman_D!$L$5),AA17-Uzman_D!$L$5),(ROUND((IF(AA17-Uzman_D!$L$5<0,-(AA17-Uzman_D!$L$5),AA17-Uzman_D!$L$5)*2),0)/1*0.1),0)+IF(AB17-Uzman_D!$M$5<0,-(AB17-Uzman_D!$M$5),AB17-Uzman_D!$M$5)*1) -> -0.4 | AP17: =1-(SUM(IF(AD17-Uzman_D!$B$6<0,-(AD17-Uzman_D!$B$6),AD17-Uzman_D!$B$6)*0.1+IF(AE17-Uzman_D!$C$6<0,-(AE17-Uzman_D!$C$6),AE17-Uzman_D!$C$6)*0.1+IF(AF17-Uzman_D!$D$6<0,-(AF17-Uzman_D!$D$6),AF17-Uzman_D!$D$6)*0.1+IF(AG17-Uzman_D!$E$6<0,-(AG17-Uzman_D!$E$6),AG17-Uzman_D!$E$6)*0.1+IF(AH17-Uzman_D!$F$6<0,-(AH17-Uzman_D!$F$6),AH17-Uzman_D!$F$6)*0.1+IF(AI17-Uzman_D!$G$6<0,-(AI17-Uzman_D!$G$6),AI17-Uzman_D!$G$6)*0.1+IF(AJ17-Uzman_D!$H$6<0,-(AJ17-Uzman_D!$H$6),AJ17-Uzman_D!$H$6)*0.1+IF(AK17-Uzman_D!$I$6<0,-(AK17-Uzman_D!$I$6),AK17-Uzman_D!$I$6)*0.1+IF(AL17-Uzman_D!$J$6<0,-(AL17-Uzman_D!$J$6),AL17-Uzman_D!$J$6)*0.1)+IF(ROUND((IF(AN17-Uzman_D!$L$6<0,-(AN17-Uzman_D!$L$6),AN17-Uzman_D!$L$6)*2),0)/2=IF(AN17-Uzman_D!$L$6<0,-(AN17-Uzman_D!$L$6),AN17-Uzman_D!$L$6),(ROUND((IF(AN17-Uzman_D!$L$6<0,-(AN17-Uzman_D!$L$6),AN17-Uzman_D!$L$6)*2),0)/1*0.1),0)+IF(AO17-Uzman_D!$M$6<0,-(AO17-Uzman_D!$M$6),AO17-Uzman_D!$M$6)*1) -> -0.1 | BC17: =1-(SUM(IF(AQ17-Uzman_D!$B$7<0,-(AQ17-Uzman_D!$B$7),AQ17-Uzman_D!$B$7)*0.1+IF(AR17-Uzman_D!$C$7<0,-(AR17-Uzman_D!$C$7),AR17-Uzman_D!$C$7)*0.1+IF(AS17-Uzman_D!$D$7<0,-(AS17-Uzman_D!$D$7),AS17-Uzman_D!$D$7)*0.1+IF(AT17-Uzman_D!$E$7<0,-(AT17-Uzman_D!$E$7),AT17-Uzman_D!$E$7)*0.1+IF(AU17-Uzman_D!$F$7<0,-(AU17-Uzman_D!$F$7),AU17-Uzman_D!$F$7)*0.1+IF(AV17-Uzman_D!$G$7<0,-(AV17-Uzman_D!$G$7),AV17-Uzman_D!$G$7)*0.1+IF(AW17-Uzman_D!$H$7<0,-(AW17-Uzman_D!$H$7),AW17-Uzman_D!$H$7)*0.1+IF(AX17-Uzman_D!$I$7<0,-(AX17-Uzman_D!$I$7),AX17-Uzman_D!$I$7)*0.1+IF(AY17-Uzman_D!$J$7<0,-(AY17-Uzman_D!$J$7),AY17-Uzman_D!$J$7)*0.1)+IF(ROUND((IF(BA17-Uzman_D!$L$7<0,-(BA17-Uzman_D!$L$7),BA17-Uzman_D!$L$7)*2),0)/2=IF(BA17-Uzman_D!$L$7<0,-(BA17-Uzman_D!$L$7),BA17-Uzman_D!$L$7),(ROUND((IF(BA17-Uzman_D!$L$7<0,-(BA17-Uzman_D!$L$7),BA17-Uzman_D!$L$7)*2),0)/1*0.1),0)+IF(BB17-Uzman_D!$M$7<0,-(BB17-Uzman_D!$M$7),BB17-Uzman_D!$M$7)*1) -> -0.7 | BP17: =1-(SUM(IF(BD17-Uzman_D!$B$8<0,-(BD17-Uzman_D!$B$8),BD17-Uzman_D!$B$8)*0.1+IF(BE17-Uzman_D!$C$8<0,-(BE17-Uzman_D!$C$8),BE17-Uzman_D!$C$8)*0.1+IF(BF17-Uzman_D!$D$8<0,-(BF17-Uzman_D!$D$8),BF17-Uzman_D!$D$8)*0.1+IF(BG17-Uzman_D!$E$8<0,-(BG17-Uzman_D!$E$8),BG17-Uzman_D!$E$8)*0.1+IF(BH17-Uzman_D!$F$8<0,-(BH17-Uzman_D!$F$8),BH17-Uzman_D!$F$8)*0.1+IF(BI17-Uzman_D!$G$8<0,-(BI17-Uzman_D!$G$8),BI17-Uzman_D!$G$8)*0.1+IF(BJ17-Uzman_D!$H$8<0,-(BJ17-Uzman_D!$H$8),BJ17-Uzman_D!$H$8)*0.1+IF(BK17-Uzman_D!$I$8<0,-(BK17-Uzman_D!$I$8),BK17-Uzman_D!$I$8)*0.1+IF(BL17-Uzman_D!$J$8<0,-(BL17-Uzman_D!$J$8),BL17-Uzman_D!$J$8)*0.1)+IF(ROUND((IF(BN17-Uzman_D!$L$8<0,-(BN17-Uzman_D!$L$8),BN17-Uzman_D!$L$8)*2),0)/2=IF(BN17-Uzman_D!$L$8<0,-(BN17-Uzman_D!$L$8),BN17-Uzman_D!$L$8),(ROUND((IF(BN17-Uzman_D!$L$8<0,-(BN17-Uzman_D!$L$8),BN17-Uzman_D!$L$8)*2),0)/1*0.1),0)+IF(BO17-Uzman_D!$M$8<0,-(BO17-Uzman_D!$M$8),BO17-Uzman_D!$M$8)*1) -> -1 | BQ17: =(P17+AC17+AP17+BC17+BP17)/5 -> -0.48
... A23: 20 | B23: =Hakemler!B23 -> ÖNER AĞAN | C23: =Hakemler!C23 -> DERYA | P23: =1-(SUM(IF(D23-Uzman_D!$B$4<0,-(D23-Uzman_D!$B$4),D23-Uzman_D!$B$4)*0.1+IF(E23-Uzman_D!$C$4<0,-(E23-Uzman_D!$C$4),E23-Uzman_D!$C$4)*0.1+IF(F23-Uzman_D!$D$4<0,-(F23-Uzman_D!$D$4),F23-Uzman_D!$D$4)*0.1+IF(G23-Uzman_D!$E$4<0,-(G23-Uzman_D!$E$4),G23-Uzman_D!$E$4)*0.1+IF(H23-Uzman_D!$F$4<0,-(H23-Uzman_D!$F$4),H23-Uzman_D!$F$4)*0.1+IF(I23-Uzman_D!$G$4<0,-(I23-Uzman_D!$G$4),I23-Uzman_D!$G$4)*0.1+IF(J23-Uzman_D!$H$4<0,-(J23-Uzman_D!$H$4),J23-Uzman_D!$H$4)*0.1+IF(K23-Uzman_D!$I$4<0,-(K23-Uzman_D!$I$4),K23-Uzman_D!$I$4)*0.1+IF(L23-Uzman_D!$J$4<0,-(L23-Uzman_D!$J$4),L23-Uzman_D!$J$4)*0.1)+IF(ROUND((IF(N23-Uzman_D!$L$4<0,-(N23-Uzman_D!$L$4),N23-Uzman_D!$L$4)*2),0)/2=IF(N23-Uzman_D!$L$4<0,-(N23-Uzman_D!$L$4),N23-Uzman_D!$L$4),(ROUND((IF(N23-Uzman_D!$L$4<0,-(N23-Uzman_D!$L$4),N23-Uzman_D!$L$4)*2),0)/1*0.1),0)+IF(O23-Uzman_D!$M$4<0,-(O23-Uzman_D!$M$4),O23-Uzman_D!$M$4)*1) -> -0.2 | AC23: =1-(SUM(IF(Q23-Uzman_D!$B$5<0,-(Q23-Uzman_D!$B$5),Q23-Uzman_D!$B$5)*0.1+IF(R23-Uzman_D!$C$5<0,-(R23-Uzman_D!$C$5),R23-Uzman_D!$C$5)*0.1+IF(S23-Uzman_D!$D$5<0,-(S23-Uzman_D!$D$5),S23-Uzman_D!$D$5)*0.1+IF(T23-Uzman_D!$E$5<0,-(T23-Uzman_D!$E$5),T23-Uzman_D!$E$5)*0.1+IF(U23-Uzman_D!$F$5<0,-(U23-Uzman_D!$F$5),U23-Uzman_D!$F$5)*0.1+IF(V23-Uzman_D!$G$5<0,-(V23-Uzman_D!$G$5),V23-Uzman_D!$G$5)*0.1+IF(W23-Uzman_D!$H$5<0,-(W23-Uzman_D!$H$5),W23-Uzman_D!$H$5)*0.1+IF(X23-Uzman_D!$I$5<0,-(X23-Uzman_D!$I$5),X23-Uzman_D!$I$5)*0.1+IF(Y23-Uzman_D!$J$5<0,-(Y23-Uzman_D!$J$5),Y23-Uzman_D!$J$5)*0.1)+IF(ROUND((IF(AA23-Uzman_D!$L$5<0,-(AA23-Uzman_D!$L$5),AA23-Uzman_D!$L$5)*2),0)/2=IF(AA23-Uzman_D!$L$5<0,-(AA23-Uzman_D!$L$5),AA23-Uzman_D!$L$5),(ROUND((IF(AA23-Uzman_D!$L$5<0,-(AA23-Uzman_D!$L$5),AA23-Uzman_D!$L$5)*2),0)/1*0.1),0)+IF(AB23-Uzman_D!$M$5<0,-(AB23-Uzman_D!$M$5),AB23-Uzman_D!$M$5)*1) -> -0.4 | AP23: =1-(SUM(IF(AD23-Uzman_D!$B$6<0,-(AD23-Uzman_D!$B$6),AD23-Uzman_D!$B$6)*0.1+IF(AE23-Uzman_D!$C$6<0,-(AE23-Uzman_D!$C$6),AE23-Uzman_D!$C$6)*0.1+IF(AF23-Uzman_D!$D$6<0,-(AF23-Uzman_D!$D$6),AF23-Uzman_D!$D$6)*0.1+IF(AG23-Uzman_D!$E$6<0,-(AG23-Uzman_D!$E$6),AG23-Uzman_D!$E$6)*0.1+IF(AH23-Uzman_D!$F$6<0,-(AH23-Uzman_D!$F$6),AH23-Uzman_D!$F$6)*0.1+IF(AI23-Uzman_D!$G$6<0,-(AI23-Uzman_D!$G$6),AI23-Uzman_D!$G$6)*0.1+IF(AJ23-Uzman_D!$H$6<0,-(AJ23-Uzman_D!$H$6),AJ23-Uzman_D!$H$6)*0.1+IF(AK23-Uzman_D!$I$6<0,-(AK23-Uzman_D!$I$6),AK23-Uzman_D!$I$6)*0.1+IF(AL23-Uzman_D!$J$6<0,-(AL23-Uzman_D!$J$6),AL23-Uzman_D!$J$6)*0.1)+IF(ROUND((IF(AN23-Uzman_D!$L$6<0,-(AN23-Uzman_D!$L$6),AN23-Uzman_D!$L$6)*2),0)/2=IF(AN23-Uzman_D!$L$6<0,-(AN23-Uzman_D!$L$6),AN23-Uzman_D!$L$6),(ROUND((IF(AN23-Uzman_D!$L$6<0,-(AN23-Uzman_D!$L$6),AN23-Uzman_D!$L$6)*2),0)/1*0.1),0)+IF(AO23-Uzman_D!$M$6<0,-(AO23-Uzman_D!$M$6),AO23-Uzman_D!$M$6)*1) -> -0.1 | BC23: =1-(SUM(IF(AQ23-Uzman_D!$B$7<0,-(AQ23-Uzman_D!$B$7),AQ23-Uzman_D!$B$7)*0.1+IF(AR23-Uzman_D!$C$7<0,-(AR23-Uzman_D!$C$7),AR23-Uzman_D!$C$7)*0.1+IF(AS23-Uzman_D!$D$7<0,-(AS23-Uzman_D!$D$7),AS23-Uzman_D!$D$7)*0.1+IF(AT23-Uzman_D!$E$7<0,-(AT23-Uzman_D!$E$7),AT23-Uzman_D!$E$7)*0.1+IF(AU23-Uzman_D!$F$7<0,-(AU23-Uzman_D!$F$7),AU23-Uzman_D!$F$7)*0.1+IF(AV23-Uzman_D!$G$7<0,-(AV23-Uzman_D!$G$7),AV23-Uzman_D!$G$7)*0.1+IF(AW23-Uzman_D!$H$7<0,-(AW23-Uzman_D!$H$7),AW23-Uzman_D!$H$7)*0.1+IF(AX23-Uzman_D!$I$7<0,-(AX23-Uzman_D!$I$7),AX23-Uzman_D!$I$7)*0.1+IF(AY23-Uzman_D!$J$7<0,-(AY23-Uzman_D!$J$7),AY23-Uzman_D!$J$7)*0.1)+IF(ROUND((IF(BA23-Uzman_D!$L$7<0,-(BA23-Uzman_D!$L$7),BA23-Uzman_D!$L$7)*2),0)/2=IF(BA23-Uzman_D!$L$7<0,-(BA23-Uzman_D!$L$7),BA23-Uzman_D!$L$7),(ROUND((IF(BA23-Uzman_D!$L$7<0,-(BA23-Uzman_D!$L$7),BA23-Uzman_D!$L$7)*2),0)/1*0.1),0)+IF(BB23-Uzman_D!$M$7<0,-(BB23-Uzman_D!$M$7),BB23-Uzman_D!$M$7)*1) -> -0.7 | BP23: =1-(SUM(IF(BD23-Uzman_D!$B$8<0,-(BD23-Uzman_D!$B$8),BD23-Uzman_D!$B$8)*0.1+IF(BE23-Uzman_D!$C$8<0,-(BE23-Uzman_D!$C$8),BE23-Uzman_D!$C$8)*0.1+IF(BF23-Uzman_D!$D$8<0,-(BF23-Uzman_D!$D$8),BF23-Uzman_D!$D$8)*0.1+IF(BG23-Uzman_D!$E$8<0,-(BG23-Uzman_D!$E$8),BG23-Uzman_D!$E$8)*0.1+IF(BH23-Uzman_D!$F$8<0,-(BH23-Uzman_D!$F$8),BH23-Uzman_D!$F$8)*0.1+IF(BI23-Uzman_D!$G$8<0,-(BI23-Uzman_D!$G$8),BI23-Uzman_D!$G$8)*0.1+IF(BJ23-Uzman_D!$H$8<0,-(BJ23-Uzman_D!$H$8),BJ23-Uzman_D!$H$8)*0.1+IF(BK23-Uzman_D!$I$8<0,-(BK23-Uzman_D!$I$8),BK23-Uzman_D!$I$8)*0.1+IF(BL23-Uzman_D!$J$8<0,-(BL23-Uzman_D!$J$8),BL23-Uzman_D!$J$8)*0.1)+IF(ROUND((IF(BN23-Uzman_D!$L$8<0,-(BN23-Uzman_D!$L$8),BN23-Uzman_D!$L$8)*2),0)/2=IF(BN23-Uzman_D!$L$8<0,-(BN23-Uzman_D!$L$8),BN23-Uzman_D!$L$8),(ROUND((IF(BN23-Uzman_D!$L$8<0,-(BN23-Uzman_D!$L$8),BN23-Uzman_D!$L$8)*2),0)/1*0.1),0)+IF(BO23-Uzman_D!$M$8<0,-(BO23-Uzman_D!$M$8),BO23-Uzman_D!$M$8)*1) -> -1 | BQ23: =(P23+AC23+AP23+BC23+BP23)/5 -> -0.48
A24: 21 | B24: =Hakemler!B24 -> ABACI | C24: =Hakemler!C24 -> BUSE | D24: 1 | E24: 3 | F24: 3 | G24: 2 | N24: 2 | O24: 0.1 | P24: =1-(SUM(IF(D24-Uzman_D!$B$4<0,-(D24-Uzman_D!$B$4),D24-Uzman_D!$B$4)*0.1+IF(E24-Uzman_D!$C$4<0,-(E24-Uzman_D!$C$4),E24-Uzman_D!$C$4)*0.1+IF(F24-Uzman_D!$D$4<0,-(F24-Uzman_D!$D$4),F24-Uzman_D!$D$4)*0.1+IF(G24-Uzman_D!$E$4<0,-(G24-Uzman_D!$E$4),G24-Uzman_D!$E$4)*0.1+IF(H24-Uzman_D!$F$4<0,-(H24-Uzman_D!$F$4),H24-Uzman_D!$F$4)*0.1+IF(I24-Uzman_D!$G$4<0,-(I24-Uzman_D!$G$4),I24-Uzman_D!$G$4)*0.1+IF(J24-Uzman_D!$H$4<0,-(J24-Uzman_D!$H$4),J24-Uzman_D!$H$4)*0.1+IF(K24-Uzman_D!$I$4<0,-(K24-Uzman_D!$I$4),K24-Uzman_D!$I$4)*0.1+IF(L24-Uzman_D!$J$4<0,-(L24-Uzman_D!$J$4),L24-Uzman_D!$J$4)*0.1)+IF(ROUND((IF(N24-Uzman_D!$L$4<0,-(N24-Uzman_D!$L$4),N24-Uzman_D!$L$4)*2),0)/2=IF(N24-Uzman_D!$L$4<0,-(N24-Uzman_D!$L$4),N24-Uzman_D!$L$4),(ROUND((IF(N24-Uzman_D!$L$4<0,-(N24-Uzman_D!$L$4),N24-Uzman_D!$L$4)*2),0)/1*0.1),0)+IF(O24-Uzman_D!$M$4<0,-(O24-Uzman_D!$M$4),O24-Uzman_D!$M$4)*1) -> 0.6 | R24: 1 | S24: 2 | T24: 2 | U24: 2 | V24: 1 | AA24: 2 | AB24: 0.3 | AC24: =1-(SUM(IF(Q24-Uzman_D!$B$5<0,-(Q24-Uzman_D!$B$5),Q24-Uzman_D!$B$5)*0.1+IF(R24-Uzman_D!$C$5<0,-(R24-Uzman_D!$C$5),R24-Uzman_D!$C$5)*0.1+IF(S24-Uzman_D!$D$5<0,-(S24-Uzman_D!$D$5),S24-Uzman_D!$D$5)*0.1+IF(T24-Uzman_D!$E$5<0,-(T24-Uzman_D!$E$5),T24-Uzman_D!$E$5)*0.1+IF(U24-Uzman_D!$F$5<0,-(U24-Uzman_D!$F$5),U24-Uzman_D!$F$5)*0.1+IF(V24-Uzman_D!$G$5<0,-(V24-Uzman_D!$G$5),V24-Uzman_D!$G$5)*0.1+IF(W24-Uzman_D!$H$5<0,-(W24-Uzman_D!$H$5),W24-Uzman_D!$H$5)*0.1+IF(X24-Uzman_D!$I$5<0,-(X24-Uzman_D!$I$5),X24-Uzman_D!$I$5)*0.1+IF(Y24-Uzman_D!$J$5<0,-(Y24-Uzman_D!$J$5),Y24-Uzman_D!$J$5)*0.1)+IF(ROUND((IF(AA24-Uzman_D!$L$5<0,-(AA24-Uzman_D!$L$5),AA24-Uzman_D!$L$5)*2),0)/2=IF(AA24-Uzman_D!$L$5<0,-(AA24-Uzman_D!$L$5),AA24-Uzman_D!$L$5),(ROUND((IF(AA24-Uzman_D!$L$5<0,-(AA24-Uzman_D!$L$5),AA24-Uzman_D!$L$5)*2),0)/1*0.1),0)+IF(AB24-Uzman_D!$M$5<0,-(AB24-Uzman_D!$M$5),AB24-Uzman_D!$M$5)*1) -> 0.1 | AE24: 3 | AF24: 4 | AH24: 1 | AN24: 2 | AO24: 0.1 | AP24: =1-(SUM(IF(AD24-Uzman_D!$B$6<0,-(AD24-Uzman_D!$B$6),AD24-Uzman_D!$B$6)*0.1+IF(AE24-Uzman_D!$C$6<0,-(AE24-Uzman_D!$C$6),AE24-Uzman_D!$C$6)*0.1+IF(AF24-Uzman_D!$D$6<0,-(AF24-Uzman_D!$D$6),AF24-Uzman_D!$D$6)*0.1+IF(AG24-Uzman_D!$E$6<0,-(AG24-Uzman_D!$E$6),AG24-Uzman_D!$E$6)*0.1+IF(AH24-Uzman_D!$F$6<0,-(AH24-Uzman_D!$F$6),AH24-Uzman_D!$F$6)*0.1+IF(AI24-Uzman_D!$G$6<0,-(AI24-Uzman_D!$G$6),AI24-Uzman_D!$G$6)*0.1+IF(AJ24-Uzman_D!$H$6<0,-(AJ24-Uzman_D!$H$6),AJ24-Uzman_D!$H$6)*0.1+IF(AK24-Uzman_D!$I$6<0,-(AK24-Uzman_D!$I$6),AK24-Uzman_D!$I$6)*0.1+IF(AL24-Uzman_D!$J$6<0,-(AL24-Uzman_D!$J$6),AL24-Uzman_D!$J$6)*0.1)+IF(ROUND((IF(AN24-Uzman_D!$L$6<0,-(AN24-Uzman_D!$L$6),AN24-Uzman_D!$L$6)*2),0)/2=IF(AN24-Uzman_D!$L$6<0,-(AN24-Uzman_D!$L$6),AN24-Uzman_D!$L$6),(ROUND((IF(AN24-Uzman_D!$L$6<0,-(AN24-Uzman_D!$L$6),AN24-Uzman_D!$L$6)*2),0)/1*0.1),0)+IF(AO24-Uzman_D!$M$6<0,-(AO24-Uzman_D!$M$6),AO24-Uzman_D!$M$6)*1) -> 0.6 | AQ24: 1 | AT24: 4 | AU24: 2 | AV24: 1 | BA24: 2 | BB24: 0.2 | BC24: =1-(SUM(IF(AQ24-Uzman_D!$B$7<0,-(AQ24-Uzman_D!$B$7),AQ24-Uzman_D!$B$7)*0.1+IF(AR24-Uzman_D!$C$7<0,-(AR24-Uzman_D!$C$7),AR24-Uzman_D!$C$7)*0.1+IF(AS24-Uzman_D!$D$7<0,-(AS24-Uzman_D!$D$7),AS24-Uzman_D!$D$7)*0.1+IF(AT24-Uzman_D!$E$7<0,-(AT24-Uzman_D!$E$7),AT24-Uzman_D!$E$7)*0.1+IF(AU24-Uzman_D!$F$7<0,-(AU24-Uzman_D!$F$7),AU24-Uzman_D!$F$7)*0.1+IF(AV24-Uzman_D!$G$7<0,-(AV24-Uzman_D!$G$7),AV24-Uzman_D!$G$7)*0.1+IF(AW24-Uzman_D!$H$7<0,-(AW24-Uzman_D!$H$7),AW24-Uzman_D!$H$7)*0.1+IF(AX24-Uzman_D!$I$7<0,-(AX24-Uzman_D!$I$7),AX24-Uzman_D!$I$7)*0.1+IF(AY24-Uzman_D!$J$7<0,-(AY24-Uzman_D!$J$7),AY24-Uzman_D!$J$7)*0.1)+IF(ROUND((IF(BA24-Uzman_D!$L$7<0,-(BA24-Uzman_D!$L$7),BA24-Uzman_D!$L$7)*2),0)/2=IF(BA24-Uzman_D!$L$7<0,-(BA24-Uzman_D!$L$7),BA24-Uzman_D!$L$7),(ROUND((IF(BA24-Uzman_D!$L$7<0,-(BA24-Uzman_D!$L$7),BA24-Uzman_D!$L$7)*2),0)/1*0.1),0)+IF(BB24-Uzman_D!$M$7<0,-(BB24-Uzman_D!$M$7),BB24-Uzman_D!$M$7)*1) -> 0.5 | BF24: 1 | BG24: 5 | BH24: 2 | BN24: 2 | BO24: 0.4 | BP24: =1-(SUM(IF(BD24-Uzman_D!$B$8<0,-(BD24-Uzman_D!$B$8),BD24-Uzman_D!$B$8)*0.1+IF(BE24-Uzman_D!$C$8<0,-(BE24-Uzman_D!$C$8),BE24-Uzman_D!$C$8)*0.1+IF(BF24-Uzman_D!$D$8<0,-(BF24-Uzman_D!$D$8),BF24-Uzman_D!$D$8)*0.1+IF(BG24-Uzman_D!$E$8<0,-(BG24-Uzman_D!$E$8),BG24-Uzman_D!$E$8)*0.1+IF(BH24-Uzman_D!$F$8<0,-(BH24-Uzman_D!$F$8),BH24-Uzman_D!$F$8)*0.1+IF(BI24-Uzman_D!$G$8<0,-(BI24-Uzman_D!$G$8),BI24-Uzman_D!$G$8)*0.1+IF(BJ24-Uzman_D!$H$8<0,-(BJ24-Uzman_D!$H$8),BJ24-Uzman_D!$H$8)*0.1+IF(BK24-Uzman_D!$I$8<0,-(BK24-Uzman_D!$I$8),BK24-Uzman_D!$I$8)*0.1+IF(BL24-Uzman_D!$J$8<0,-(BL24-Uzman_D!$J$8),BL24-Uzman_D!$J$8)*0.1)+IF(ROUND((IF(BN24-Uzman_D!$L$8<0,-(BN24-Uzman_D!$L$8),BN24-Uzman_D!$L$8)*2),0)/2=IF(BN24-Uzman_D!$L$8<0,-(BN24-Uzman_D!$L$8),BN24-Uzman_D!$L$8),(ROUND((IF(BN24-Uzman_D!$L$8<0,-(BN24-Uzman_D!$L$8),BN24-Uzman_D!$L$8)*2),0)/1*0.1),0)+IF(BO24-Uzman_D!$M$8<0,-(BO24-Uzman_D!$M$8),BO24-Uzman_D!$M$8)*1) -> 0.2 | BQ24: =(P24+AC24+AP24+BC24+BP24)/5 -> 0.4
A25: 22 | B25: =Hakemler!B25 -> KARAKAŞ | C25: =Hakemler!C25 -> TAHİR | D25: 1 | E25: 4 | F25: 2 | N25: 2 | O25: 0 | P25: =1-(SUM(IF(D25-Uzman_D!$B$4<0,-(D25-Uzman_D!$B$4),D25-Uzman_D!$B$4)*0.1+IF(E25-Uzman_D!$C$4<0,-(E25-Uzman_D!$C$4),E25-Uzman_D!$C$4)*0.1+IF(F25-Uzman_D!$D$4<0,-(F25-Uzman_D!$D$4),F25-Uzman_D!$D$4)*0.1+IF(G25-Uzman_D!$E$4<0,-(G25-Uzman_D!$E$4),G25-Uzman_D!$E$4)*0.1+IF(H25-Uzman_D!$F$4<0,-(H25-Uzman_D!$F$4),H25-Uzman_D!$F$4)*0.1+IF(I25-Uzman_D!$G$4<0,-(I25-Uzman_D!$G$4),I25-Uzman_D!$G$4)*0.1+IF(J25-Uzman_D!$H$4<0,-(J25-Uzman_D!$H$4),J25-Uzman_D!$H$4)*0.1+IF(K25-Uzman_D!$I$4<0,-(K25-Uzman_D!$I$4),K25-Uzman_D!$I$4)*0.1+IF(L25-Uzman_D!$J$4<0,-(L25-Uzman_D!$J$4),L25-Uzman_D!$J$4)*0.1)+IF(ROUND((IF(N25-Uzman_D!$L$4<0,-(N25-Uzman_D!$L$4),N25-Uzman_D!$L$4)*2),0)/2=IF(N25-Uzman_D!$L$4<0,-(N25-Uzman_D!$L$4),N25-Uzman_D!$L$4),(ROUND((IF(N25-Uzman_D!$L$4<0,-(N25-Uzman_D!$L$4),N25-Uzman_D!$L$4)*2),0)/1*0.1),0)+IF(O25-Uzman_D!$M$4<0,-(O25-Uzman_D!$M$4),O25-Uzman_D!$M$4)*1) -> 0.9 | R25: 3 | S25: 1 | T25: 4 | AA25: 2 | AB25: 0.2 | AC25: =1-(SUM(IF(Q25-Uzman_D!$B$5<0,-(Q25-Uzman_D!$B$5),Q25-Uzman_D!$B$5)*0.1+IF(R25-Uzman_D!$C$5<0,-(R25-Uzman_D!$C$5),R25-Uzman_D!$C$5)*0.1+IF(S25-Uzman_D!$D$5<0,-(S25-Uzman_D!$D$5),S25-Uzman_D!$D$5)*0.1+IF(T25-Uzman_D!$E$5<0,-(T25-Uzman_D!$E$5),T25-Uzman_D!$E$5)*0.1+IF(U25-Uzman_D!$F$5<0,-(U25-Uzman_D!$F$5),U25-Uzman_D!$F$5)*0.1+IF(V25-Uzman_D!$G$5<0,-(V25-Uzman_D!$G$5),V25-Uzman_D!$G$5)*0.1+IF(W25-Uzman_D!$H$5<0,-(W25-Uzman_D!$H$5),W25-Uzman_D!$H$5)*0.1+IF(X25-Uzman_D!$I$5<0,-(X25-Uzman_D!$I$5),X25-Uzman_D!$I$5)*0.1+IF(Y25-Uzman_D!$J$5<0,-(Y25-Uzman_D!$J$5),Y25-Uzman_D!$J$5)*0.1)+IF(ROUND((IF(AA25-Uzman_D!$L$5<0,-(AA25-Uzman_D!$L$5),AA25-Uzman_D!$L$5)*2),0)/2=IF(AA25-Uzman_D!$L$5<0,-(AA25-Uzman_D!$L$5),AA25-Uzman_D!$L$5),(ROUND((IF(AA25-Uzman_D!$L$5<0,-(AA25-Uzman_D!$L$5),AA25-Uzman_D!$L$5)*2),0)/1*0.1),0)+IF(AB25-Uzman_D!$M$5<0,-(AB25-Uzman_D!$M$5),AB25-Uzman_D!$M$5)*1) -> 1 | AE25: 3 | AF25: 4 | AG25: 1 | AN25: 1.5 | AO25: 0 | AP25: =1-(SUM(IF(AD25-Uzman_D!$B$6<0,-(AD25-Uzman_D!$B$6),AD25-Uzman_D!$B$6)*0.1+IF(AE25-Uzman_D!$C$6<0,-(AE25-Uzman_D!$C$6),AE25-Uzman_D!$C$6)*0.1+IF(AF25-Uzman_D!$D$6<0,-(AF25-Uzman_D!$D$6),AF25-Uzman_D!$D$6)*0.1+IF(AG25-Uzman_D!$E$6<0,-(AG25-Uzman_D!$E$6),AG25-Uzman_D!$E$6)*0.1+IF(AH25-Uzman_D!$F$6<0,-(AH25-Uzman_D!$F$6),AH25-Uzman_D!$F$6)*0.1+IF(AI25-Uzman_D!$G$6<0,-(AI25-Uzman_D!$G$6),AI25-Uzman_D!$G$6)*0.1+IF(AJ25-Uzman_D!$H$6<0,-(AJ25-Uzman_D!$H$6),AJ25-Uzman_D!$H$6)*0.1+IF(AK25-Uzman_D!$I$6<0,-(AK25-Uzman_D!$I$6),AK25-Uzman_D!$I$6)*0.1+IF(AL25-Uzman_D!$J$6<0,-(AL25-Uzman_D!$J$6),AL25-Uzman_D!$J$6)*0.1)+IF(ROUND((IF(AN25-Uzman_D!$L$6<0,-(AN25-Uzman_D!$L$6),AN25-Uzman_D!$L$6)*2),0)/2=IF(AN25-Uzman_D!$L$6<0,-(AN25-Uzman_D!$L$6),AN25-Uzman_D!$L$6),(ROUND((IF(AN25-Uzman_D!$L$6<0,-(AN25-Uzman_D!$L$6),AN25-Uzman_D!$L$6)*2),0)/1*0.1),0)+IF(AO25-Uzman_D!$M$6<0,-(AO25-Uzman_D!$M$6),AO25-Uzman_D!$M$6)*1) -> 1 | AR25: 1 | AS25: 1 | AT25: 4 | AU25: 2 | BA25: 2 | BB25: 0.4 | BC25: =1-(SUM(IF(AQ25-Uzman_D!$B$7<0,-(AQ25-Uzman_D!$B$7),AQ25-Uzman_D!$B$7)*0.1+IF(AR25-Uzman_D!$C$7<0,-(AR25-Uzman_D!$C$7),AR25-Uzman_D!$C$7)*0.1+IF(AS25-Uzman_D!$D$7<0,-(AS25-Uzman_D!$D$7),AS25-Uzman_D!$D$7)*0.1+IF(AT25-Uzman_D!$E$7<0,-(AT25-Uzman_D!$E$7),AT25-Uzman_D!$E$7)*0.1+IF(AU25-Uzman_D!$F$7<0,-(AU25-Uzman_D!$F$7),AU25-Uzman_D!$F$7)*0.1+IF(AV25-Uzman_D!$G$7<0,-(AV25-Uzman_D!$G$7),AV25-Uzman_D!$G$7)*0.1+IF(AW25-Uzman_D!$H$7<0,-(AW25-Uzman_D!$H$7),AW25-Uzman_D!$H$7)*0.1+IF(AX25-Uzman_D!$I$7<0,-(AX25-Uzman_D!$I$7),AX25-Uzman_D!$I$7)*0.1+IF(AY25-Uzman_D!$J$7<0,-(AY25-Uzman_D!$J$7),AY25-Uzman_D!$J$7)*0.1)+IF(ROUND((IF(BA25-Uzman_D!$L$7<0,-(BA25-Uzman_D!$L$7),BA25-Uzman_D!$L$7)*2),0)/2=IF(BA25-Uzman_D!$L$7<0,-(BA25-Uzman_D!$L$7),BA25-Uzman_D!$L$7),(ROUND((IF(BA25-Uzman_D!$L$7<0,-(BA25-Uzman_D!$L$7),BA25-Uzman_D!$L$7)*2),0)/1*0.1),0)+IF(BB25-Uzman_D!$M$7<0,-(BB25-Uzman_D!$M$7),BB25-Uzman_D!$M$7)*1) -> 0.7 | BG25: 6 | BH25: 2 | BN25: 2 | BO25: 0.5 | BP25: =1-(SUM(IF(BD25-Uzman_D!$B$8<0,-(BD25-Uzman_D!$B$8),BD25-Uzman_D!$B$8)*0.1+IF(BE25-Uzman_D!$C$8<0,-(BE25-Uzman_D!$C$8),BE25-Uzman_D!$C$8)*0.1+IF(BF25-Uzman_D!$D$8<0,-(BF25-Uzman_D!$D$8),BF25-Uzman_D!$D$8)*0.1+IF(BG25-Uzman_D!$E$8<0,-(BG25-Uzman_D!$E$8),BG25-Uzman_D!$E$8)*0.1+IF(BH25-Uzman_D!$F$8<0,-(BH25-Uzman_D!$F$8),BH25-Uzman_D!$F$8)*0.1+IF(BI25-Uzman_D!$G$8<0,-(BI25-Uzman_D!$G$8),BI25-Uzman_D!$G$8)*0.1+IF(BJ25-Uzman_D!$H$8<0,-(BJ25-Uzman_D!$H$8),BJ25-Uzman_D!$H$8)*0.1+IF(BK25-Uzman_D!$I$8<0,-(BK25-Uzman_D!$I$8),BK25-Uzman_D!$I$8)*0.1+IF(BL25-Uzman_D!$J$8<0,-(BL25-Uzman_D!$J$8),BL25-Uzman_D!$J$8)*0.1)+IF(ROUND((IF(BN25-Uzman_D!$L$8<0,-(BN25-Uzman_D!$L$8),BN25-Uzman_D!$L$8)*2),0)/2=IF(BN25-Uzman_D!$L$8<0,-(BN25-Uzman_D!$L$8),BN25-Uzman_D!$L$8),(ROUND((IF(BN25-Uzman_D!$L$8<0,-(BN25-Uzman_D!$L$8),BN25-Uzman_D!$L$8)*2),0)/1*0.1),0)+IF(BO25-Uzman_D!$M$8<0,-(BO25-Uzman_D!$M$8),BO25-Uzman_D!$M$8)*1) -> 0.5 | BQ25: =(P25+AC25+AP25+BC25+BP25)/5 -> 0.82
A26: 23 | B26: =Hakemler!B26 -> SAVAŞ OK | C26: =Hakemler!C26 -> DİLAY | D26: 2 | E26: 3 | F26: 3 | N26: 1.5 | O26: 0 | P26: =1-(SUM(IF(D26-Uzman_D!$B$4<0,-(D26-Uzman_D!$B$4),D26-Uzman_D!$B$4)*0.1+IF(E26-Uzman_D!$C$4<0,-(E26-Uzman_D!$C$4),E26-Uzman_D!$C$4)*0.1+IF(F26-Uzman_D!$D$4<0,-(F26-Uzman_D!$D$4),F26-Uzman_D!$D$4)*0.1+IF(G26-Uzman_D!$E$4<0,-(G26-Uzman_D!$E$4),G26-Uzman_D!$E$4)*0.1+IF(H26-Uzman_D!$F$4<0,-(H26-Uzman_D!$F$4),H26-Uzman_D!$F$4)*0.1+IF(I26-Uzman_D!$G$4<0,-(I26-Uzman_D!$G$4),I26-Uzman_D!$G$4)*0.1+IF(J26-Uzman_D!$H$4<0,-(J26-Uzman_D!$H$4),J26-Uzman_D!$H$4)*0.1+IF(K26-Uzman_D!$I$4<0,-(K26-Uzman_D!$I$4),K26-Uzman_D!$I$4)*0.1+IF(L26-Uzman_D!$J$4<0,-(L26-Uzman_D!$J$4),L26-Uzman_D!$J$4)*0.1)+IF(ROUND((IF(N26-Uzman_D!$L$4<0,-(N26-Uzman_D!$L$4),N26-Uzman_D!$L$4)*2),0)/2=IF(N26-Uzman_D!$L$4<0,-(N26-Uzman_D!$L$4),N26-Uzman_D!$L$4),(ROUND((IF(N26-Uzman_D!$L$4<0,-(N26-Uzman_D!$L$4),N26-Uzman_D!$L$4)*2),0)/1*0.1),0)+IF(O26-Uzman_D!$M$4<0,-(O26-Uzman_D!$M$4),O26-Uzman_D!$M$4)*1) -> 0.5 | R26: 4 | S26: 1 | T26: 2 | AA26: 1.5 | AB26: 0.1 | AC26: =1-(SUM(IF(Q26-Uzman_D!$B$5<0,-(Q26-Uzman_D!$B$5),Q26-Uzman_D!$B$5)*0.1+IF(R26-Uzman_D!$C$5<0,-(R26-Uzman_D!$C$5),R26-Uzman_D!$C$5)*0.1+IF(S26-Uzman_D!$D$5<0,-(S26-Uzman_D!$D$5),S26-Uzman_D!$D$5)*0.1+IF(T26-Uzman_D!$E$5<0,-(T26-Uzman_D!$E$5),T26-Uzman_D!$E$5)*0.1+IF(U26-Uzman_D!$F$5<0,-(U26-Uzman_D!$F$5),U26-Uzman_D!$F$5)*0.1+IF(V26-Uzman_D!$G$5<0,-(V26-Uzman_D!$G$5),V26-Uzman_D!$G$5)*0.1+IF(W26-Uzman_D!$H$5<0,-(W26-Uzman_D!$H$5),W26-Uzman_D!$H$5)*0.1+IF(X26-Uzman_D!$I$5<0,-(X26-Uzman_D!$I$5),X26-Uzman_D!$I$5)*0.1+IF(Y26-Uzman_D!$J$5<0,-(Y26-Uzman_D!$J$5),Y26-Uzman_D!$J$5)*0.1)+IF(ROUND((IF(AA26-Uzman_D!$L$5<0,-(AA26-Uzman_D!$L$5),AA26-Uzman_D!$L$5)*2),0)/2=IF(AA26-Uzman_D!$L$5<0,-(AA26-Uzman_D!$L$5),AA26-Uzman_D!$L$5),(ROUND((IF(AA26-Uzman_D!$L$5<0,-(AA26-Uzman_D!$L$5),AA26-Uzman_D!$L$5)*2),0)/1*0.1),0)+IF(AB26-Uzman_D!$M$5<0,-(AB26-Uzman_D!$M$5),AB26-Uzman_D!$M$5)*1) -> 0.5 | AD26: 1 | AE26: 3 | AF26: 3 | AG26: 1 | AN26: 1.5 | AO26: 0.1 | AP26: =1-(SUM(IF(AD26-Uzman_D!$B$6<0,-(AD26-Uzman_D!$B$6),AD26-Uzman_D!$B$6)*0.1+IF(AE26-Uzman_D!$C$6<0,-(AE26-Uzman_D!$C$6),AE26-Uzman_D!$C$6)*0.1+IF(AF26-Uzman_D!$D$6<0,-(AF26-Uzman_D!$D$6),AF26-Uzman_D!$D$6)*0.1+IF(AG26-Uzman_D!$E$6<0,-(AG26-Uzman_D!$E$6),AG26-Uzman_D!$E$6)*0.1+IF(AH26-Uzman_D!$F$6<0,-(AH26-Uzman_D!$F$6),AH26-Uzman_D!$F$6)*0.1+IF(AI26-Uzman_D!$G$6<0,-(AI26-Uzman_D!$G$6),AI26-Uzman_D!$G$6)*0.1+IF(AJ26-Uzman_D!$H$6<0,-(AJ26-Uzman_D!$H$6),AJ26-Uzman_D!$H$6)*0.1+IF(AK26-Uzman_D!$I$6<0,-(AK26-Uzman_D!$I$6),AK26-Uzman_D!$I$6)*0.1+IF(AL26-Uzman_D!$J$6<0,-(AL26-Uzman_D!$J$6),AL26-Uzman_D!$J$6)*0.1)+IF(ROUND((IF(AN26-Uzman_D!$L$6<0,-(AN26-Uzman_D!$L$6),AN26-Uzman_D!$L$6)*2),0)/2=IF(AN26-Uzman_D!$L$6<0,-(AN26-Uzman_D!$L$6),AN26-Uzman_D!$L$6),(ROUND((IF(AN26-Uzman_D!$L$6<0,-(AN26-Uzman_D!$L$6),AN26-Uzman_D!$L$6)*2),0)/1*0.1),0)+IF(AO26-Uzman_D!$M$6<0,-(AO26-Uzman_D!$M$6),AO26-Uzman_D!$M$6)*1) -> 0.7 | AQ26: 1 | AS26: 4 | AT26: 1 | AU26: 2 | BA26: 2 | BB26: 0.7 | BC26: =1-(SUM(IF(AQ26-Uzman_D!$B$7<0,-(AQ26-Uzman_D!$B$7),AQ26-Uzman_D!$B$7)*0.1+IF(AR26-Uzman_D!$C$7<0,-(AR26-Uzman_D!$C$7),AR26-Uzman_D!$C$7)*0.1+IF(AS26-Uzman_D!$D$7<0,-(AS26-Uzman_D!$D$7),AS26-Uzman_D!$D$7)*0.1+IF(AT26-Uzman_D!$E$7<0,-(AT26-Uzman_D!$E$7),AT26-Uzman_D!$E$7)*0.1+IF(AU26-Uzman_D!$F$7<0,-(AU26-Uzman_D!$F$7),AU26-Uzman_D!$F$7)*0.1+IF(AV26-Uzman_D!$G$7<0,-(AV26-Uzman_D!$G$7),AV26-Uzman_D!$G$7)*0.1+IF(AW26-Uzman_D!$H$7<0,-(AW26-Uzman_D!$H$7),AW26-Uzman_D!$H$7)*0.1+IF(AX26-Uzman_D!$I$7<0,-(AX26-Uzman_D!$I$7),AX26-Uzman_D!$I$7)*0.1+IF(AY26-Uzman_D!$J$7<0,-(AY26-Uzman_D!$J$7),AY26-Uzman_D!$J$7)*0.1)+IF(ROUND((IF(BA26-Uzman_D!$L$7<0,-(BA26-Uzman_D!$L$7),BA26-Uzman_D!$L$7)*2),0)/2=IF(BA26-Uzman_D!$L$7<0,-(BA26-Uzman_D!$L$7),BA26-Uzman_D!$L$7),(ROUND((IF(BA26-Uzman_D!$L$7<0,-(BA26-Uzman_D!$L$7),BA26-Uzman_D!$L$7)*2),0)/1*0.1),0)+IF(BB26-Uzman_D!$M$7<0,-(BB26-Uzman_D!$M$7),BB26-Uzman_D!$M$7)*1) -> 0 | BE26: 2 | BF26: 2 | BG26: 3 | BH26: 1 | BN26: 2 | BO26: 0.6 | BP26: =1-(SUM(IF(BD26-Uzman_D!$B$8<0,-(BD26-Uzman_D!$B$8),BD26-Uzman_D!$B$8)*0.1+IF(BE26-Uzman_D!$C$8<0,-(BE26-Uzman_D!$C$8),BE26-Uzman_D!$C$8)*0.1+IF(BF26-Uzman_D!$D$8<0,-(BF26-Uzman_D!$D$8),BF26-Uzman_D!$D$8)*0.1+IF(BG26-Uzman_D!$E$8<0,-(BG26-Uzman_D!$E$8),BG26-Uzman_D!$E$8)*0.1+IF(BH26-Uzman_D!$F$8<0,-(BH26-Uzman_D!$F$8),BH26-Uzman_D!$F$8)*0.1+IF(BI26-Uzman_D!$G$8<0,-(BI26-Uzman_D!$G$8),BI26-Uzman_D!$G$8)*0.1+IF(BJ26-Uzman_D!$H$8<0,-(BJ26-Uzman_D!$H$8),BJ26-Uzman_D!$H$8)*0.1+IF(BK26-Uzman_D!$I$8<0,-(BK26-Uzman_D!$I$8),BK26-Uzman_D!$I$8)*0.1+IF(BL26-Uzman_D!$J$8<0,-(BL26-Uzman_D!$J$8),BL26-Uzman_D!$J$8)*0.1)+IF(ROUND((IF(BN26-Uzman_D!$L$8<0,-(BN26-Uzman_D!$L$8),BN26-Uzman_D!$L$8)*2),0)/2=IF(BN26-Uzman_D!$L$8<0,-(BN26-Uzman_D!$L$8),BN26-Uzman_D!$L$8),(ROUND((IF(BN26-Uzman_D!$L$8<0,-(BN26-Uzman_D!$L$8),BN26-Uzman_D!$L$8)*2),0)/1*0.1),0)+IF(BO26-Uzman_D!$M$8<0,-(BO26-Uzman_D!$M$8),BO26-Uzman_D!$M$8)*1) -> 0 | BQ26: =(P26+AC26+AP26+BC26+BP26)/5 -> 0.34
A27: 24 | B27: =Hakemler!B27 -> AYDEMİR | C27: =Hakemler!C27 -> AYŞE DİLARA | D27: 2 | E27: 1 | F27: 1 | G27: 2 | N27: 1.5 | O27: 0 | P27: =1-(SUM(IF(D27-Uzman_D!$B$4<0,-(D27-Uzman_D!$B$4),D27-Uzman_D!$B$4)*0.1+IF(E27-Uzman_D!$C$4<0,-(E27-Uzman_D!$C$4),E27-Uzman_D!$C$4)*0.1+IF(F27-Uzman_D!$D$4<0,-(F27-Uzman_D!$D$4),F27-Uzman_D!$D$4)*0.1+IF(G27-Uzman_D!$E$4<0,-(G27-Uzman_D!$E$4),G27-Uzman_D!$E$4)*0.1+IF(H27-Uzman_D!$F$4<0,-(H27-Uzman_D!$F$4),H27-Uzman_D!$F$4)*0.1+IF(I27-Uzman_D!$G$4<0,-(I27-Uzman_D!$G$4),I27-Uzman_D!$G$4)*0.1+IF(J27-Uzman_D!$H$4<0,-(J27-Uzman_D!$H$4),J27-Uzman_D!$H$4)*0.1+IF(K27-Uzman_D!$I$4<0,-(K27-Uzman_D!$I$4),K27-Uzman_D!$I$4)*0.1+IF(L27-Uzman_D!$J$4<0,-(L27-Uzman_D!$J$4),L27-Uzman_D!$J$4)*0.1)+IF(ROUND((IF(N27-Uzman_D!$L$4<0,-(N27-Uzman_D!$L$4),N27-Uzman_D!$L$4)*2),0)/2=IF(N27-Uzman_D!$L$4<0,-(N27-Uzman_D!$L$4),N27-Uzman_D!$L$4),(ROUND((IF(N27-Uzman_D!$L$4<0,-(N27-Uzman_D!$L$4),N27-Uzman_D!$L$4)*2),0)/1*0.1),0)+IF(O27-Uzman_D!$M$4<0,-(O27-Uzman_D!$M$4),O27-Uzman_D!$M$4)*1) -> 0.3 | R27: 2 | S27: 3 | T27: 3 | AA27: 1.5 | AB27: 0 | AC27: =1-(SUM(IF(Q27-Uzman_D!$B$5<0,-(Q27-Uzman_D!$B$5),Q27-Uzman_D!$B$5)*0.1+IF(R27-Uzman_D!$C$5<0,-(R27-Uzman_D!$C$5),R27-Uzman_D!$C$5)*0.1+IF(S27-Uzman_D!$D$5<0,-(S27-Uzman_D!$D$5),S27-Uzman_D!$D$5)*0.1+IF(T27-Uzman_D!$E$5<0,-(T27-Uzman_D!$E$5),T27-Uzman_D!$E$5)*0.1+IF(U27-Uzman_D!$F$5<0,-(U27-Uzman_D!$F$5),U27-Uzman_D!$F$5)*0.1+IF(V27-Uzman_D!$G$5<0,-(V27-Uzman_D!$G$5),V27-Uzman_D!$G$5)*0.1+IF(W27-Uzman_D!$H$5<0,-(W27-Uzman_D!$H$5),W27-Uzman_D!$H$5)*0.1+IF(X27-Uzman_D!$I$5<0,-(X27-Uzman_D!$I$5),X27-Uzman_D!$I$5)*0.1+IF(Y27-Uzman_D!$J$5<0,-(Y27-Uzman_D!$J$5),Y27-Uzman_D!$J$5)*0.1)+IF(ROUND((IF(AA27-Uzman_D!$L$5<0,-(AA27-Uzman_D!$L$5),AA27-Uzman_D!$L$5)*2),0)/2=IF(AA27-Uzman_D!$L$5<0,-(AA27-Uzman_D!$L$5),AA27-Uzman_D!$L$5),(ROUND((IF(AA27-Uzman_D!$L$5<0,-(AA27-Uzman_D!$L$5),AA27-Uzman_D!$L$5)*2),0)/1*0.1),0)+IF(AB27-Uzman_D!$M$5<0,-(AB27-Uzman_D!$M$5),AB27-Uzman_D!$M$5)*1) -> 0.3 | AE27: 2 | AF27: 5 | AG27: 1 | AN27: 1.5 | AO27: 0 | AP27: =1-(SUM(IF(AD27-Uzman_D!$B$6<0,-(AD27-Uzman_D!$B$6),AD27-Uzman_D!$B$6)*0.1+IF(AE27-Uzman_D!$C$6<0,-(AE27-Uzman_D!$C$6),AE27-Uzman_D!$C$6)*0.1+IF(AF27-Uzman_D!$D$6<0,-(AF27-Uzman_D!$D$6),AF27-Uzman_D!$D$6)*0.1+IF(AG27-Uzman_D!$E$6<0,-(AG27-Uzman_D!$E$6),AG27-Uzman_D!$E$6)*0.1+IF(AH27-Uzman_D!$F$6<0,-(AH27-Uzman_D!$F$6),AH27-Uzman_D!$F$6)*0.1+IF(AI27-Uzman_D!$G$6<0,-(AI27-Uzman_D!$G$6),AI27-Uzman_D!$G$6)*0.1+IF(AJ27-Uzman_D!$H$6<0,-(AJ27-Uzman_D!$H$6),AJ27-Uzman_D!$H$6)*0.1+IF(AK27-Uzman_D!$I$6<0,-(AK27-Uzman_D!$I$6),AK27-Uzman_D!$I$6)*0.1+IF(AL27-Uzman_D!$J$6<0,-(AL27-Uzman_D!$J$6),AL27-Uzman_D!$J$6)*0.1)+IF(ROUND((IF(AN27-Uzman_D!$L$6<0,-(AN27-Uzman_D!$L$6),AN27-Uzman_D!$L$6)*2),0)/2=IF(AN27-Uzman_D!$L$6<0,-(AN27-Uzman_D!$L$6),AN27-Uzman_D!$L$6),(ROUND((IF(AN27-Uzman_D!$L$6<0,-(AN27-Uzman_D!$L$6),AN27-Uzman_D!$L$6)*2),0)/1*0.1),0)+IF(AO27-Uzman_D!$M$6<0,-(AO27-Uzman_D!$M$6),AO27-Uzman_D!$M$6)*1) -> 0.8 | AQ27: 1 | AR27: 4 | AS27: 3 | BA27: 2 | BB27: 0.3 | BC27: =1-(SUM(IF(AQ27-Uzman_D!$B$7<0,-(AQ27-Uzman_D!$B$7),AQ27-Uzman_D!$B$7)*0.1+IF(AR27-Uzman_D!$C$7<0,-(AR27-Uzman_D!$C$7),AR27-Uzman_D!$C$7)*0.1+IF(AS27-Uzman_D!$D$7<0,-(AS27-Uzman_D!$D$7),AS27-Uzman_D!$D$7)*0.1+IF(AT27-Uzman_D!$E$7<0,-(AT27-Uzman_D!$E$7),AT27-Uzman_D!$E$7)*0.1+IF(AU27-Uzman_D!$F$7<0,-(AU27-Uzman_D!$F$7),AU27-Uzman_D!$F$7)*0.1+IF(AV27-Uzman_D!$G$7<0,-(AV27-Uzman_D!$G$7),AV27-Uzman_D!$G$7)*0.1+IF(AW27-Uzman_D!$H$7<0,-(AW27-Uzman_D!$H$7),AW27-Uzman_D!$H$7)*0.1+IF(AX27-Uzman_D!$I$7<0,-(AX27-Uzman_D!$I$7),AX27-Uzman_D!$I$7)*0.1+IF(AY27-Uzman_D!$J$7<0,-(AY27-Uzman_D!$J$7),AY27-Uzman_D!$J$7)*0.1)+IF(ROUND((IF(BA27-Uzman_D!$L$7<0,-(BA27-Uzman_D!$L$7),BA27-Uzman_D!$L$7)*2),0)/2=IF(BA27-Uzman_D!$L$7<0,-(BA27-Uzman_D!$L$7),BA27-Uzman_D!$L$7),(ROUND((IF(BA27-Uzman_D!$L$7<0,-(BA27-Uzman_D!$L$7),BA27-Uzman_D!$L$7)*2),0)/1*0.1),0)+IF(BB27-Uzman_D!$M$7<0,-(BB27-Uzman_D!$M$7),BB27-Uzman_D!$M$7)*1) -> -0.6 | BF27: 1 | BG27: 3 | BH27: 4 | BN27: 2 | BO27: 0.3 | BP27: =1-(SUM(IF(BD27-Uzman_D!$B$8<0,-(BD27-Uzman_D!$B$8),BD27-Uzman_D!$B$8)*0.1+IF(BE27-Uzman_D!$C$8<0,-(BE27-Uzman_D!$C$8),BE27-Uzman_D!$C$8)*0.1+IF(BF27-Uzman_D!$D$8<0,-(BF27-Uzman_D!$D$8),BF27-Uzman_D!$D$8)*0.1+IF(BG27-Uzman_D!$E$8<0,-(BG27-Uzman_D!$E$8),BG27-Uzman_D!$E$8)*0.1+IF(BH27-Uzman_D!$F$8<0,-(BH27-Uzman_D!$F$8),BH27-Uzman_D!$F$8)*0.1+IF(BI27-Uzman_D!$G$8<0,-(BI27-Uzman_D!$G$8),BI27-Uzman_D!$G$8)*0.1+IF(BJ27-Uzman_D!$H$8<0,-(BJ27-Uzman_D!$H$8),BJ27-Uzman_D!$H$8)*0.1+IF(BK27-Uzman_D!$I$8<0,-(BK27-Uzman_D!$I$8),BK27-Uzman_D!$I$8)*0.1+IF(BL27-Uzman_D!$J$8<0,-(BL27-Uzman_D!$J$8),BL27-Uzman_D!$J$8)*0.1)+IF(ROUND((IF(BN27-Uzman_D!$L$8<0,-(BN27-Uzman_D!$L$8),BN27-Uzman_D!$L$8)*2),0)/2=IF(BN27-Uzman_D!$L$8<0,-(BN27-Uzman_D!$L$8),BN27-Uzman_D!$L$8),(ROUND((IF(BN27-Uzman_D!$L$8<0,-(BN27-Uzman_D!$L$8),BN27-Uzman_D!$L$8)*2),0)/1*0.1),0)+IF(BO27-Uzman_D!$M$8<0,-(BO27-Uzman_D!$M$8),BO27-Uzman_D!$M$8)*1) -> -0.3 | BQ27: =(P27+AC27+AP27+BC27+BP27)/5 -> 0.1
A28: 25 | B28: =Hakemler!B28 -> AKIN | C28: =Hakemler!C28 -> MANOLYA | D28: 1 | E28: 3 | F28: 3 | G28: 1 | N28: 1.5 | O28: 0 | P28: =1-(SUM(IF(D28-Uzman_D!$B$4<0,-(D28-Uzman_D!$B$4),D28-Uzman_D!$B$4)*0.1+IF(E28-Uzman_D!$C$4<0,-(E28-Uzman_D!$C$4),E28-Uzman_D!$C$4)*0.1+IF(F28-Uzman_D!$D$4<0,-(F28-Uzman_D!$D$4),F28-Uzman_D!$D$4)*0.1+IF(G28-Uzman_D!$E$4<0,-(G28-Uzman_D!$E$4),G28-Uzman_D!$E$4)*0.1+IF(H28-Uzman_D!$F$4<0,-(H28-Uzman_D!$F$4),H28-Uzman_D!$F$4)*0.1+IF(I28-Uzman_D!$G$4<0,-(I28-Uzman_D!$G$4),I28-Uzman_D!$G$4)*0.1+IF(J28-Uzman_D!$H$4<0,-(J28-Uzman_D!$H$4),J28-Uzman_D!$H$4)*0.1+IF(K28-Uzman_D!$I$4<0,-(K28-Uzman_D!$I$4),K28-Uzman_D!$I$4)*0.1+IF(L28-Uzman_D!$J$4<0,-(L28-Uzman_D!$J$4),L28-Uzman_D!$J$4)*0.1)+IF(ROUND((IF(N28-Uzman_D!$L$4<0,-(N28-Uzman_D!$L$4),N28-Uzman_D!$L$4)*2),0)/2=IF(N28-Uzman_D!$L$4<0,-(N28-Uzman_D!$L$4),N28-Uzman_D!$L$4),(ROUND((IF(N28-Uzman_D!$L$4<0,-(N28-Uzman_D!$L$4),N28-Uzman_D!$L$4)*2),0)/1*0.1),0)+IF(O28-Uzman_D!$M$4<0,-(O28-Uzman_D!$M$4),O28-Uzman_D!$M$4)*1) -> 0.7 | R28: 2 | S28: 3 | T28: 4 | AA28: 2 | AB28: 0.1 | AC28: =1-(SUM(IF(Q28-Uzman_D!$B$5<0,-(Q28-Uzman_D!$B$5),Q28-Uzman_D!$B$5)*0.1+IF(R28-Uzman_D!$C$5<0,-(R28-Uzman_D!$C$5),R28-Uzman_D!$C$5)*0.1+IF(S28-Uzman_D!$D$5<0,-(S28-Uzman_D!$D$5),S28-Uzman_D!$D$5)*0.1+IF(T28-Uzman_D!$E$5<0,-(T28-Uzman_D!$E$5),T28-Uzman_D!$E$5)*0.1+IF(U28-Uzman_D!$F$5<0,-(U28-Uzman_D!$F$5),U28-Uzman_D!$F$5)*0.1+IF(V28-Uzman_D!$G$5<0,-(V28-Uzman_D!$G$5),V28-Uzman_D!$G$5)*0.1+IF(W28-Uzman_D!$H$5<0,-(W28-Uzman_D!$H$5),W28-Uzman_D!$H$5)*0.1+IF(X28-Uzman_D!$I$5<0,-(X28-Uzman_D!$I$5),X28-Uzman_D!$I$5)*0.1+IF(Y28-Uzman_D!$J$5<0,-(Y28-Uzman_D!$J$5),Y28-Uzman_D!$J$5)*0.1)+IF(ROUND((IF(AA28-Uzman_D!$L$5<0,-(AA28-Uzman_D!$L$5),AA28-Uzman_D!$L$5)*2),0)/2=IF(AA28-Uzman_D!$L$5<0,-(AA28-Uzman_D!$L$5),AA28-Uzman_D!$L$5),(ROUND((IF(AA28-Uzman_D!$L$5<0,-(AA28-Uzman_D!$L$5),AA28-Uzman_D!$L$5)*2),0)/1*0.1),0)+IF(AB28-Uzman_D!$M$5<0,-(AB28-Uzman_D!$M$5),AB28-Uzman_D!$M$5)*1) -> 0.6 | AE28: 3 | AF28: 4 | AG28: 1 | AN28: 1.5 | AO28: 0 | AP28: =1-(SUM(IF(AD28-Uzman_D!$B$6<0,-(AD28-Uzman_D!$B$6),AD28-Uzman_D!$B$6)*0.1+IF(AE28-Uzman_D!$C$6<0,-(AE28-Uzman_D!$C$6),AE28-Uzman_D!$C$6)*0.1+IF(AF28-Uzman_D!$D$6<0,-(AF28-Uzman_D!$D$6),AF28-Uzman_D!$D$6)*0.1+IF(AG28-Uzman_D!$E$6<0,-(AG28-Uzman_D!$E$6),AG28-Uzman_D!$E$6)*0.1+IF(AH28-Uzman_D!$F$6<0,-(AH28-Uzman_D!$F$6),AH28-Uzman_D!$F$6)*0.1+IF(AI28-Uzman_D!$G$6<0,-(AI28-Uzman_D!$G$6),AI28-Uzman_D!$G$6)*0.1+IF(AJ28-Uzman_D!$H$6<0,-(AJ28-Uzman_D!$H$6),AJ28-Uzman_D!$H$6)*0.1+IF(AK28-Uzman_D!$I$6<0,-(AK28-Uzman_D!$I$6),AK28-Uzman_D!$I$6)*0.1+IF(AL28-Uzman_D!$J$6<0,-(AL28-Uzman_D!$J$6),AL28-Uzman_D!$J$6)*0.1)+IF(ROUND((IF(AN28-Uzman_D!$L$6<0,-(AN28-Uzman_D!$L$6),AN28-Uzman_D!$L$6)*2),0)/2=IF(AN28-Uzman_D!$L$6<0,-(AN28-Uzman_D!$L$6),AN28-Uzman_D!$L$6),(ROUND((IF(AN28-Uzman_D!$L$6<0,-(AN28-Uzman_D!$L$6),AN28-Uzman_D!$L$6)*2),0)/1*0.1),0)+IF(AO28-Uzman_D!$M$6<0,-(AO28-Uzman_D!$M$6),AO28-Uzman_D!$M$6)*1) -> 1 | AS28: 2 | AT28: 2 | AU28: 3 | AV28: 1 | BA28: 2 | BB28: 0.6 | BC28: =1-(SUM(IF(AQ28-Uzman_D!$B$7<0,-(AQ28-Uzman_D!$B$7),AQ28-Uzman_D!$B$7)*0.1+IF(AR28-Uzman_D!$C$7<0,-(AR28-Uzman_D!$C$7),AR28-Uzman_D!$C$7)*0.1+IF(AS28-Uzman_D!$D$7<0,-(AS28-Uzman_D!$D$7),AS28-Uzman_D!$D$7)*0.1+IF(AT28-Uzman_D!$E$7<0,-(AT28-Uzman_D!$E$7),AT28-Uzman_D!$E$7)*0.1+IF(AU28-Uzman_D!$F$7<0,-(AU28-Uzman_D!$F$7),AU28-Uzman_D!$F$7)*0.1+IF(AV28-Uzman_D!$G$7<0,-(AV28-Uzman_D!$G$7),AV28-Uzman_D!$G$7)*0.1+IF(AW28-Uzman_D!$H$7<0,-(AW28-Uzman_D!$H$7),AW28-Uzman_D!$H$7)*0.1+IF(AX28-Uzman_D!$I$7<0,-(AX28-Uzman_D!$I$7),AX28-Uzman_D!$I$7)*0.1+IF(AY28-Uzman_D!$J$7<0,-(AY28-Uzman_D!$J$7),AY28-Uzman_D!$J$7)*0.1)+IF(ROUND((IF(BA28-Uzman_D!$L$7<0,-(BA28-Uzman_D!$L$7),BA28-Uzman_D!$L$7)*2),0)/2=IF(BA28-Uzman_D!$L$7<0,-(BA28-Uzman_D!$L$7),BA28-Uzman_D!$L$7),(ROUND((IF(BA28-Uzman_D!$L$7<0,-(BA28-Uzman_D!$L$7),BA28-Uzman_D!$L$7)*2),0)/1*0.1),0)+IF(BB28-Uzman_D!$M$7<0,-(BB28-Uzman_D!$M$7),BB28-Uzman_D!$M$7)*1) -> 0.5 | BG28: 5 | BH28: 3 | BN28: 2 | BO28: 0.4 | BP28: =1-(SUM(IF(BD28-Uzman_D!$B$8<0,-(BD28-Uzman_D!$B$8),BD28-Uzman_D!$B$8)*0.1+IF(BE28-Uzman_D!$C$8<0,-(BE28-Uzman_D!$C$8),BE28-Uzman_D!$C$8)*0.1+IF(BF28-Uzman_D!$D$8<0,-(BF28-Uzman_D!$D$8),BF28-Uzman_D!$D$8)*0.1+IF(BG28-Uzman_D!$E$8<0,-(BG28-Uzman_D!$E$8),BG28-Uzman_D!$E$8)*0.1+IF(BH28-Uzman_D!$F$8<0,-(BH28-Uzman_D!$F$8),BH28-Uzman_D!$F$8)*0.1+IF(BI28-Uzman_D!$G$8<0,-(BI28-Uzman_D!$G$8),BI28-Uzman_D!$G$8)*0.1+IF(BJ28-Uzman_D!$H$8<0,-(BJ28-Uzman_D!$H$8),BJ28-Uzman_D!$H$8)*0.1+IF(BK28-Uzman_D!$I$8<0,-(BK28-Uzman_D!$I$8),BK28-Uzman_D!$I$8)*0.1+IF(BL28-Uzman_D!$J$8<0,-(BL28-Uzman_D!$J$8),BL28-Uzman_D!$J$8)*0.1)+IF(ROUND((IF(BN28-Uzman_D!$L$8<0,-(BN28-Uzman_D!$L$8),BN28-Uzman_D!$L$8)*2),0)/2=IF(BN28-Uzman_D!$L$8<0,-(BN28-Uzman_D!$L$8),BN28-Uzman_D!$L$8),(ROUND((IF(BN28-Uzman_D!$L$8<0,-(BN28-Uzman_D!$L$8),BN28-Uzman_D!$L$8)*2),0)/1*0.1),0)+IF(BO28-Uzman_D!$M$8<0,-(BO28-Uzman_D!$M$8),BO28-Uzman_D!$M$8)*1) -> 0.2 | BQ28: =(P28+AC28+AP28+BC28+BP28)/5 -> 0.6
A29: 26 | B29: =Hakemler!B29 -> PINAR | C29: =Hakemler!C29 -> YELİZ | D29: 2 | E29: 3 | F29: 2 | G29: 2 | N29: 1.5 | O29: 0 | P29: =1-(SUM(IF(D29-Uzman_D!$B$4<0,-(D29-Uzman_D!$B$4),D29-Uzman_D!$B$4)*0.1+IF(E29-Uzman_D!$C$4<0,-(E29-Uzman_D!$C$4),E29-Uzman_D!$C$4)*0.1+IF(F29-Uzman_D!$D$4<0,-(F29-Uzman_D!$D$4),F29-Uzman_D!$D$4)*0.1+IF(G29-Uzman_D!$E$4<0,-(G29-Uzman_D!$E$4),G29-Uzman_D!$E$4)*0.1+IF(H29-Uzman_D!$F$4<0,-(H29-Uzman_D!$F$4),H29-Uzman_D!$F$4)*0.1+IF(I29-Uzman_D!$G$4<0,-(I29-Uzman_D!$G$4),I29-Uzman_D!$G$4)*0.1+IF(J29-Uzman_D!$H$4<0,-(J29-Uzman_D!$H$4),J29-Uzman_D!$H$4)*0.1+IF(K29-Uzman_D!$I$4<0,-(K29-Uzman_D!$I$4),K29-Uzman_D!$I$4)*0.1+IF(L29-Uzman_D!$J$4<0,-(L29-Uzman_D!$J$4),L29-Uzman_D!$J$4)*0.1)+IF(ROUND((IF(N29-Uzman_D!$L$4<0,-(N29-Uzman_D!$L$4),N29-Uzman_D!$L$4)*2),0)/2=IF(N29-Uzman_D!$L$4<0,-(N29-Uzman_D!$L$4),N29-Uzman_D!$L$4),(ROUND((IF(N29-Uzman_D!$L$4<0,-(N29-Uzman_D!$L$4),N29-Uzman_D!$L$4)*2),0)/1*0.1),0)+IF(O29-Uzman_D!$M$4<0,-(O29-Uzman_D!$M$4),O29-Uzman_D!$M$4)*1) -> 0.6 | R29: 1 | S29: 2 | T29: 5 | AA29: 2 | AB29: 0.4 | AC29: =1-(SUM(IF(Q29-Uzman_D!$B$5<0,-(Q29-Uzman_D!$B$5),Q29-Uzman_D!$B$5)*0.1+IF(R29-Uzman_D!$C$5<0,-(R29-Uzman_D!$C$5),R29-Uzman_D!$C$5)*0.1+IF(S29-Uzman_D!$D$5<0,-(S29-Uzman_D!$D$5),S29-Uzman_D!$D$5)*0.1+IF(T29-Uzman_D!$E$5<0,-(T29-Uzman_D!$E$5),T29-Uzman_D!$E$5)*0.1+IF(U29-Uzman_D!$F$5<0,-(U29-Uzman_D!$F$5),U29-Uzman_D!$F$5)*0.1+IF(V29-Uzman_D!$G$5<0,-(V29-Uzman_D!$G$5),V29-Uzman_D!$G$5)*0.1+IF(W29-Uzman_D!$H$5<0,-(W29-Uzman_D!$H$5),W29-Uzman_D!$H$5)*0.1+IF(X29-Uzman_D!$I$5<0,-(X29-Uzman_D!$I$5),X29-Uzman_D!$I$5)*0.1+IF(Y29-Uzman_D!$J$5<0,-(Y29-Uzman_D!$J$5),Y29-Uzman_D!$J$5)*0.1)+IF(ROUND((IF(AA29-Uzman_D!$L$5<0,-(AA29-Uzman_D!$L$5),AA29-Uzman_D!$L$5)*2),0)/2=IF(AA29-Uzman_D!$L$5<0,-(AA29-Uzman_D!$L$5),AA29-Uzman_D!$L$5),(ROUND((IF(AA29-Uzman_D!$L$5<0,-(AA29-Uzman_D!$L$5),AA29-Uzman_D!$L$5)*2),0)/1*0.1),0)+IF(AB29-Uzman_D!$M$5<0,-(AB29-Uzman_D!$M$5),AB29-Uzman_D!$M$5)*1) -> 0.4 | AD29: 1 | AE29: 3 | AF29: 3 | AG29: 1 | AN29: 1.5 | AO29: 0 | AP29: =1-(SUM(IF(AD29-Uzman_D!$B$6<0,-(AD29-Uzman_D!$B$6),AD29-Uzman_D!$B$6)*0.1+IF(AE29-Uzman_D!$C$6<0,-(AE29-Uzman_D!$C$6),AE29-Uzman_D!$C$6)*0.1+IF(AF29-Uzman_D!$D$6<0,-(AF29-Uzman_D!$D$6),AF29-Uzman_D!$D$6)*0.1+IF(AG29-Uzman_D!$E$6<0,-(AG29-Uzman_D!$E$6),AG29-Uzman_D!$E$6)*0.1+IF(AH29-Uzman_D!$F$6<0,-(AH29-Uzman_D!$F$6),AH29-Uzman_D!$F$6)*0.1+IF(AI29-Uzman_D!$G$6<0,-(AI29-Uzman_D!$G$6),AI29-Uzman_D!$G$6)*0.1+IF(AJ29-Uzman_D!$H$6<0,-(AJ29-Uzman_D!$H$6),AJ29-Uzman_D!$H$6)*0.1+IF(AK29-Uzman_D!$I$6<0,-(AK29-Uzman_D!$I$6),AK29-Uzman_D!$I$6)*0.1+IF(AL29-Uzman_D!$J$6<0,-(AL29-Uzman_D!$J$6),AL29-Uzman_D!$J$6)*0.1)+IF(ROUND((IF(AN29-Uzman_D!$L$6<0,-(AN29-Uzman_D!$L$6),AN29-Uzman_D!$L$6)*2),0)/2=IF(AN29-Uzman_D!$L$6<0,-(AN29-Uzman_D!$L$6),AN29-Uzman_D!$L$6),(ROUND((IF(AN29-Uzman_D!$L$6<0,-(AN29-Uzman_D!$L$6),AN29-Uzman_D!$L$6)*2),0)/1*0.1),0)+IF(AO29-Uzman_D!$M$6<0,-(AO29-Uzman_D!$M$6),AO29-Uzman_D!$M$6)*1) -> 0.8 | AR29: 1 | AS29: 1 | AT29: 4 | AU29: 2 | BA29: 2 | BB29: 0.3 | BC29: =1-(SUM(IF(AQ29-Uzman_D!$B$7<0,-(AQ29-Uzman_D!$B$7),AQ29-Uzman_D!$B$7)*0.1+IF(AR29-Uzman_D!$C$7<0,-(AR29-Uzman_D!$C$7),AR29-Uzman_D!$C$7)*0.1+IF(AS29-Uzman_D!$D$7<0,-(AS29-Uzman_D!$D$7),AS29-Uzman_D!$D$7)*0.1+IF(AT29-Uzman_D!$E$7<0,-(AT29-Uzman_D!$E$7),AT29-Uzman_D!$E$7)*0.1+IF(AU29-Uzman_D!$F$7<0,-(AU29-Uzman_D!$F$7),AU29-Uzman_D!$F$7)*0.1+IF(AV29-Uzman_D!$G$7<0,-(AV29-Uzman_D!$G$7),AV29-Uzman_D!$G$7)*0.1+IF(AW29-Uzman_D!$H$7<0,-(AW29-Uzman_D!$H$7),AW29-Uzman_D!$H$7)*0.1+IF(AX29-Uzman_D!$I$7<0,-(AX29-Uzman_D!$I$7),AX29-Uzman_D!$I$7)*0.1+IF(AY29-Uzman_D!$J$7<0,-(AY29-Uzman_D!$J$7),AY29-Uzman_D!$J$7)*0.1)+IF(ROUND((IF(BA29-Uzman_D!$L$7<0,-(BA29-Uzman_D!$L$7),BA29-Uzman_D!$L$7)*2),0)/2=IF(BA29-Uzman_D!$L$7<0,-(BA29-Uzman_D!$L$7),BA29-Uzman_D!$L$7),(ROUND((IF(BA29-Uzman_D!$L$7<0,-(BA29-Uzman_D!$L$7),BA29-Uzman_D!$L$7)*2),0)/1*0.1),0)+IF(BB29-Uzman_D!$M$7<0,-(BB29-Uzman_D!$M$7),BB29-Uzman_D!$M$7)*1) -> 0.6 | BF29: 1 | BG29: 5 | BH29: 2 | BN29: 2 | BO29: 0.7 | BP29: =1-(SUM(IF(BD29-Uzman_D!$B$8<0,-(BD29-Uzman_D!$B$8),BD29-Uzman_D!$B$8)*0.1+IF(BE29-Uzman_D!$C$8<0,-(BE29-Uzman_D!$C$8),BE29-Uzman_D!$C$8)*0.1+IF(BF29-Uzman_D!$D$8<0,-(BF29-Uzman_D!$D$8),BF29-Uzman_D!$D$8)*0.1+IF(BG29-Uzman_D!$E$8<0,-(BG29-Uzman_D!$E$8),BG29-Uzman_D!$E$8)*0.1+IF(BH29-Uzman_D!$F$8<0,-(BH29-Uzman_D!$F$8),BH29-Uzman_D!$F$8)*0.1+IF(BI29-Uzman_D!$G$8<0,-(BI29-Uzman_D!$G$8),BI29-Uzman_D!$G$8)*0.1+IF(BJ29-Uzman_D!$H$8<0,-(BJ29-Uzman_D!$H$8),BJ29-Uzman_D!$H$8)*0.1+IF(BK29-Uzman_D!$I$8<0,-(BK29-Uzman_D!$I$8),BK29-Uzman_D!$I$8)*0.1+IF(BL29-Uzman_D!$J$8<0,-(BL29-Uzman_D!$J$8),BL29-Uzman_D!$J$8)*0.1)+IF(ROUND((IF(BN29-Uzman_D!$L$8<0,-(BN29-Uzman_D!$L$8),BN29-Uzman_D!$L$8)*2),0)/2=IF(BN29-Uzman_D!$L$8<0,-(BN29-Uzman_D!$L$8),BN29-Uzman_D!$L$8),(ROUND((IF(BN29-Uzman_D!$L$8<0,-(BN29-Uzman_D!$L$8),BN29-Uzman_D!$L$8)*2),0)/1*0.1),0)+IF(BO29-Uzman_D!$M$8<0,-(BO29-Uzman_D!$M$8),BO29-Uzman_D!$M$8)*1) -> 0.5 | BQ29: =(P29+AC29+AP29+BC29+BP29)/5 -> 0.58
A30: 27 | B30: =Hakemler!B30 -> KATRANCI | C30: =Hakemler!C30 -> AYŞEN | D30: 3 | E30: 3 | F30: 2 | G30: 1 | N30: 2 | O30: 0 | P30: =1-(SUM(IF(D30-Uzman_D!$B$4<0,-(D30-Uzman_D!$B$4),D30-Uzman_D!$B$4)*0.1+IF(E30-Uzman_D!$C$4<0,-(E30-Uzman_D!$C$4),E30-Uzman_D!$C$4)*0.1+IF(F30-Uzman_D!$D$4<0,-(F30-Uzman_D!$D$4),F30-Uzman_D!$D$4)*0.1+IF(G30-Uzman_D!$E$4<0,-(G30-Uzman_D!$E$4),G30-Uzman_D!$E$4)*0.1+IF(H30-Uzman_D!$F$4<0,-(H30-Uzman_D!$F$4),H30-Uzman_D!$F$4)*0.1+IF(I30-Uzman_D!$G$4<0,-(I30-Uzman_D!$G$4),I30-Uzman_D!$G$4)*0.1+IF(J30-Uzman_D!$H$4<0,-(J30-Uzman_D!$H$4),J30-Uzman_D!$H$4)*0.1+IF(K30-Uzman_D!$I$4<0,-(K30-Uzman_D!$I$4),K30-Uzman_D!$I$4)*0.1+IF(L30-Uzman_D!$J$4<0,-(L30-Uzman_D!$J$4),L30-Uzman_D!$J$4)*0.1)+IF(ROUND((IF(N30-Uzman_D!$L$4<0,-(N30-Uzman_D!$L$4),N30-Uzman_D!$L$4)*2),0)/2=IF(N30-Uzman_D!$L$4<0,-(N30-Uzman_D!$L$4),N30-Uzman_D!$L$4),(ROUND((IF(N30-Uzman_D!$L$4<0,-(N30-Uzman_D!$L$4),N30-Uzman_D!$L$4)*2),0)/1*0.1),0)+IF(O30-Uzman_D!$M$4<0,-(O30-Uzman_D!$M$4),O30-Uzman_D!$M$4)*1) -> 0.7 | R30: 4 | T30: 4 | AA30: 2 | AB30: 0.1 | AC30: =1-(SUM(IF(Q30-Uzman_D!$B$5<0,-(Q30-Uzman_D!$B$5),Q30-Uzman_D!$B$5)*0.1+IF(R30-Uzman_D!$C$5<0,-(R30-Uzman_D!$C$5),R30-Uzman_D!$C$5)*0.1+IF(S30-Uzman_D!$D$5<0,-(S30-Uzman_D!$D$5),S30-Uzman_D!$D$5)*0.1+IF(T30-Uzman_D!$E$5<0,-(T30-Uzman_D!$E$5),T30-Uzman_D!$E$5)*0.1+IF(U30-Uzman_D!$F$5<0,-(U30-Uzman_D!$F$5),U30-Uzman_D!$F$5)*0.1+IF(V30-Uzman_D!$G$5<0,-(V30-Uzman_D!$G$5),V30-Uzman_D!$G$5)*0.1+IF(W30-Uzman_D!$H$5<0,-(W30-Uzman_D!$H$5),W30-Uzman_D!$H$5)*0.1+IF(X30-Uzman_D!$I$5<0,-(X30-Uzman_D!$I$5),X30-Uzman_D!$I$5)*0.1+IF(Y30-Uzman_D!$J$5<0,-(Y30-Uzman_D!$J$5),Y30-Uzman_D!$J$5)*0.1)+IF(ROUND((IF(AA30-Uzman_D!$L$5<0,-(AA30-Uzman_D!$L$5),AA30-Uzman_D!$L$5)*2),0)/2=IF(AA30-Uzman_D!$L$5<0,-(AA30-Uzman_D!$L$5),AA30-Uzman_D!$L$5),(ROUND((IF(AA30-Uzman_D!$L$5<0,-(AA30-Uzman_D!$L$5),AA30-Uzman_D!$L$5)*2),0)/1*0.1),0)+IF(AB30-Uzman_D!$M$5<0,-(AB30-Uzman_D!$M$5),AB30-Uzman_D!$M$5)*1) -> 0.7 | AD30: 1 | AE30: 3 | AF30: 3 | AG30: 1 | AN30: 2 | AO30: 0 | AP30: =1-(SUM(IF(AD30-Uzman_D!$B$6<0,-(AD30-Uzman_D!$B$6),AD30-Uzman_D!$B$6)*0.1+IF(AE30-Uzman_D!$C$6<0,-(AE30-Uzman_D!$C$6),AE30-Uzman_D!$C$6)*0.1+IF(AF30-Uzman_D!$D$6<0,-(AF30-Uzman_D!$D$6),AF30-Uzman_D!$D$6)*0.1+IF(AG30-Uzman_D!$E$6<0,-(AG30-Uzman_D!$E$6),AG30-Uzman_D!$E$6)*0.1+IF(AH30-Uzman_D!$F$6<0,-(AH30-Uzman_D!$F$6),AH30-Uzman_D!$F$6)*0.1+IF(AI30-Uzman_D!$G$6<0,-(AI30-Uzman_D!$G$6),AI30-Uzman_D!$G$6)*0.1+IF(AJ30-Uzman_D!$H$6<0,-(AJ30-Uzman_D!$H$6),AJ30-Uzman_D!$H$6)*0.1+IF(AK30-Uzman_D!$I$6<0,-(AK30-Uzman_D!$I$6),AK30-Uzman_D!$I$6)*0.1+IF(AL30-Uzman_D!$J$6<0,-(AL30-Uzman_D!$J$6),AL30-Uzman_D!$J$6)*0.1)+IF(ROUND((IF(AN30-Uzman_D!$L$6<0,-(AN30-Uzman_D!$L$6),AN30-Uzman_D!$L$6)*2),0)/2=IF(AN30-Uzman_D!$L$6<0,-(AN30-Uzman_D!$L$6),AN30-Uzman_D!$L$6),(ROUND((IF(AN30-Uzman_D!$L$6<0,-(AN30-Uzman_D!$L$6),AN30-Uzman_D!$L$6)*2),0)/1*0.1),0)+IF(AO30-Uzman_D!$M$6<0,-(AO30-Uzman_D!$M$6),AO30-Uzman_D!$M$6)*1) -> 0.7 | AR30: 1 | AS30: 1 | AT30: 4 | AU30: 2 | BA30: 2 | BB30: 0.1 | BC30: =1-(SUM(IF(AQ30-Uzman_D!$B$7<0,-(AQ30-Uzman_D!$B$7),AQ30-Uzman_D!$B$7)*0.1+IF(AR30-Uzman_D!$C$7<0,-(AR30-Uzman_D!$C$7),AR30-Uzman_D!$C$7)*0.1+IF(AS30-Uzman_D!$D$7<0,-(AS30-Uzman_D!$D$7),AS30-Uzman_D!$D$7)*0.1+IF(AT30-Uzman_D!$E$7<0,-(AT30-Uzman_D!$E$7),AT30-Uzman_D!$E$7)*0.1+IF(AU30-Uzman_D!$F$7<0,-(AU30-Uzman_D!$F$7),AU30-Uzman_D!$F$7)*0.1+IF(AV30-Uzman_D!$G$7<0,-(AV30-Uzman_D!$G$7),AV30-Uzman_D!$G$7)*0.1+IF(AW30-Uzman_D!$H$7<0,-(AW30-Uzman_D!$H$7),AW30-Uzman_D!$H$7)*0.1+IF(AX30-Uzman_D!$I$7<0,-(AX30-Uzman_D!$I$7),AX30-Uzman_D!$I$7)*0.1+IF(AY30-Uzman_D!$J$7<0,-(AY30-Uzman_D!$J$7),AY30-Uzman_D!$J$7)*0.1)+IF(ROUND((IF(BA30-Uzman_D!$L$7<0,-(BA30-Uzman_D!$L$7),BA30-Uzman_D!$L$7)*2),0)/2=IF(BA30-Uzman_D!$L$7<0,-(BA30-Uzman_D!$L$7),BA30-Uzman_D!$L$7),(ROUND((IF(BA30-Uzman_D!$L$7<0,-(BA30-Uzman_D!$L$7),BA30-Uzman_D!$L$7)*2),0)/1*0.1),0)+IF(BB30-Uzman_D!$M$7<0,-(BB30-Uzman_D!$M$7),BB30-Uzman_D!$M$7)*1) -> 0.4 | BG30: 0 | BH30: 2 | BN30: 2 | BO30: 0 | BP30: =1-(SUM(IF(BD30-Uzman_D!$B$8<0,-(BD30-Uzman_D!$B$8),BD30-Uzman_D!$B$8)*0.1+IF(BE30-Uzman_D!$C$8<0,-(BE30-Uzman_D!$C$8),BE30-Uzman_D!$C$8)*0.1+IF(BF30-Uzman_D!$D$8<0,-(BF30-Uzman_D!$D$8),BF30-Uzman_D!$D$8)*0.1+IF(BG30-Uzman_D!$E$8<0,-(BG30-Uzman_D!$E$8),BG30-Uzman_D!$E$8)*0.1+IF(BH30-Uzman_D!$F$8<0,-(BH30-Uzman_D!$F$8),BH30-Uzman_D!$F$8)*0.1+IF(BI30-Uzman_D!$G$8<0,-(BI30-Uzman_D!$G$8),BI30-Uzman_D!$G$8)*0.1+IF(BJ30-Uzman_D!$H$8<0,-(BJ30-Uzman_D!$H$8),BJ30-Uzman_D!$H$8)*0.1+IF(BK30-Uzman_D!$I$8<0,-(BK30-Uzman_D!$I$8),BK30-Uzman_D!$I$8)*0.1+IF(BL30-Uzman_D!$J$8<0,-(BL30-Uzman_D!$J$8),BL30-Uzman_D!$J$8)*0.1)+IF(ROUND((IF(BN30-Uzman_D!$L$8<0,-(BN30-Uzman_D!$L$8),BN30-Uzman_D!$L$8)*2),0)/2=IF(BN30-Uzman_D!$L$8<0,-(BN30-Uzman_D!$L$8),BN30-Uzman_D!$L$8),(ROUND((IF(BN30-Uzman_D!$L$8<0,-(BN30-Uzman_D!$L$8),BN30-Uzman_D!$L$8)*2),0)/1*0.1),0)+IF(BO30-Uzman_D!$M$8<0,-(BO30-Uzman_D!$M$8),BO30-Uzman_D!$M$8)*1) -> -0.6 | BQ30: =(P30+AC30+AP30+BC30+BP30)/5 -> 0.38
A31: 28 | B31: =Hakemler!B31 -> GÜRKAN KİRAZ | C31: =Hakemler!C31 -> FULYA | D31: 2 | E31: 3 | G31: 3 | N31: 1.5 | O31: 0 | P31: =1-(SUM(IF(D31-Uzman_D!$B$4<0,-(D31-Uzman_D!$B$4),D31-Uzman_D!$B$4)*0.1+IF(E31-Uzman_D!$C$4<0,-(E31-Uzman_D!$C$4),E31-Uzman_D!$C$4)*0.1+IF(F31-Uzman_D!$D$4<0,-(F31-Uzman_D!$D$4),F31-Uzman_D!$D$4)*0.1+IF(G31-Uzman_D!$E$4<0,-(G31-Uzman_D!$E$4),G31-Uzman_D!$E$4)*0.1+IF(H31-Uzman_D!$F$4<0,-(H31-Uzman_D!$F$4),H31-Uzman_D!$F$4)*0.1+IF(I31-Uzman_D!$G$4<0,-(I31-Uzman_D!$G$4),I31-Uzman_D!$G$4)*0.1+IF(J31-Uzman_D!$H$4<0,-(J31-Uzman_D!$H$4),J31-Uzman_D!$H$4)*0.1+IF(K31-Uzman_D!$I$4<0,-(K31-Uzman_D!$I$4),K31-Uzman_D!$I$4)*0.1+IF(L31-Uzman_D!$J$4<0,-(L31-Uzman_D!$J$4),L31-Uzman_D!$J$4)*0.1)+IF(ROUND((IF(N31-Uzman_D!$L$4<0,-(N31-Uzman_D!$L$4),N31-Uzman_D!$L$4)*2),0)/2=IF(N31-Uzman_D!$L$4<0,-(N31-Uzman_D!$L$4),N31-Uzman_D!$L$4),(ROUND((IF(N31-Uzman_D!$L$4<0,-(N31-Uzman_D!$L$4),N31-Uzman_D!$L$4)*2),0)/1*0.1),0)+IF(O31-Uzman_D!$M$4<0,-(O31-Uzman_D!$M$4),O31-Uzman_D!$M$4)*1) -> 0.3 | R31: 2 | S31: 2 | T31: 4 | AA31: 2 | AB31: 0.1 | AC31: =1-(SUM(IF(Q31-Uzman_D!$B$5<0,-(Q31-Uzman_D!$B$5),Q31-Uzman_D!$B$5)*0.1+IF(R31-Uzman_D!$C$5<0,-(R31-Uzman_D!$C$5),R31-Uzman_D!$C$5)*0.1+IF(S31-Uzman_D!$D$5<0,-(S31-Uzman_D!$D$5),S31-Uzman_D!$D$5)*0.1+IF(T31-Uzman_D!$E$5<0,-(T31-Uzman_D!$E$5),T31-Uzman_D!$E$5)*0.1+IF(U31-Uzman_D!$F$5<0,-(U31-Uzman_D!$F$5),U31-Uzman_D!$F$5)*0.1+IF(V31-Uzman_D!$G$5<0,-(V31-Uzman_D!$G$5),V31-Uzman_D!$G$5)*0.1+IF(W31-Uzman_D!$H$5<0,-(W31-Uzman_D!$H$5),W31-Uzman_D!$H$5)*0.1+IF(X31-Uzman_D!$I$5<0,-(X31-Uzman_D!$I$5),X31-Uzman_D!$I$5)*0.1+IF(Y31-Uzman_D!$J$5<0,-(Y31-Uzman_D!$J$5),Y31-Uzman_D!$J$5)*0.1)+IF(ROUND((IF(AA31-Uzman_D!$L$5<0,-(AA31-Uzman_D!$L$5),AA31-Uzman_D!$L$5)*2),0)/2=IF(AA31-Uzman_D!$L$5<0,-(AA31-Uzman_D!$L$5),AA31-Uzman_D!$L$5),(ROUND((IF(AA31-Uzman_D!$L$5<0,-(AA31-Uzman_D!$L$5),AA31-Uzman_D!$L$5)*2),0)/1*0.1),0)+IF(AB31-Uzman_D!$M$5<0,-(AB31-Uzman_D!$M$5),AB31-Uzman_D!$M$5)*1) -> 0.7 | AD31: 1 | AE31: 1 | AF31: 2 | AG31: 4 | AN31: 1.5 | AO31: 0 | AP31: =1-(SUM(IF(AD31-Uzman_D!$B$6<0,-(AD31-Uzman_D!$B$6),AD31-Uzman_D!$B$6)*0.1+IF(AE31-Uzman_D!$C$6<0,-(AE31-Uzman_D!$C$6),AE31-Uzman_D!$C$6)*0.1+IF(AF31-Uzman_D!$D$6<0,-(AF31-Uzman_D!$D$6),AF31-Uzman_D!$D$6)*0.1+IF(AG31-Uzman_D!$E$6<0,-(AG31-Uzman_D!$E$6),AG31-Uzman_D!$E$6)*0.1+IF(AH31-Uzman_D!$F$6<0,-(AH31-Uzman_D!$F$6),AH31-Uzman_D!$F$6)*0.1+IF(AI31-Uzman_D!$G$6<0,-(AI31-Uzman_D!$G$6),AI31-Uzman_D!$G$6)*0.1+IF(AJ31-Uzman_D!$H$6<0,-(AJ31-Uzman_D!$H$6),AJ31-Uzman_D!$H$6)*0.1+IF(AK31-Uzman_D!$I$6<0,-(AK31-Uzman_D!$I$6),AK31-Uzman_D!$I$6)*0.1+IF(AL31-Uzman_D!$J$6<0,-(AL31-Uzman_D!$J$6),AL31-Uzman_D!$J$6)*0.1)+IF(ROUND((IF(AN31-Uzman_D!$L$6<0,-(AN31-Uzman_D!$L$6),AN31-Uzman_D!$L$6)*2),0)/2=IF(AN31-Uzman_D!$L$6<0,-(AN31-Uzman_D!$L$6),AN31-Uzman_D!$L$6),(ROUND((IF(AN31-Uzman_D!$L$6<0,-(AN31-Uzman_D!$L$6),AN31-Uzman_D!$L$6)*2),0)/1*0.1),0)+IF(AO31-Uzman_D!$M$6<0,-(AO31-Uzman_D!$M$6),AO31-Uzman_D!$M$6)*1) -> 0.2 | AT31: 7 | AU31: 1 | BA31: 2 | BB31: 0.3 | BC31: =1-(SUM(IF(AQ31-Uzman_D!$B$7<0,-(AQ31-Uzman_D!$B$7),AQ31-Uzman_D!$B$7)*0.1+IF(AR31-Uzman_D!$C$7<0,-(AR31-Uzman_D!$C$7),AR31-Uzman_D!$C$7)*0.1+IF(AS31-Uzman_D!$D$7<0,-(AS31-Uzman_D!$D$7),AS31-Uzman_D!$D$7)*0.1+IF(AT31-Uzman_D!$E$7<0,-(AT31-Uzman_D!$E$7),AT31-Uzman_D!$E$7)*0.1+IF(AU31-Uzman_D!$F$7<0,-(AU31-Uzman_D!$F$7),AU31-Uzman_D!$F$7)*0.1+IF(AV31-Uzman_D!$G$7<0,-(AV31-Uzman_D!$G$7),AV31-Uzman_D!$G$7)*0.1+IF(AW31-Uzman_D!$H$7<0,-(AW31-Uzman_D!$H$7),AW31-Uzman_D!$H$7)*0.1+IF(AX31-Uzman_D!$I$7<0,-(AX31-Uzman_D!$I$7),AX31-Uzman_D!$I$7)*0.1+IF(AY31-Uzman_D!$J$7<0,-(AY31-Uzman_D!$J$7),AY31-Uzman_D!$J$7)*0.1)+IF(ROUND((IF(BA31-Uzman_D!$L$7<0,-(BA31-Uzman_D!$L$7),BA31-Uzman_D!$L$7)*2),0)/2=IF(BA31-Uzman_D!$L$7<0,-(BA31-Uzman_D!$L$7),BA31-Uzman_D!$L$7),(ROUND((IF(BA31-Uzman_D!$L$7<0,-(BA31-Uzman_D!$L$7),BA31-Uzman_D!$L$7)*2),0)/1*0.1),0)+IF(BB31-Uzman_D!$M$7<0,-(BB31-Uzman_D!$M$7),BB31-Uzman_D!$M$7)*1) -> 0.2 | BF31: 1 | BG31: 7 | BN31: 2 | BO31: 0.4 | BP31: =1-(SUM(IF(BD31-Uzman_D!$B$8<0,-(BD31-Uzman_D!$B$8),BD31-Uzman_D!$B$8)*0.1+IF(BE31-Uzman_D!$C$8<0,-(BE31-Uzman_D!$C$8),BE31-Uzman_D!$C$8)*0.1+IF(BF31-Uzman_D!$D$8<0,-(BF31-Uzman_D!$D$8),BF31-Uzman_D!$D$8)*0.1+IF(BG31-Uzman_D!$E$8<0,-(BG31-Uzman_D!$E$8),BG31-Uzman_D!$E$8)*0.1+IF(BH31-Uzman_D!$F$8<0,-(BH31-Uzman_D!$F$8),BH31-Uzman_D!$F$8)*0.1+IF(BI31-Uzman_D!$G$8<0,-(BI31-Uzman_D!$G$8),BI31-Uzman_D!$G$8)*0.1+IF(BJ31-Uzman_D!$H$8<0,-(BJ31-Uzman_D!$H$8),BJ31-Uzman_D!$H$8)*0.1+IF(BK31-Uzman_D!$I$8<0,-(BK31-Uzman_D!$I$8),BK31-Uzman_D!$I$8)*0.1+IF(BL31-Uzman_D!$J$8<0,-(BL31-Uzman_D!$J$8),BL31-Uzman_D!$J$8)*0.1)+IF(ROUND((IF(BN31-Uzman_D!$L$8<0,-(BN31-Uzman_D!$L$8),BN31-Uzman_D!$L$8)*2),0)/2=IF(BN31-Uzman_D!$L$8<0,-(BN31-Uzman_D!$L$8),BN31-Uzman_D!$L$8),(ROUND((IF(BN31-Uzman_D!$L$8<0,-(BN31-Uzman_D!$L$8),BN31-Uzman_D!$L$8)*2),0)/1*0.1),0)+IF(BO31-Uzman_D!$M$8<0,-(BO31-Uzman_D!$M$8),BO31-Uzman_D!$M$8)*1) -> 0.2 | BQ31: =(P31+AC31+AP31+BC31+BP31)/5 -> 0.32
A32: 29 | B32: =Hakemler!B32 -> KILIÇ | C32: =Hakemler!C32 -> AYŞE | D32: 1 | E32: 4 | F32: 1 | G32: 1 | N32: 1 | O32: 0 | P32: =1-(SUM(IF(D32-Uzman_D!$B$4<0,-(D32-Uzman_D!$B$4),D32-Uzman_D!$B$4)*0.1+IF(E32-Uzman_D!$C$4<0,-(E32-Uzman_D!$C$4),E32-Uzman_D!$C$4)*0.1+IF(F32-Uzman_D!$D$4<0,-(F32-Uzman_D!$D$4),F32-Uzman_D!$D$4)*0.1+IF(G32-Uzman_D!$E$4<0,-(G32-Uzman_D!$E$4),G32-Uzman_D!$E$4)*0.1+IF(H32-Uzman_D!$F$4<0,-(H32-Uzman_D!$F$4),H32-Uzman_D!$F$4)*0.1+IF(I32-Uzman_D!$G$4<0,-(I32-Uzman_D!$G$4),I32-Uzman_D!$G$4)*0.1+IF(J32-Uzman_D!$H$4<0,-(J32-Uzman_D!$H$4),J32-Uzman_D!$H$4)*0.1+IF(K32-Uzman_D!$I$4<0,-(K32-Uzman_D!$I$4),K32-Uzman_D!$I$4)*0.1+IF(L32-Uzman_D!$J$4<0,-(L32-Uzman_D!$J$4),L32-Uzman_D!$J$4)*0.1)+IF(ROUND((IF(N32-Uzman_D!$L$4<0,-(N32-Uzman_D!$L$4),N32-Uzman_D!$L$4)*2),0)/2=IF(N32-Uzman_D!$L$4<0,-(N32-Uzman_D!$L$4),N32-Uzman_D!$L$4),(ROUND((IF(N32-Uzman_D!$L$4<0,-(N32-Uzman_D!$L$4),N32-Uzman_D!$L$4)*2),0)/1*0.1),0)+IF(O32-Uzman_D!$M$4<0,-(O32-Uzman_D!$M$4),O32-Uzman_D!$M$4)*1) -> 0.7 | R32: 4 | S32: 2 | T32: 2 | AA32: 2 | AB32: 0 | AC32: =1-(SUM(IF(Q32-Uzman_D!$B$5<0,-(Q32-Uzman_D!$B$5),Q32-Uzman_D!$B$5)*0.1+IF(R32-Uzman_D!$C$5<0,-(R32-Uzman_D!$C$5),R32-Uzman_D!$C$5)*0.1+IF(S32-Uzman_D!$D$5<0,-(S32-Uzman_D!$D$5),S32-Uzman_D!$D$5)*0.1+IF(T32-Uzman_D!$E$5<0,-(T32-Uzman_D!$E$5),T32-Uzman_D!$E$5)*0.1+IF(U32-Uzman_D!$F$5<0,-(U32-Uzman_D!$F$5),U32-Uzman_D!$F$5)*0.1+IF(V32-Uzman_D!$G$5<0,-(V32-Uzman_D!$G$5),V32-Uzman_D!$G$5)*0.1+IF(W32-Uzman_D!$H$5<0,-(W32-Uzman_D!$H$5),W32-Uzman_D!$H$5)*0.1+IF(X32-Uzman_D!$I$5<0,-(X32-Uzman_D!$I$5),X32-Uzman_D!$I$5)*0.1+IF(Y32-Uzman_D!$J$5<0,-(Y32-Uzman_D!$J$5),Y32-Uzman_D!$J$5)*0.1)+IF(ROUND((IF(AA32-Uzman_D!$L$5<0,-(AA32-Uzman_D!$L$5),AA32-Uzman_D!$L$5)*2),0)/2=IF(AA32-Uzman_D!$L$5<0,-(AA32-Uzman_D!$L$5),AA32-Uzman_D!$L$5),(ROUND((IF(AA32-Uzman_D!$L$5<0,-(AA32-Uzman_D!$L$5),AA32-Uzman_D!$L$5)*2),0)/1*0.1),0)+IF(AB32-Uzman_D!$M$5<0,-(AB32-Uzman_D!$M$5),AB32-Uzman_D!$M$5)*1) -> 0.4 | AE32: 2 | AF32: 3 | AG32: 3 | AN32: 1.5 | AO32: 0.1 | AP32: =1-(SUM(IF(AD32-Uzman_D!$B$6<0,-(AD32-Uzman_D!$B$6),AD32-Uzman_D!$B$6)*0.1+IF(AE32-Uzman_D!$C$6<0,-(AE32-Uzman_D!$C$6),AE32-Uzman_D!$C$6)*0.1+IF(AF32-Uzman_D!$D$6<0,-(AF32-Uzman_D!$D$6),AF32-Uzman_D!$D$6)*0.1+IF(AG32-Uzman_D!$E$6<0,-(AG32-Uzman_D!$E$6),AG32-Uzman_D!$E$6)*0.1+IF(AH32-Uzman_D!$F$6<0,-(AH32-Uzman_D!$F$6),AH32-Uzman_D!$F$6)*0.1+IF(AI32-Uzman_D!$G$6<0,-(AI32-Uzman_D!$G$6),AI32-Uzman_D!$G$6)*0.1+IF(AJ32-Uzman_D!$H$6<0,-(AJ32-Uzman_D!$H$6),AJ32-Uzman_D!$H$6)*0.1+IF(AK32-Uzman_D!$I$6<0,-(AK32-Uzman_D!$I$6),AK32-Uzman_D!$I$6)*0.1+IF(AL32-Uzman_D!$J$6<0,-(AL32-Uzman_D!$J$6),AL32-Uzman_D!$J$6)*0.1)+IF(ROUND((IF(AN32-Uzman_D!$L$6<0,-(AN32-Uzman_D!$L$6),AN32-Uzman_D!$L$6)*2),0)/2=IF(AN32-Uzman_D!$L$6<0,-(AN32-Uzman_D!$L$6),AN32-Uzman_D!$L$6),(ROUND((IF(AN32-Uzman_D!$L$6<0,-(AN32-Uzman_D!$L$6),AN32-Uzman_D!$L$6)*2),0)/1*0.1),0)+IF(AO32-Uzman_D!$M$6<0,-(AO32-Uzman_D!$M$6),AO32-Uzman_D!$M$6)*1) -> 0.5 | AS32: 1 | AT32: 6 | AU32: 1 | BA32: 2 | BB32: 0.3 | BC32: =1-(SUM(IF(AQ32-Uzman_D!$B$7<0,-(AQ32-Uzman_D!$B$7),AQ32-Uzman_D!$B$7)*0.1+IF(AR32-Uzman_D!$C$7<0,-(AR32-Uzman_D!$C$7),AR32-Uzman_D!$C$7)*0.1+IF(AS32-Uzman_D!$D$7<0,-(AS32-Uzman_D!$D$7),AS32-Uzman_D!$D$7)*0.1+IF(AT32-Uzman_D!$E$7<0,-(AT32-Uzman_D!$E$7),AT32-Uzman_D!$E$7)*0.1+IF(AU32-Uzman_D!$F$7<0,-(AU32-Uzman_D!$F$7),AU32-Uzman_D!$F$7)*0.1+IF(AV32-Uzman_D!$G$7<0,-(AV32-Uzman_D!$G$7),AV32-Uzman_D!$G$7)*0.1+IF(AW32-Uzman_D!$H$7<0,-(AW32-Uzman_D!$H$7),AW32-Uzman_D!$H$7)*0.1+IF(AX32-Uzman_D!$I$7<0,-(AX32-Uzman_D!$I$7),AX32-Uzman_D!$I$7)*0.1+IF(AY32-Uzman_D!$J$7<0,-(AY32-Uzman_D!$J$7),AY32-Uzman_D!$J$7)*0.1)+IF(ROUND((IF(BA32-Uzman_D!$L$7<0,-(BA32-Uzman_D!$L$7),BA32-Uzman_D!$L$7)*2),0)/2=IF(BA32-Uzman_D!$L$7<0,-(BA32-Uzman_D!$L$7),BA32-Uzman_D!$L$7),(ROUND((IF(BA32-Uzman_D!$L$7<0,-(BA32-Uzman_D!$L$7),BA32-Uzman_D!$L$7)*2),0)/1*0.1),0)+IF(BB32-Uzman_D!$M$7<0,-(BB32-Uzman_D!$M$7),BB32-Uzman_D!$M$7)*1) -> 0.4 | BF32: 1 | BG32: 5 | BH32: 2 | BN32: 2 | BO32: 0.7 | BP32: =1-(SUM(IF(BD32-Uzman_D!$B$8<0,-(BD32-Uzman_D!$B$8),BD32-Uzman_D!$B$8)*0.1+IF(BE32-Uzman_D!$C$8<0,-(BE32-Uzman_D!$C$8),BE32-Uzman_D!$C$8)*0.1+IF(BF32-Uzman_D!$D$8<0,-(BF32-Uzman_D!$D$8),BF32-Uzman_D!$D$8)*0.1+IF(BG32-Uzman_D!$E$8<0,-(BG32-Uzman_D!$E$8),BG32-Uzman_D!$E$8)*0.1+IF(BH32-Uzman_D!$F$8<0,-(BH32-Uzman_D!$F$8),BH32-Uzman_D!$F$8)*0.1+IF(BI32-Uzman_D!$G$8<0,-(BI32-Uzman_D!$G$8),BI32-Uzman_D!$G$8)*0.1+IF(BJ32-Uzman_D!$H$8<0,-(BJ32-Uzman_D!$H$8),BJ32-Uzman_D!$H$8)*0.1+IF(BK32-Uzman_D!$I$8<0,-(BK32-Uzman_D!$I$8),BK32-Uzman_D!$I$8)*0.1+IF(BL32-Uzman_D!$J$8<0,-(BL32-Uzman_D!$J$8),BL32-Uzman_D!$J$8)*0.1)+IF(ROUND((IF(BN32-Uzman_D!$L$8<0,-(BN32-Uzman_D!$L$8),BN32-Uzman_D!$L$8)*2),0)/2=IF(BN32-Uzman_D!$L$8<0,-(BN32-Uzman_D!$L$8),BN32-Uzman_D!$L$8),(ROUND((IF(BN32-Uzman_D!$L$8<0,-(BN32-Uzman_D!$L$8),BN32-Uzman_D!$L$8)*2),0)/1*0.1),0)+IF(BO32-Uzman_D!$M$8<0,-(BO32-Uzman_D!$M$8),BO32-Uzman_D!$M$8)*1) -> 0.5 | BQ32: =(P32+AC32+AP32+BC32+BP32)/5 -> 0.5
A33: 30 | B33: =Hakemler!B33 -> ÖZGENLİK TATAR | C33: =Hakemler!C33 -> ARZU | D33: 1 | E33: 0 | F33: 0 | G33: 0 | N33: 2 | O33: 0 | P33: =1-(SUM(IF(D33-Uzman_D!$B$4<0,-(D33-Uzman_D!$B$4),D33-Uzman_D!$B$4)*0.1+IF(E33-Uzman_D!$C$4<0,-(E33-Uzman_D!$C$4),E33-Uzman_D!$C$4)*0.1+IF(F33-Uzman_D!$D$4<0,-(F33-Uzman_D!$D$4),F33-Uzman_D!$D$4)*0.1+IF(G33-Uzman_D!$E$4<0,-(G33-Uzman_D!$E$4),G33-Uzman_D!$E$4)*0.1+IF(H33-Uzman_D!$F$4<0,-(H33-Uzman_D!$F$4),H33-Uzman_D!$F$4)*0.1+IF(I33-Uzman_D!$G$4<0,-(I33-Uzman_D!$G$4),I33-Uzman_D!$G$4)*0.1+IF(J33-Uzman_D!$H$4<0,-(J33-Uzman_D!$H$4),J33-Uzman_D!$H$4)*0.1+IF(K33-Uzman_D!$I$4<0,-(K33-Uzman_D!$I$4),K33-Uzman_D!$I$4)*0.1+IF(L33-Uzman_D!$J$4<0,-(L33-Uzman_D!$J$4),L33-Uzman_D!$J$4)*0.1)+IF(ROUND((IF(N33-Uzman_D!$L$4<0,-(N33-Uzman_D!$L$4),N33-Uzman_D!$L$4)*2),0)/2=IF(N33-Uzman_D!$L$4<0,-(N33-Uzman_D!$L$4),N33-Uzman_D!$L$4),(ROUND((IF(N33-Uzman_D!$L$4<0,-(N33-Uzman_D!$L$4),N33-Uzman_D!$L$4)*2),0)/1*0.1),0)+IF(O33-Uzman_D!$M$4<0,-(O33-Uzman_D!$M$4),O33-Uzman_D!$M$4)*1) -> 0.3 | R33: 0 | S33: 0 | T33: 0 | AA33: 2 | AB33: 0 | AC33: =1-(SUM(IF(Q33-Uzman_D!$B$5<0,-(Q33-Uzman_D!$B$5),Q33-Uzman_D!$B$5)*0.1+IF(R33-Uzman_D!$C$5<0,-(R33-Uzman_D!$C$5),R33-Uzman_D!$C$5)*0.1+IF(S33-Uzman_D!$D$5<0,-(S33-Uzman_D!$D$5),S33-Uzman_D!$D$5)*0.1+IF(T33-Uzman_D!$E$5<0,-(T33-Uzman_D!$E$5),T33-Uzman_D!$E$5)*0.1+IF(U33-Uzman_D!$F$5<0,-(U33-Uzman_D!$F$5),U33-Uzman_D!$F$5)*0.1+IF(V33-Uzman_D!$G$5<0,-(V33-Uzman_D!$G$5),V33-Uzman_D!$G$5)*0.1+IF(W33-Uzman_D!$H$5<0,-(W33-Uzman_D!$H$5),W33-Uzman_D!$H$5)*0.1+IF(X33-Uzman_D!$I$5<0,-(X33-Uzman_D!$I$5),X33-Uzman_D!$I$5)*0.1+IF(Y33-Uzman_D!$J$5<0,-(Y33-Uzman_D!$J$5),Y33-Uzman_D!$J$5)*0.1)+IF(ROUND((IF(AA33-Uzman_D!$L$5<0,-(AA33-Uzman_D!$L$5),AA33-Uzman_D!$L$5)*2),0)/2=IF(AA33-Uzman_D!$L$5<0,-(AA33-Uzman_D!$L$5),AA33-Uzman_D!$L$5),(ROUND((IF(AA33-Uzman_D!$L$5<0,-(AA33-Uzman_D!$L$5),AA33-Uzman_D!$L$5)*2),0)/1*0.1),0)+IF(AB33-Uzman_D!$M$5<0,-(AB33-Uzman_D!$M$5),AB33-Uzman_D!$M$5)*1) -> 0 | AE33: 1 | AF33: 0 | AG33: 0 | AN33: 1.5 | AO33: 0 | AP33: =1-(SUM(IF(AD33-Uzman_D!$B$6<0,-(AD33-Uzman_D!$B$6),AD33-Uzman_D!$B$6)*0.1+IF(AE33-Uzman_D!$C$6<0,-(AE33-Uzman_D!$C$6),AE33-Uzman_D!$C$6)*0.1+IF(AF33-Uzman_D!$D$6<0,-(AF33-Uzman_D!$D$6),AF33-Uzman_D!$D$6)*0.1+IF(AG33-Uzman_D!$E$6<0,-(AG33-Uzman_D!$E$6),AG33-Uzman_D!$E$6)*0.1+IF(AH33-Uzman_D!$F$6<0,-(AH33-Uzman_D!$F$6),AH33-Uzman_D!$F$6)*0.1+IF(AI33-Uzman_D!$G$6<0,-(AI33-Uzman_D!$G$6),AI33-Uzman_D!$G$6)*0.1+IF(AJ33-Uzman_D!$H$6<0,-(AJ33-Uzman_D!$H$6),AJ33-Uzman_D!$H$6)*0.1+IF(AK33-Uzman_D!$I$6<0,-(AK33-Uzman_D!$I$6),AK33-Uzman_D!$I$6)*0.1+IF(AL33-Uzman_D!$J$6<0,-(AL33-Uzman_D!$J$6),AL33-Uzman_D!$J$6)*0.1)+IF(ROUND((IF(AN33-Uzman_D!$L$6<0,-(AN33-Uzman_D!$L$6),AN33-Uzman_D!$L$6)*2),0)/2=IF(AN33-Uzman_D!$L$6<0,-(AN33-Uzman_D!$L$6),AN33-Uzman_D!$L$6),(ROUND((IF(AN33-Uzman_D!$L$6<0,-(AN33-Uzman_D!$L$6),AN33-Uzman_D!$L$6)*2),0)/1*0.1),0)+IF(AO33-Uzman_D!$M$6<0,-(AO33-Uzman_D!$M$6),AO33-Uzman_D!$M$6)*1) -> 0.3 | AS33: 1 | AT33: 0 | AU33: 0 | BA33: 2 | BB33: 0.1 | BC33: =1-(SUM(IF(AQ33-Uzman_D!$B$7<0,-(AQ33-Uzman_D!$B$7),AQ33-Uzman_D!$B$7)*0.1+IF(AR33-Uzman_D!$C$7<0,-(AR33-Uzman_D!$C$7),AR33-Uzman_D!$C$7)*0.1+IF(AS33-Uzman_D!$D$7<0,-(AS33-Uzman_D!$D$7),AS33-Uzman_D!$D$7)*0.1+IF(AT33-Uzman_D!$E$7<0,-(AT33-Uzman_D!$E$7),AT33-Uzman_D!$E$7)*0.1+IF(AU33-Uzman_D!$F$7<0,-(AU33-Uzman_D!$F$7),AU33-Uzman_D!$F$7)*0.1+IF(AV33-Uzman_D!$G$7<0,-(AV33-Uzman_D!$G$7),AV33-Uzman_D!$G$7)*0.1+IF(AW33-Uzman_D!$H$7<0,-(AW33-Uzman_D!$H$7),AW33-Uzman_D!$H$7)*0.1+IF(AX33-Uzman_D!$I$7<0,-(AX33-Uzman_D!$I$7),AX33-Uzman_D!$I$7)*0.1+IF(AY33-Uzman_D!$J$7<0,-(AY33-Uzman_D!$J$7),AY33-Uzman_D!$J$7)*0.1)+IF(ROUND((IF(BA33-Uzman_D!$L$7<0,-(BA33-Uzman_D!$L$7),BA33-Uzman_D!$L$7)*2),0)/2=IF(BA33-Uzman_D!$L$7<0,-(BA33-Uzman_D!$L$7),BA33-Uzman_D!$L$7),(ROUND((IF(BA33-Uzman_D!$L$7<0,-(BA33-Uzman_D!$L$7),BA33-Uzman_D!$L$7)*2),0)/1*0.1),0)+IF(BB33-Uzman_D!$M$7<0,-(BB33-Uzman_D!$M$7),BB33-Uzman_D!$M$7)*1) -> -0.1 | BF33: 0 | BG33: 0 | BH33: 1 | BN33: 2 | BO33: 0.1 | BP33: =1-(SUM(IF(BD33-Uzman_D!$B$8<0,-(BD33-Uzman_D!$B$8),BD33-Uzman_D!$B$8)*0.1+IF(BE33-Uzman_D!$C$8<0,-(BE33-Uzman_D!$C$8),BE33-Uzman_D!$C$8)*0.1+IF(BF33-Uzman_D!$D$8<0,-(BF33-Uzman_D!$D$8),BF33-Uzman_D!$D$8)*0.1+IF(BG33-Uzman_D!$E$8<0,-(BG33-Uzman_D!$E$8),BG33-Uzman_D!$E$8)*0.1+IF(BH33-Uzman_D!$F$8<0,-(BH33-Uzman_D!$F$8),BH33-Uzman_D!$F$8)*0.1+IF(BI33-Uzman_D!$G$8<0,-(BI33-Uzman_D!$G$8),BI33-Uzman_D!$G$8)*0.1+IF(BJ33-Uzman_D!$H$8<0,-(BJ33-Uzman_D!$H$8),BJ33-Uzman_D!$H$8)*0.1+IF(BK33-Uzman_D!$I$8<0,-(BK33-Uzman_D!$I$8),BK33-Uzman_D!$I$8)*0.1+IF(BL33-Uzman_D!$J$8<0,-(BL33-Uzman_D!$J$8),BL33-Uzman_D!$J$8)*0.1)+IF(ROUND((IF(BN33-Uzman_D!$L$8<0,-(BN33-Uzman_D!$L$8),BN33-Uzman_D!$L$8)*2),0)/2=IF(BN33-Uzman_D!$L$8<0,-(BN33-Uzman_D!$L$8),BN33-Uzman_D!$L$8),(ROUND((IF(BN33-Uzman_D!$L$8<0,-(BN33-Uzman_D!$L$8),BN33-Uzman_D!$L$8)*2),0)/1*0.1),0)+IF(BO33-Uzman_D!$M$8<0,-(BO33-Uzman_D!$M$8),BO33-Uzman_D!$M$8)*1) -> -0.4 | BQ33: =(P33+AC33+AP33+BC33+BP33)/5 -> 0.02
A34: 31 | B34: =Hakemler!B34 -> KARADENİZ | C34: =Hakemler!C34 -> EMEL | D34: 1 | E34: 2 | F34: 2 | G34: 2 | N34: 1.5 | O34: 0 | P34: =1-(SUM(IF(D34-Uzman_D!$B$4<0,-(D34-Uzman_D!$B$4),D34-Uzman_D!$B$4)*0.1+IF(E34-Uzman_D!$C$4<0,-(E34-Uzman_D!$C$4),E34-Uzman_D!$C$4)*0.1+IF(F34-Uzman_D!$D$4<0,-(F34-Uzman_D!$D$4),F34-Uzman_D!$D$4)*0.1+IF(G34-Uzman_D!$E$4<0,-(G34-Uzman_D!$E$4),G34-Uzman_D!$E$4)*0.1+IF(H34-Uzman_D!$F$4<0,-(H34-Uzman_D!$F$4),H34-Uzman_D!$F$4)*0.1+IF(I34-Uzman_D!$G$4<0,-(I34-Uzman_D!$G$4),I34-Uzman_D!$G$4)*0.1+IF(J34-Uzman_D!$H$4<0,-(J34-Uzman_D!$H$4),J34-Uzman_D!$H$4)*0.1+IF(K34-Uzman_D!$I$4<0,-(K34-Uzman_D!$I$4),K34-Uzman_D!$I$4)*0.1+IF(L34-Uzman_D!$J$4<0,-(L34-Uzman_D!$J$4),L34-Uzman_D!$J$4)*0.1)+IF(ROUND((IF(N34-Uzman_D!$L$4<0,-(N34-Uzman_D!$L$4),N34-Uzman_D!$L$4)*2),0)/2=IF(N34-Uzman_D!$L$4<0,-(N34-Uzman_D!$L$4),N34-Uzman_D!$L$4),(ROUND((IF(N34-Uzman_D!$L$4<0,-(N34-Uzman_D!$L$4),N34-Uzman_D!$L$4)*2),0)/1*0.1),0)+IF(O34-Uzman_D!$M$4<0,-(O34-Uzman_D!$M$4),O34-Uzman_D!$M$4)*1) -> 0.6 | Q34: 1 | R34: 1 | S34: 5 | T34: 1 | AA34: 2 | AB34: 0 | AC34: =1-(SUM(IF(Q34-Uzman_D!$B$5<0,-(Q34-Uzman_D!$B$5),Q34-Uzman_D!$B$5)*0.1+IF(R34-Uzman_D!$C$5<0,-(R34-Uzman_D!$C$5),R34-Uzman_D!$C$5)*0.1+IF(S34-Uzman_D!$D$5<0,-(S34-Uzman_D!$D$5),S34-Uzman_D!$D$5)*0.1+IF(T34-Uzman_D!$E$5<0,-(T34-Uzman_D!$E$5),T34-Uzman_D!$E$5)*0.1+IF(U34-Uzman_D!$F$5<0,-(U34-Uzman_D!$F$5),U34-Uzman_D!$F$5)*0.1+IF(V34-Uzman_D!$G$5<0,-(V34-Uzman_D!$G$5),V34-Uzman_D!$G$5)*0.1+IF(W34-Uzman_D!$H$5<0,-(W34-Uzman_D!$H$5),W34-Uzman_D!$H$5)*0.1+IF(X34-Uzman_D!$I$5<0,-(X34-Uzman_D!$I$5),X34-Uzman_D!$I$5)*0.1+IF(Y34-Uzman_D!$J$5<0,-(Y34-Uzman_D!$J$5),Y34-Uzman_D!$J$5)*0.1)+IF(ROUND((IF(AA34-Uzman_D!$L$5<0,-(AA34-Uzman_D!$L$5),AA34-Uzman_D!$L$5)*2),0)/2=IF(AA34-Uzman_D!$L$5<0,-(AA34-Uzman_D!$L$5),AA34-Uzman_D!$L$5),(ROUND((IF(AA34-Uzman_D!$L$5<0,-(AA34-Uzman_D!$L$5),AA34-Uzman_D!$L$5)*2),0)/1*0.1),0)+IF(AB34-Uzman_D!$M$5<0,-(AB34-Uzman_D!$M$5),AB34-Uzman_D!$M$5)*1) -> -0.2 | AE34: 2 | AF34: 4 | AG34: 2 | AN34: 2 | AO34: 0.1 | AP34: =1-(SUM(IF(AD34-Uzman_D!$B$6<0,-(AD34-Uzman_D!$B$6),AD34-Uzman_D!$B$6)*0.1+IF(AE34-Uzman_D!$C$6<0,-(AE34-Uzman_D!$C$6),AE34-Uzman_D!$C$6)*0.1+IF(AF34-Uzman_D!$D$6<0,-(AF34-Uzman_D!$D$6),AF34-Uzman_D!$D$6)*0.1+IF(AG34-Uzman_D!$E$6<0,-(AG34-Uzman_D!$E$6),AG34-Uzman_D!$E$6)*0.1+IF(AH34-Uzman_D!$F$6<0,-(AH34-Uzman_D!$F$6),AH34-Uzman_D!$F$6)*0.1+IF(AI34-Uzman_D!$G$6<0,-(AI34-Uzman_D!$G$6),AI34-Uzman_D!$G$6)*0.1+IF(AJ34-Uzman_D!$H$6<0,-(AJ34-Uzman_D!$H$6),AJ34-Uzman_D!$H$6)*0.1+IF(AK34-Uzman_D!$I$6<0,-(AK34-Uzman_D!$I$6),AK34-Uzman_D!$I$6)*0.1+IF(AL34-Uzman_D!$J$6<0,-(AL34-Uzman_D!$J$6),AL34-Uzman_D!$J$6)*0.1)+IF(ROUND((IF(AN34-Uzman_D!$L$6<0,-(AN34-Uzman_D!$L$6),AN34-Uzman_D!$L$6)*2),0)/2=IF(AN34-Uzman_D!$L$6<0,-(AN34-Uzman_D!$L$6),AN34-Uzman_D!$L$6),(ROUND((IF(AN34-Uzman_D!$L$6<0,-(AN34-Uzman_D!$L$6),AN34-Uzman_D!$L$6)*2),0)/1*0.1),0)+IF(AO34-Uzman_D!$M$6<0,-(AO34-Uzman_D!$M$6),AO34-Uzman_D!$M$6)*1) -> 0.6 | AS34: 2 | AT34: 4 | AU34: 2 | BA34: 2 | BB34: 0.6 | BC34: =1-(SUM(IF(AQ34-Uzman_D!$B$7<0,-(AQ34-Uzman_D!$B$7),AQ34-Uzman_D!$B$7)*0.1+IF(AR34-Uzman_D!$C$7<0,-(AR34-Uzman_D!$C$7),AR34-Uzman_D!$C$7)*0.1+IF(AS34-Uzman_D!$D$7<0,-(AS34-Uzman_D!$D$7),AS34-Uzman_D!$D$7)*0.1+IF(AT34-Uzman_D!$E$7<0,-(AT34-Uzman_D!$E$7),AT34-Uzman_D!$E$7)*0.1+IF(AU34-Uzman_D!$F$7<0,-(AU34-Uzman_D!$F$7),AU34-Uzman_D!$F$7)*0.1+IF(AV34-Uzman_D!$G$7<0,-(AV34-Uzman_D!$G$7),AV34-Uzman_D!$G$7)*0.1+IF(AW34-Uzman_D!$H$7<0,-(AW34-Uzman_D!$H$7),AW34-Uzman_D!$H$7)*0.1+IF(AX34-Uzman_D!$I$7<0,-(AX34-Uzman_D!$I$7),AX34-Uzman_D!$I$7)*0.1+IF(AY34-Uzman_D!$J$7<0,-(AY34-Uzman_D!$J$7),AY34-Uzman_D!$J$7)*0.1)+IF(ROUND((IF(BA34-Uzman_D!$L$7<0,-(BA34-Uzman_D!$L$7),BA34-Uzman_D!$L$7)*2),0)/2=IF(BA34-Uzman_D!$L$7<0,-(BA34-Uzman_D!$L$7),BA34-Uzman_D!$L$7),(ROUND((IF(BA34-Uzman_D!$L$7<0,-(BA34-Uzman_D!$L$7),BA34-Uzman_D!$L$7)*2),0)/1*0.1),0)+IF(BB34-Uzman_D!$M$7<0,-(BB34-Uzman_D!$M$7),BB34-Uzman_D!$M$7)*1) -> 0.7 | BF34: 2 | BG34: 5 | BH34: 1 | BN34: 2 | BO34: 0.3 | BP34: =1-(SUM(IF(BD34-Uzman_D!$B$8<0,-(BD34-Uzman_D!$B$8),BD34-Uzman_D!$B$8)*0.1+IF(BE34-Uzman_D!$C$8<0,-(BE34-Uzman_D!$C$8),BE34-Uzman_D!$C$8)*0.1+IF(BF34-Uzman_D!$D$8<0,-(BF34-Uzman_D!$D$8),BF34-Uzman_D!$D$8)*0.1+IF(BG34-Uzman_D!$E$8<0,-(BG34-Uzman_D!$E$8),BG34-Uzman_D!$E$8)*0.1+IF(BH34-Uzman_D!$F$8<0,-(BH34-Uzman_D!$F$8),BH34-Uzman_D!$F$8)*0.1+IF(BI34-Uzman_D!$G$8<0,-(BI34-Uzman_D!$G$8),BI34-Uzman_D!$G$8)*0.1+IF(BJ34-Uzman_D!$H$8<0,-(BJ34-Uzman_D!$H$8),BJ34-Uzman_D!$H$8)*0.1+IF(BK34-Uzman_D!$I$8<0,-(BK34-Uzman_D!$I$8),BK34-Uzman_D!$I$8)*0.1+IF(BL34-Uzman_D!$J$8<0,-(BL34-Uzman_D!$J$8),BL34-Uzman_D!$J$8)*0.1)+IF(ROUND((IF(BN34-Uzman_D!$L$8<0,-(BN34-Uzman_D!$L$8),BN34-Uzman_D!$L$8)*2),0)/2=IF(BN34-Uzman_D!$L$8<0,-(BN34-Uzman_D!$L$8),BN34-Uzman_D!$L$8),(ROUND((IF(BN34-Uzman_D!$L$8<0,-(BN34-Uzman_D!$L$8),BN34-Uzman_D!$L$8)*2),0)/1*0.1),0)+IF(BO34-Uzman_D!$M$8<0,-(BO34-Uzman_D!$M$8),BO34-Uzman_D!$M$8)*1) -> 0.1 | BQ34: =(P34+AC34+AP34+BC34+BP34)/5 -> 0.36
